stn;time;gre000m0;hto000m0;nto000m0;prestam0;rre150m0;ure200m0;sre000m0;tre200m0;tre200mn;tre200mx
SAE;186401;-;-;-;-;-;-;-;-9.4;-;-
SAE;186402;-;-;-;-;-;-;-;-9.9;-;-
SAE;186403;-;-;-;-;-;-;-;-6.7;-;-
SAE;186404;-;-;-;-;-;-;-;-6.0;-;-
SAE;186405;-;-;-;-;-;-;-;-0.8;-;-
SAE;186406;-;-;-;-;-;-;-;1.5;-;-
SAE;186407;-;-;-;-;-;-;-;4.6;-;-
SAE;186408;-;-;-;-;-;-;-;3.7;-;-
SAE;186409;-;-;-;-;-;-;-;2.3;-;-
SAE;186410;-;-;-;-;-;-;-;-2.2;-;-
SAE;186411;-;-;-;-;-;-;-;-6.5;-;-
SAE;186412;-;-;-;-;-;-;-;-7.0;-;-
SAE;186501;-;-;-;-;-;-;-;-9.2;-;-
SAE;186502;-;-;-;-;-;-;-;-12.6;-;-
SAE;186503;-;-;-;-;-;-;-;-13.7;-;-
SAE;186504;-;-;-;-;-;-;-;0.5;-;-
SAE;186505;-;-;-;-;-;-;-;3.4;-;-
SAE;186506;-;-;-;-;-;-;-;2.4;-;-
SAE;186507;-;-;-;-;-;-;-;6.7;-;-
SAE;186508;-;-;-;-;-;-;-;4.2;-;-
SAE;186509;-;-;-;-;-;-;-;6.7;-;-
SAE;186510;-;-;-;-;-;-;-;-1.0;-;-
SAE;186511;-;-;-;-;-;-;-;-4.0;-;-
SAE;186512;-;-;-;-;-;-;-;-5.3;-;-
SAE;186601;-;-;-;-;-;-;-;-6.1;-;-
SAE;186602;-;-;-;-;-;-;-;-7.2;-;-
SAE;186603;-;-;-;-;-;-;-;-8.2;-;-
SAE;186604;-;-;-;-;-;-;-;-2.9;-;-
SAE;186605;-;-;-;-;-;-;-;-3.3;-;-
SAE;186606;-;-;-;-;-;-;-;4.4;-;-
SAE;186607;-;-;-;-;-;-;-;4.6;-;-
SAE;186608;-;-;-;-;-;-;-;2.5;-;-
SAE;186609;-;-;-;-;-;-;-;3.6;-;-
SAE;186610;-;-;-;-;-;-;-;0.2;-;-
SAE;186611;-;-;-;-;-;-;-;-6.9;-;-
SAE;186612;-;-;-;-;-;-;-;-4.7;-;-
SAE;186701;-;-;-;-;-;-;-;-9.3;-;-
SAE;186702;-;-;-;-;-;-;-;-5.9;-;-
SAE;186703;-;-;-;-;-;-;-;-6.9;-;-
SAE;186704;-;-;-;-;-;-;-;-4.6;-;-
SAE;186705;-;-;-;-;-;-;-;0.2;-;-
SAE;186706;-;-;-;-;-;-;-;2.7;-;-
SAE;186707;-;-;-;-;-;-;-;3.7;-;-
SAE;186708;-;-;-;-;-;-;-;6.4;-;-
SAE;186709;-;-;-;-;-;-;-;4.2;-;-
SAE;186710;-;-;-;-;-;-;-;-2.9;-;-
SAE;186711;-;-;-;-;-;-;-;-6.9;-;-
SAE;186712;-;-;-;-;-;-;-;-11.7;-;-
SAE;186801;-;-;-;-;-;-;-;-9.9;-;-
SAE;186802;-;-;-;-;-;-;-;-7.1;-;-
SAE;186803;-;-;-;-;-;-;-;-9.9;-;-
SAE;186804;-;-;-;-;-;-;-;-5.2;-;-
SAE;186805;-;-;-;-;-;-;-;5.3;-;-
SAE;186806;-;-;-;-;-;-;-;4.2;-;-
SAE;186807;-;-;-;-;-;-;-;5.8;-;-
SAE;186808;-;-;-;-;-;-;-;5.6;-;-
SAE;186809;-;-;-;-;-;-;-;4.9;-;-
SAE;186810;-;-;-;-;-;-;-;-1.9;-;-
SAE;186811;-;-;-;-;-;-;-;-6.8;-;-
SAE;186812;-;-;-;-;-;-;-;-4.2;-;-
SAE;186901;-;-;-;-;-;-;-;-8.9;-;-
SAE;186902;-;-;-;-;-;-;-;-4.2;-;-
SAE;186903;-;-;-;-;-;-;-;-12.0;-;-
SAE;186904;-;-;-;-;-;-;-;-3.1;-;-
SAE;186905;-;-;-;-;-;-;-;0.9;-;-
SAE;186906;-;-;-;-;-;-;-;0.2;-;-
SAE;186907;-;-;-;-;-;-;-;7.4;-;-
SAE;186908;-;-;-;-;-;-;-;3.5;-;-
SAE;186909;-;-;-;-;-;-;-;4.7;-;-
SAE;186910;-;-;-;-;-;-;-;-4.5;-;-
SAE;186911;-;-;-;-;-;-;-;-6.4;-;-
SAE;186912;-;-;-;-;-;-;-;-9.4;-;-
SAE;187001;-;-;-;-;-;-;-;-10.8;-;-
SAE;187002;-;-;-;-;-;-;-;-8.6;-;-
SAE;187003;-;-;-;-;-;-;-;-10.7;-;-
SAE;187004;-;-;-;-;-;-;-;-5.2;-;-
SAE;187005;-;-;-;-;-;-;-;0.7;-;-
SAE;187006;-;-;-;-;-;-;-;2.3;-;-
SAE;187007;-;-;-;-;-;-;-;6.4;-;-
SAE;187008;-;-;-;-;-;-;-;2.2;-;-
SAE;187009;-;-;-;-;-;-;-;2.0;-;-
SAE;187010;-;-;-;-;-;-;-;-2.3;-;-
SAE;187011;-;-;-;-;-;-;-;-5.3;-;-
SAE;187012;-;-;-;-;-;-;-;-12.0;-;-
SAE;187101;-;-;-;-;-;-;-;-12.3;-;-
SAE;187102;-;-;-;-;-;-;-;-6.8;-;-
SAE;187103;-;-;-;-;-;-;-;-6.3;-;-
SAE;187104;-;-;-;-;-;-;-;-4.7;-;-
SAE;187105;-;-;-;-;-;-;-;-1.5;-;-
SAE;187106;-;-;-;-;-;-;-;-0.8;-;-
SAE;187107;-;-;-;-;-;-;-;5.8;-;-
SAE;187108;-;-;-;-;-;-;-;5.6;-;-
SAE;187109;-;-;-;-;-;-;-;5.3;-;-
SAE;187110;-;-;-;-;-;-;-;-2.2;-;-
SAE;187111;-;-;-;-;-;-;-;-8.0;-;-
SAE;187112;-;-;-;-;-;-;-;-11.1;-;-
SAE;187201;-;-;-;-;-;-;-;-7.7;-;-
SAE;187202;-;-;-;-;-;-;-;-6.3;-;-
SAE;187203;-;-;-;-;-;-;-;-6.2;-;-
SAE;187204;-;-;-;-;-;-;-;-3.5;-;-
SAE;187205;-;-;-;-;-;-;-;-1.8;-;-
SAE;187206;-;-;-;-;-;-;-;2.0;-;-
SAE;187207;-;-;-;-;-;-;-;6.4;-;-
SAE;187208;-;-;-;-;-;-;-;3.7;-;-
SAE;187209;-;-;-;-;-;-;-;3.5;-;-
SAE;187210;-;-;-;-;-;-;-;-1.1;-;-
SAE;187211;-;-;-;-;-;-;-;-4.6;-;-
SAE;187212;-;-;-;-;-;-;-;-5.8;-;-
SAE;187301;-;-;-;-;-;-;-;-6.3;-;-
SAE;187302;-;-;-;-;-;-;-;-10.0;-;-
SAE;187303;-;-;-;-;-;-;-;-5.0;-;-
SAE;187304;-;-;-;-;-;-;-;-6.2;-;-
SAE;187305;-;-;-;-;-;-;-;-3.3;-;-
SAE;187306;-;-;-;-;-;-;-;2.3;-;-
SAE;187307;-;-;-;-;-;-;-;7.2;-;-
SAE;187308;-;-;-;-;-;-;-;6.3;-;-
SAE;187309;-;-;-;-;-;-;-;2.0;-;-
SAE;187310;-;-;-;-;-;-;-;-0.9;-;-
SAE;187311;-;-;-;-;-;-;-;-4.1;-;-
SAE;187312;-;-;-;-;-;-;-;-5.4;-;-
SAE;187401;-;-;-;-;-;-;-;-7.6;-;-
SAE;187402;-;-;-;-;-;-;-;-9.6;-;-
SAE;187403;-;-;-;-;-;-;-;-8.8;-;-
SAE;187404;-;-;-;-;-;-;-;-3.2;-;-
SAE;187405;-;-;-;-;-;-;-;-3.9;-;-
SAE;187406;-;-;-;-;-;-;-;3.5;-;-
SAE;187407;-;-;-;-;-;-;-;7.8;-;-
SAE;187408;-;-;-;-;-;-;-;3.6;-;-
SAE;187409;-;-;-;-;-;-;-;4.9;-;-
SAE;187410;-;-;-;-;-;-;-;0.6;-;-
SAE;187411;-;-;-;-;-;-;-;-6.4;-;-
SAE;187412;-;-;-;-;-;-;-;-13.1;-;-
SAE;187501;-;-;-;-;-;-;-;-6.5;-;-
SAE;187502;-;-;-;-;-;-;-;-12.0;-;-
SAE;187503;-;-;-;-;-;-;-;-9.2;-;-
SAE;187504;-;-;-;-;-;-;-;-4.6;-;-
SAE;187505;-;-;-;-;-;-;-;1.7;-;-
SAE;187506;-;-;-;-;-;-;-;3.8;-;-
SAE;187507;-;-;-;-;-;-;-;4.4;-;-
SAE;187508;-;-;-;-;-;-;-;6.7;-;-
SAE;187509;-;-;-;-;-;-;-;4.5;-;-
SAE;187510;-;-;-;-;-;-;-;-2.6;-;-
SAE;187511;-;-;-;-;-;-;-;-8.4;-;-
SAE;187512;-;-;-;-;-;-;-;-10.7;-;-
SAE;187601;-;-;-;-;-;-;-;-7.8;-;-
SAE;187602;-;-;-;-;-;-;-;-9.0;-;-
SAE;187603;-;-;-;-;-;-;-;-8.9;-;-
SAE;187604;-;-;-;-;-;-;-;-5.5;-;-
SAE;187605;-;-;-;-;-;-;-;-3.9;-;-
SAE;187606;-;-;-;-;-;-;-;3.0;-;-
SAE;187607;-;-;-;-;-;-;-;5.9;-;-
SAE;187608;-;-;-;-;-;-;-;6.1;-;-
SAE;187609;-;-;-;-;-;-;-;0.7;-;-
SAE;187610;-;-;-;-;-;-;-;1.1;-;-
SAE;187611;-;-;-;-;-;-;-;-7.1;-;-
SAE;187612;-;-;-;-;-;-;-;-5.2;-;-
SAE;187701;-;-;-;-;-;-;-;-7.2;-;-
SAE;187702;-;-;-;-;-;-;-;-9.4;-;-
SAE;187703;-;-;-;-;-;-;-;-10.0;-;-
SAE;187704;-;-;-;-;-;-;-;-5.3;-;-
SAE;187705;-;-;-;-;-;-;-;-2.8;-;-
SAE;187706;-;-;-;-;-;-;-;5.5;-;-
SAE;187707;-;-;-;-;-;-;-;4.0;-;-
SAE;187708;-;-;-;-;-;-;-;6.0;-;-
SAE;187709;-;-;-;-;-;-;-;0.3;-;-
SAE;187710;-;-;-;-;-;-;-;-3.4;-;-
SAE;187711;-;-;-;-;-;-;-;-3.6;-;-
SAE;187712;-;-;-;-;-;-;-;-9.3;-;-
SAE;187801;-;-;-;-;-;-;-;-10.8;-;-
SAE;187802;-;-;-;-;-;-;-;-6.1;-;-
SAE;187803;-;-;-;-;-;-;-;-9.9;-;-
SAE;187804;-;-;-;-;-;-;-;-4.2;-;-
SAE;187805;-;-;-;-;-;-;-;0.7;-;-
SAE;187806;-;-;-;-;-;-;-;2.2;-;-
SAE;187807;-;-;-;-;-;-;-;4.0;-;-
SAE;187808;-;-;-;-;-;-;-;4.6;-;-
SAE;187809;-;-;-;-;-;-;-;2.7;-;-
SAE;187810;-;-;-;-;-;-;-;-0.6;-;-
SAE;187811;-;-;-;-;-;-;-;-7.9;-;-
SAE;187812;-;-;-;-;-;-;-;-11.8;-;-
SAE;187901;-;-;-;-;-;-;-;-8.8;-;-
SAE;187902;-;-;-;-;-;-;-;-9.1;-;-
SAE;187903;-;-;-;-;-;-;-;-6.7;-;-
SAE;187904;-;-;-;-;-;-;-;-6.8;-;-
SAE;187905;-;-;-;-;-;-;-;-4.8;-;-
SAE;187906;-;-;-;-;-;-;-;2.7;-;-
SAE;187907;-;-;-;-;-;-;-;1.9;-;-
SAE;187908;-;-;-;-;-;-;-;6.8;-;-
SAE;187909;-;-;-;-;-;-;-;2.8;-;-
SAE;187910;-;-;-;-;-;-;-;-1.6;-;-
SAE;187911;-;-;-;-;-;-;-;-9.0;-;-
SAE;187912;-;-;-;-;-;-;-;-10.5;-;-
SAE;188001;-;-;-;-;-;-;-;-9.1;-;-
SAE;188002;-;-;-;-;-;-;-;-7.1;-;-
SAE;188003;-;-;-;-;-;-;-;-4.4;-;-
SAE;188004;-;-;-;-;-;-;-;-4.0;-;-
SAE;188005;-;-;-;-;-;-;-;-2.0;-;-
SAE;188006;-;-;-;-;-;-;-;0.7;-;-
SAE;188007;-;-;-;-;-;-;-;5.9;-;-
SAE;188008;-;-;-;-;-;-;-;3.5;-;-
SAE;188009;-;-;-;-;-;-;-;2.6;-;-
SAE;188010;-;-;-;-;-;-;-;-0.6;-;-
SAE;188011;-;-;-;-;-;-;-;-4.3;-;-
SAE;188012;-;-;-;-;-;-;-;-5.9;-;-
SAE;188101;-;-;-;-;-;-;-;-11.8;-;-
SAE;188102;-;-;-;-;-;-;-;-7.6;-;-
SAE;188103;-;-;-;-;-;-;-;-5.5;-;-
SAE;188104;-;-;-;-;-;-;-;-4.4;-;-
SAE;188105;-;-;-;-;-;-;-;-1.5;-;-
SAE;188106;-;-;-;-;-;-;-;1.8;-;-
SAE;188107;-;-;-;-;-;-;-;7.8;-;-
SAE;188108;-;-;-;-;-;-;-;5.1;-;-
SAE;188109;-;-;-;-;-;-;-;0.7;-;-
SAE;188110;-;-;-;-;-;-;-;-6.0;-;-
SAE;188111;-;-;-;-;-;-;-;-1.5;-;-
SAE;188112;-;-;-;-;-;-;-;-7.4;-;-
SAE;188201;-;-;-;-;-;-;-;-4.3;-;-
SAE;188202;-;-;-;-;-;-;-;-6.8;-;-
SAE;188203;-;-;-;-;-;-;-;-5.1;-;-
SAE;188204;-;-;-;-;-;-;-;-4.7;-;-
SAE;188205;-;-;-;-;-;-;-;0.0;-;-
SAE;188206;-;-;-;-;-;-;-;1.7;-;-
SAE;188207;-;-;-;-;-;-;-;3.4;-;-
SAE;188208;-;-;-;-;-;-;-;2.3;-;-
SAE;188209;-;-;64;751.4;110.8;92.7;-;2.2;-5.0;-
SAE;188210;-;-;63;751.6;156.2;88.9;-;-0.6;-8.0;-
SAE;188211;-;-;80;745.7;158.6;91.4;-;-6.4;-16.2;-
SAE;188212;-;-;62;744.3;63.5;92.7;-;-7.2;-17.5;-
SAE;188301;-;-;-;-;33.0;-;-;-9.0;-;-
SAE;188302;-;-;55;754.6;17.6;78.3;-;-6.5;-14.0;-
SAE;188303;-;-;69;739.9;70.1;84.8;-;-10.5;-22.5;-
SAE;188304;-;-;65;748.1;80.2;84.9;-;-4.7;-13.0;-
SAE;188305;-;-;68;752.2;119.3;85.9;-;0.7;-9.4;-
SAE;188306;-;-;78;755.2;231.6;90.6;-;3.2;-4.0;-
SAE;188307;-;-;77;756.1;383.8;92.5;-;3.4;-4.0;-
SAE;188308;-;-;56;759.4;177.2;82.0;-;4.6;-;-
SAE;188309;-;-;73;753.9;239.5;87.2;-;1.6;-5.0;-
SAE;188310;-;-;49;754.0;111.7;74.3;-;-0.9;-8.4;-
SAE;188311;-;-;57;750.2;100.2;76.6;-;-5.2;-13.0;-
SAE;188312;-;-;59;-;122.2;81.4;-;-8.4;-17.6;-
SAE;188401;-;-;57;754.8;162.7;82.1;-;-6.8;-14.1;-
SAE;188402;-;-;54;750.7;55.5;78.4;-;-6.0;-12.8;-
SAE;188403;-;-;46;748.8;47.7;71.1;-;-4.9;-11.1;-
SAE;188404;-;-;70;743.3;70.7;84.4;-;-3.9;-9.8;-
SAE;188405;-;-;55;755.7;99.2;79.5;-;1.8;-7.6;-
SAE;188406;-;-;80;752.9;260.6;91.7;-;-0.2;-6.2;-
SAE;188407;-;-;66;759.3;292.5;82.5;-;5.9;-2.8;-
SAE;188408;-;-;57;759.0;265.0;77.4;-;5.9;-;-
SAE;188409;-;-;47;758.6;105.4;72.5;-;4.1;-4.8;-
SAE;188410;-;-;72;753.3;170.3;90.1;-;-3.1;-11.3;-
SAE;188411;-;-;40;752.1;51.5;76.8;-;-6.7;-19.5;-
SAE;188412;-;-;60;746.7;81.2;81.6;-;-7.1;-16.6;-
SAE;188501;-;-;26;746.0;12.5;66.4;-;-8.6;-18.6;-
SAE;188502;-;-;53;748.7;61.9;74.8;-;-4.8;-12.5;-
SAE;188503;-;-;58;746.9;56.8;80.9;-;-5.8;-16.0;-
SAE;188504;-;-;62;-;35.8;83.7;-;-2.2;-9.6;-
SAE;188505;-;-;78;749.6;129.8;90.4;-;-1.6;-10.4;-
SAE;188506;-;-;54;757.7;96.2;75.7;-;5.5;-5.2;-
SAE;188507;-;-;52;760.7;111.4;77.3;-;6.8;1.5;-
SAE;188508;-;-;71;755.6;113.4;86.3;-;5.0;-2.0;-
SAE;188509;-;-;61;755.8;246.5;82.4;-;3.1;-7.9;-
SAE;188510;-;-;72;746.5;142.2;88.3;-;-3.3;-12.0;-
SAE;188511;-;-;58;749.2;169.2;83.2;-;-2.5;-10.7;-
SAE;188512;-;-;-;-;178.3;76.4;-;-6.9;-21.4;-
SAE;188601;-;-;66;739.9;74.5;85.2;-;-9.6;-18.4;-
SAE;188602;-;-;40;746.2;26.2;83.0;-;-8.9;-19.9;-
SAE;188603;-;-;52;747.7;72.3;76.6;-;-7.0;-22.1;-
SAE;188604;-;-;63;749.8;100.5;75.0;-;-1.2;-11.3;-
SAE;188605;-;-;58;754.3;68.2;73.0;-;1.3;-13.3;-
SAE;188606;-;-;89;753.0;392.0;94.1;-;1.5;-4.6;-
SAE;188607;-;-;54;758.5;218.1;81.2;-;6.1;-3.3;-
SAE;188608;-;-;65;758.5;277.9;84.8;-;5.9;-1.3;-
SAE;188609;-;-;40;760.0;111.3;75.6;-;5.9;-6.5;-
SAE;188610;-;-;55;753.4;102.8;80.9;-;1.6;-;-
SAE;188611;-;-;61;750.0;96.5;82.3;-;-4.1;-13.6;-
SAE;188612;-;-;77;741.3;141.0;91.0;-;-9.5;-21.4;-
SAE;188701;-;-;28;748.8;12.5;65.1;-;-7.2;-16.5;-
SAE;188702;-;-;28;753.2;15.9;63.4;-;-8.4;-22.6;-
SAE;188703;-;-;58;747.5;110.3;75.6;-;-6.2;-21.1;-
SAE;188704;-;-;47;748.5;51.7;72.8;-;-3.1;-16.6;-
SAE;188705;-;-;79;750.3;205.1;89.8;-;-1.8;-11.3;-
SAE;188706;-;-;58;759.3;110.4;81.1;-;4.3;-4.0;-
SAE;188707;-;-;59;760.8;264.3;81.4;-;8.0;-1.0;-
SAE;188708;-;-;56;757.8;181.7;81.7;-;5.6;-4.2;-
SAE;188709;-;-;51;754.8;80.0;76.4;-;2.7;-6.3;-
SAE;188710;-;-;57;747.7;153.9;76.2;-;-4.9;-16.3;-
SAE;188711;-;-;66;741.0;85.6;79.8;-;-5.3;-13.4;-
SAE;188712;-;-;69;739.6;275.6;87.4;4008;-10.3;-24.2;-
SAE;188801;-;-;38;749.1;111.6;65.7;10224;-8.9;-;-
SAE;188802;-;-;68;737.1;173.7;86.7;6534;-10.5;-;-
SAE;188803;-;-;69;736.4;144.5;88.4;6648;-8.5;-;-
SAE;188804;-;-;64;742.4;284.8;88.7;8328;-4.9;-;-
SAE;188805;-;-;51;752.7;139.2;83.2;13356;0.8;-;-
SAE;188806;-;-;65;752.7;383.6;86.6;10374;4.0;-;-
SAE;188807;-;-;84;750.8;465.4;93.1;5424;2.4;-;-
SAE;188808;-;-;62;755.9;278.3;80.7;9594;4.3;-;-
SAE;188809;-;-;56;756.0;250.0;84.4;10272;3.7;-;-
SAE;188810;-;-;45;750.3;150.6;68.1;10308;-2.7;-;-
SAE;188811;-;-;55;747.7;200.3;74.4;7961;-3.2;-;-
SAE;188812;-;-;31;750.0;41.3;52.6;10560;-3.9;-;-
SAE;188901;-;-;36;746.6;128.3;59.8;9786;-8.0;-;-
SAE;188902;-;-;85;735.8;533.5;95.3;2502;-12.6;-;-
SAE;188903;-;-;64;741.9;106.5;84.3;7374;-9.7;-;-
SAE;188904;-;-;64;740.4;143.4;89.6;8400;-5.6;-;-
SAE;188905;-;-;69;749.0;121.3;84.2;8952;2.6;-;-
SAE;188906;-;-;70;753.5;342.5;85.8;7841;5.4;-;-
SAE;188907;-;-;70;754.0;234.4;88.8;9264;4.2;-;-
SAE;188908;-;-;70;754.8;259.0;88.5;8190;4.0;-;-
SAE;188909;-;-;64;751.6;304.7;85.5;7811;0.4;-;-
SAE;188910;-;-;68;745.8;142.1;87.5;5064;-2.0;-;-
SAE;188911;-;-;43;753.6;98.3;61.1;9624;-3.1;-;-
SAE;188912;-;-;40;747.9;71.8;77.6;8592;-8.0;-;-
SAE;189001;-;-;59;749.7;245.9;82.8;6624;-5.1;-;-
SAE;189002;-;-;26;745.4;9.0;71.5;13656;-8.0;-;-
SAE;189003;-;-;53;743.1;94.4;82.4;9774;-5.9;-;-
SAE;189004;-;-;69;741.7;260.9;80.4;9594;-3.2;-;-
SAE;189005;-;-;68;746.9;166.6;81.1;9774;0.8;-;-
SAE;189006;-;-;76;753.9;328.6;87.3;8262;1.3;-;-
SAE;189007;-;-;75;753.6;239.9;87.2;7974;3.3;-;-
SAE;189008;-;-;72;753.9;351.6;85.0;9876;4.7;-;-
SAE;189009;-;-;50;757.3;24.2;74.8;11910;1.8;-;-
SAE;189010;-;-;57;751.1;292.1;70.4;9636;-2.2;-;-
SAE;189011;-;-;70;743.2;289.6;88.2;5370;-6.3;-;-
SAE;189012;-;-;32;741.1;15.6;61.3;11028;-8.4;-;-
SAE;189101;-;-;48;742.5;110.5;75.1;8832;-11.6;-;-
SAE;189102;-;-;19;754.5;21.3;45.9;14628;-6.3;-;-
SAE;189103;-;-;76;740.7;148.4;84.0;5988;-7.9;-;-
SAE;189104;-;-;75;742.9;186.8;88.7;7458;-6.6;-;-
SAE;189105;-;-;73;746.5;134.0;85.1;9852;0.1;-;-
SAE;189106;-;-;77;753.1;201.1;82.5;10128;2.9;-;-
SAE;189107;-;-;84;754.0;363.3;91.3;6750;3.4;-;-
SAE;189108;-;-;75;753.5;303.5;87.8;9474;3.1;-;-
SAE;189109;-;-;49;757.0;145.2;68.2;13926;4.3;-;-
SAE;189110;-;-;42;749.7;56.9;69.6;12876;1.2;-;-
SAE;189111;-;-;54;744.9;124.4;73.5;8280;-4.5;-;-
SAE;189112;-;-;56;749.4;346.6;76.7;6798;-5.7;-;-
SAE;189201;-;-;70;740.8;226.4;82.4;5034;-8.5;-18.2;-
SAE;189202;-;-;75;738.9;266.7;87.8;5226;-7.6;-17.6;-
SAE;189203;-;-;48;741.1;52.8;75.7;11862;-8.8;-23.2;-
SAE;189204;-;-;62;746.1;106.5;78.1;10056;-2.9;-13.5;-
SAE;189205;-;-;67;750.4;174.6;79.8;10800;-0.5;-14.1;-
SAE;189206;-;-;82;754.0;451.2;87.6;6822;2.8;-3.4;-
SAE;189207;-;-;65;754.4;362.2;84.9;13470;4.6;-3.2;-
SAE;189208;-;-;58;756.6;180.9;75.5;15102;6.8;-2.2;-
SAE;189209;-;-;64;755.5;203.4;88.5;9468;3.4;-6.0;-
SAE;189210;-;-;81;745.2;232.6;85.2;4602;-1.8;-12.6;-
SAE;189211;-;-;54;751.3;88.6;76.8;7746;-2.2;-9.3;-
SAE;189212;-;-;50;742.8;133.3;77.9;7470;-8.1;-16.5;-
SAE;189301;-;-;53;740.0;139.1;71.2;7344;-11.5;-26.3;-
SAE;189302;-;-;70;742.4;233.5;79.6;4164;-7.4;-13.3;-
SAE;189303;-;-;56;749.8;149.5;62.2;11394;-5.2;-15.1;-
SAE;189304;-;-;40;751.7;17.0;56.9;16890;-0.5;-10.4;-
SAE;189305;-;-;72;750.4;213.2;80.1;8736;-1.1;-11.7;-
SAE;189306;-;-;72;752.7;199.6;75.8;9690;2.8;-4.7;-
SAE;189307;-;-;77;753.6;348.4;73.1;9120;4.8;-1.9;-
SAE;189308;-;-;56;757.4;124.8;66.6;14880;5.8;-2.5;-
SAE;189309;-;-;75;752.0;253.7;79.4;6510;2.4;-5.5;-
SAE;189310;-;-;57;752.1;142.9;62.9;9000;0.7;-8.4;-
SAE;189311;-;-;60;743.9;172.0;70.5;5292;-5.4;-14.6;-
SAE;189312;-;-;44;748.2;81.5;66.9;7020;-6.5;-15.4;-
SAE;189401;-;-;49;744.5;60.4;70.4;7626;-8.8;-21.3;-
SAE;189402;-;-;63;748.3;286.8;76.9;6258;-8.3;-17.5;-
SAE;189403;-;-;51;745.5;133.0;73.3;11754;-6.8;-15.2;-
SAE;189404;-;-;62;746.6;28.7;81.1;11100;-1.9;-7.3;-
SAE;189405;-;-;73;746.8;339.4;89.1;8064;-0.8;-8.8;-
SAE;189406;-;-;77;753.4;528.5;90.4;6606;1.6;-6.5;-
SAE;189407;-;-;66;755.3;328.9;84.3;11808;5.4;-1.0;-
SAE;189408;-;-;70;755.5;335.6;85.2;9282;4.3;-3.7;-
SAE;189409;-;-;73;752.6;308.1;88.8;6174;1.0;-8.5;-
SAE;189410;-;-;71;748.1;175.5;88.9;5844;-2.6;-10.6;-
SAE;189411;-;-;40;750.8;64.0;69.4;10014;-2.6;-12.4;-
SAE;189412;-;-;56;745.3;146.6;75.1;6534;-8.6;-16.8;-
SAE;189501;-;-;71;731.2;54.1;89.7;4110;-14.3;-27.0;-
SAE;189502;-;-;54;736.0;46.1;75.9;8526;-13.8;-25.5;-
SAE;189503;-;-;69;739.4;141.1;82.3;7194;-8.7;-22.3;-
SAE;189504;-;-;65;746.3;130.2;84.4;9846;-3.3;-12.8;-
SAE;189505;-;-;73;750.2;226.5;86.7;9744;-1.0;-11.5;-
SAE;189506;-;-;73;753.8;247.3;89.3;9372;2.8;-5.8;-
SAE;189507;-;-;64;755.2;176.2;82.9;13008;5.6;-2.5;-
SAE;189508;-;-;64;756.1;231.0;84.0;11580;4.5;-3.6;-
SAE;189509;-;-;30;760.3;26.5;66.9;15660;6.7;-4.5;-
SAE;189510;-;-;67;746.7;216.2;82.1;8400;-2.5;-13.2;-
SAE;189511;-;-;60;751.1;171.1;75.4;7794;-1.3;-8.2;-
SAE;189512;-;-;72;740.6;392.6;88.4;4518;-8.4;-18.4;-
SAE;189601;-;-;36;750.8;72.7;66.9;10710;-7.7;-23.2;-
SAE;189602;-;-;36;751.9;58.8;60.5;10986;-5.5;-18.5;-
SAE;189603;-;-;76;744.2;452.2;90.0;5244;-6.3;-14.3;-
SAE;189604;-;-;84;747.0;303.7;92.6;5580;-7.8;-14.7;-
SAE;189605;-;-;66;749.1;86.1;86.1;11736;-2.4;-8.7;-
SAE;189606;-;-;75;752.4;245.3;86.1;9402;2.9;-1.9;-
SAE;189607;-;-;68;755.5;300.1;84.5;10758;5.2;-2.5;-
SAE;189608;-;-;87;752.3;303.2;94.5;5166;1.8;-5.3;-
SAE;189609;-;-;75;750.9;460.0;90.4;6276;1.2;-6.7;-
SAE;189610;-;-;53;745.7;84.2;77.8;10896;-2.1;-11.0;-
SAE;189611;-;-;50;745.3;71.1;72.4;8178;-6.0;-14.7;-
SAE;189612;-;-;68;742.3;99.2;79.9;3672;-7.4;-16.7;-
SAE;189701;-;-;66;738.9;38.7;76.6;5274;-9.5;-23.5;-
SAE;189702;-;-;69;750.7;362.8;77.1;6000;-5.9;-14.7;-
SAE;189703;-;-;86;743.2;309.3;93.0;3648;-6.6;-14.3;-
SAE;189704;-;-;77;744.7;261.4;88.7;7944;-4.7;-13.2;-
SAE;189705;-;-;77;746.3;189.7;91.8;7704;-2.7;-11.8;-
SAE;189706;-;-;63;755.4;318.5;82.9;12336;4.8;-6.3;-
SAE;189707;-;-;76;754.9;378.6;84.3;9990;5.5;-2.0;-
SAE;189708;-;-;65;754.6;367.6;87.4;11310;5.2;-2.1;-
SAE;189709;-;-;70;752.7;289.6;87.2;8100;1.5;-8.0;-
SAE;189710;-;-;47;753.4;45.2;67.2;11250;-1.1;-13.2;-
SAE;189711;-;-;32;754.6;23.1;59.5;11904;-2.0;-17.9;-
SAE;189712;-;-;42;748.3;80.8;63.5;10158;-5.7;-13.7;-
SAE;189801;-;-;38;756.6;51.3;53.7;10374;-3.2;-10.1;-
SAE;189802;-;-;73;742.2;250.6;90.3;5772;-10.6;-17.6;-
SAE;189803;-;-;69;739.0;120.8;81.9;7404;-7.4;-15.2;-
SAE;189804;-;-;68;746.0;130.5;81.7;9186;-3.8;-12.3;-
SAE;189805;-;-;81;746.7;292.6;86.0;8088;-1.3;-9.1;-
SAE;189806;-;-;75;752.3;369.8;86.8;7518;1.8;-5.7;-
SAE;189807;-;-;69;755.0;378.0;86.6;9690;3.0;-3.9;-
SAE;189808;-;-;47;758.4;222.9;75.3;16392;6.7;-2.8;-
SAE;189809;-;-;35;757.4;84.5;66.1;15150;5.5;-2.4;-
SAE;189810;-;-;58;749.6;230.5;79.0;8256;0.9;-7.4;-
SAE;189811;-;-;54;747.2;44.0;75.4;7800;-2.3;-12.1;-
SAE;189812;-;-;48;751.8;142.9;68.1;7926;-6.4;-19.4;-
SAE;189901;-;-;64;744.8;308.3;80.9;5400;-7.3;-15.9;-
SAE;189902;-;-;39;747.3;34.0;48.4;10212;-5.4;-17.8;-
SAE;189903;-;-;55;747.0;123.4;67.0;11016;-7.1;-20.3;-
SAE;189904;-;-;81;744.9;410.6;93.5;4266;-5.3;-13.6;-
SAE;189905;-;-;80;749.6;367.4;92.5;5724;-2.0;-10.0;-
SAE;189906;-;-;69;752.7;101.7;85.8;9006;2.6;-5.1;-
SAE;189907;-;-;71;756.8;326.1;88.0;10332;4.9;-4.5;-
SAE;189908;-;-;56;757.6;120.6;84.8;13794;6.2;-1.2;-
SAE;189909;-;27;75;751.3;448.6;94.3;5154;1.0;-5.3;-
SAE;189910;-;-;48;755.1;103.9;74.9;10896;1.6;-6.7;-
SAE;189911;-;-;39;755.5;75.8;66.2;11592;-1.9;-14.5;-
SAE;189912;-;-;56;741.5;170.2;84.4;7458;-9.4;-21.0;-
SAE;190001;-;-;80;742.5;338.7;91.4;3060;-9.2;-18.1;-
SAE;190002;-;-;77;738.2;211.6;87.3;3528;-6.9;-15.7;-
SAE;190003;-;-;69;739.6;111.5;89.1;7056;-11.3;-24.7;-
SAE;190004;-;-;76;746.1;279.5;91.5;6792;-5.9;-15.8;-
SAE;190005;-;-;78;747.7;206.8;90.5;6714;-1.3;-7.5;-
SAE;190006;-;-;72;753.2;197.0;89.0;8106;3.5;-2.5;-
SAE;190007;-;-;69;757.0;286.5;87.0;9414;6.7;-5.1;-
SAE;190008;-;-;68;754.3;211.4;86.1;8868;4.0;-3.3;-
SAE;190009;-;-;60;758.2;71.3;78.5;10404;5.3;-3.3;-
SAE;190010;-;-;63;752.3;185.2;84.1;8628;-0.9;-9.8;-
SAE;190011;-;-;66;743.0;103.6;89.2;6258;-4.7;-9.5;-
SAE;190012;-;-;61;749.7;221.5;72.9;6684;-4.7;-;-
SAE;190101;-;-;49;746.6;120.5;73.6;9036;-9.0;-25.8;1.6
SAE;190102;-;-;56;738.9;42.1;87.1;7512;-15.3;-26.5;-4.4
SAE;190103;-;-;73;737.4;198.9;91.1;6876;-10.1;-20.6;-0.4
SAE;190104;-;-;70;746.7;351.1;87.8;7841;-3.7;-13.4;2.9
SAE;190105;-;-;61;750.5;67.2;87.4;9876;-0.4;-8.8;10.9
SAE;190106;-;-;75;754.5;229.2;88.4;8166;3.7;-7.8;13.7
SAE;190107;-;-;74;754.8;161.3;86.1;7416;5.1;-1.2;11.0
SAE;190108;-;-;68;755.8;433.3;86.3;9606;4.7;-4.4;13.4
SAE;190109;-;-;70;751.4;236.6;87.7;6972;3.4;-3.4;10.1
SAE;190110;-;-;60;748.4;212.5;83.1;8496;-0.8;-9.7;7.0
SAE;190111;-;-;46;748.6;59.1;65.0;10284;-5.8;-15.4;2.4
SAE;190112;-;-;68;739.5;146.4;83.7;5478;-7.9;-15.5;-0.1
SAE;190201;-;-;59;749.7;194.1;76.1;7218;-7.3;-18.3;0.0
SAE;190202;-;-;68;739.6;62.7;85.7;5316;-7.9;-17.2;-0.7
SAE;190203;-;-;62;743.4;340.1;80.9;8364;-7.3;-16.1;-0.3
SAE;190204;-;-;71;746.8;154.5;90.0;7836;-1.9;-11.8;4.0
SAE;190205;-;-;89;745.8;347.6;96.2;4025;-5.0;-11.5;6.3
SAE;190206;-;-;74;750.9;238.7;89.8;7776;1.6;-5.9;12.5
SAE;190207;-;-;69;756.1;238.3;87.3;12618;5.2;-2.8;15.2
SAE;190208;-;-;76;754.3;254.3;90.7;9306;4.3;-5.3;13.8
SAE;190209;-;-;50;754.4;184.2;84.3;12276;3.0;-7.0;13.8
SAE;190210;-;-;70;749.1;266.1;87.5;6780;-2.0;-9.1;7.5
SAE;190211;-;-;39;746.3;50.3;69.2;9912;-3.4;-11.9;3.3
SAE;190212;-;-;61;746.1;351.7;82.1;5070;-7.9;-15.5;-0.6
SAE;190301;-;-;40;748.7;106.7;80.3;7368;-7.5;-17.2;0.3
SAE;190302;-;-;51;754.1;127.8;72.5;6306;-5.8;-19.2;3.3
SAE;190303;-;-;53;748.0;102.9;79.7;9558;-6.7;-15.2;2.4
SAE;190304;-;-;84;740.6;240.5;95.3;3588;-8.6;-18.2;-0.4
SAE;190305;-;-;65;748.6;112.7;88.5;10266;-0.7;-8.2;8.6
SAE;190306;-;-;77;750.6;154.4;87.4;6354;2.1;-4.1;11.9
SAE;190307;-;-;77;754.0;446.0;90.7;5796;3.5;-5.3;11.8
SAE;190308;-;-;63;755.6;383.6;85.6;11130;4.8;-2.5;13.6
SAE;190309;-;-;50;755.3;61.3;82.9;11370;3.2;-7.6;13.6
SAE;190310;-;-;67;748.7;370.6;85.1;6666;-0.7;-10.2;9.9
SAE;190311;-;-;58;746.9;309.7;86.8;6870;-5.7;-14.0;2.4
SAE;190312;-;-;47;740.2;36.2;80.8;6366;-7.6;-14.2;-1.3
SAE;190401;-;-;50;746.2;76.7;75.0;6702;-7.8;-17.8;-2.8
SAE;190402;-;-;76;736.6;232.5;93.6;3678;-10.1;-19.2;-1.8
SAE;190403;-;-;63;743.0;111.6;87.1;8202;-6.8;-16.9;-1.2
SAE;190404;-;-;74;748.4;444.8;91.5;6960;-2.7;-12.5;5.9
SAE;190405;-;-;67;752.7;453.5;88.1;11130;0.8;-9.1;12.2
SAE;190406;-;-;67;754.5;260.4;87.1;9918;4.2;-3.2;12.9
SAE;190407;-;-;55;758.2;93.5;83.8;12864;7.4;-0.1;14.1
SAE;190408;-;-;67;756.7;217.5;88.8;10524;5.5;-3.7;13.2
SAE;190409;-;-;73;752.2;239.0;90.6;6528;0.5;-5.0;8.5
SAE;190410;-;-;66;751.7;224.8;84.9;7092;-1.0;-11.3;6.0
SAE;190411;-;-;59;747.6;224.6;76.4;7446;-6.3;-18.1;5.3
SAE;190412;-;-;53;746.4;136.2;73.7;7020;-5.9;-22.1;4.3
SAE;190501;-;-;61;748.7;225.1;83.4;6876;-11.2;-32.0;-1.1
SAE;190502;-;-;64;747.0;132.5;83.6;6612;-10.2;-19.8;-0.7
SAE;190503;-;-;75;743.3;324.6;88.8;5772;-7.0;-13.5;-0.1
SAE;190504;-;-;79;743.6;327.9;92.4;6642;-5.1;-16.2;1.2
SAE;190505;-;-;70;749.5;124.0;85.9;9402;-1.4;-8.5;6.7
SAE;190506;-;-;73;752.3;86.0;86.6;10206;3.6;-2.8;13.7
SAE;190507;-;-;62;757.9;241.8;82.3;13320;7.5;-1.1;18.5
SAE;190508;-;-;68;754.6;347.9;88.4;10044;5.1;-2.6;14.7
SAE;190509;-;-;72;752.7;220.8;87.5;8220;3.4;-2.4;12.2
SAE;190510;-;-;79;744.8;330.4;89.2;4686;-7.9;-15.6;0.2
SAE;190511;-;-;71;740.7;188.0;90.6;5118;-7.2;-14.5;4.1
SAE;190512;-;-;37;751.9;81.3;71.1;10140;-5.5;-15.5;1.5
SAE;190601;-;-;62;747.0;218.2;80.5;6318;-9.0;-23.0;-0.4
SAE;190602;-;-;71;738.1;160.7;87.8;5976;-11.3;-19.6;-3.3
SAE;190603;-;-;65;742.9;201.4;85.7;8418;-8.7;-17.6;0.4
SAE;190604;-;-;64;747.5;128.2;89.7;9462;-5.4;-14.7;1.4
SAE;190605;-;-;75;748.0;168.5;93.8;9414;-0.1;-9.7;9.8
SAE;190606;-;-;77;753.6;297.1;92.4;8220;1.9;-6.4;13.8
SAE;190607;-;-;73;755.8;281.2;91.9;9870;5.5;-3.5;13.8
SAE;190608;-;-;62;757.6;326.1;85.3;12366;5.7;-3.0;16.1
SAE;190609;-;-;55;755.6;194.6;84.8;10398;1.3;-7.6;13.0
SAE;190610;-;-;54;751.7;35.2;82.8;10104;1.8;-5.6;9.0
SAE;190611;-;-;58;748.5;96.3;79.5;7344;-3.0;-12.2;6.7
SAE;190612;-;-;68;739.5;271.0;88.5;4548;-12.3;-21.4;-3.7
SAE;190701;-;-;63;749.4;240.3;86.2;5658;-9.9;-21.7;-1.4
SAE;190702;-;-;60;741.1;103.0;83.8;6918;-11.3;-21.6;-2.4
SAE;190703;-;-;59;747.9;347.7;86.8;10062;-9.5;-20.7;-1.4
SAE;190704;-;-;79;740.0;236.3;94.2;5328;-6.6;-13.1;-0.9
SAE;190705;-;-;63;750.3;134.9;85.8;10962;0.3;-12.7;10.7
SAE;190706;-;-;78;753.1;207.6;91.6;7710;2.8;-4.9;10.7
SAE;190707;-;-;75;753.9;238.0;87.8;8490;2.6;-5.2;11.3
SAE;190708;-;-;67;757.4;196.7;85.6;11196;5.5;-3.3;15.7
SAE;190709;-;-;45;756.8;125.6;72.3;12312;4.6;-2.8;10.9
SAE;190710;-;-;66;747.9;24.6;77.2;6966;0.9;-4.0;7.0
SAE;190711;-;-;54;749.1;138.4;72.5;7320;-3.3;-13.0;4.8
SAE;190712;-;-;70;743.7;299.0;87.1;3792;-6.9;-13.7;1.4
SAE;190801;-;-;39;748.9;132.6;63.5;9732;-6.7;-19.4;2.0
SAE;190802;-;-;73;745.0;356.8;82.8;4710;-10.4;-21.3;1.1
SAE;190803;-;-;67;741.6;123.7;94.0;7578;-10.0;-17.0;-3.2
SAE;190804;-;-;81;741.5;211.5;96.5;5562;-7.2;-14.9;0.1
SAE;190805;-;-;72;753.9;267.9;87.2;10440;1.8;-6.8;11.0
SAE;190806;-;-;65;755.2;86.0;82.7;11646;5.0;-6.2;12.8
SAE;190807;-;-;73;754.9;271.1;87.4;8754;4.7;-2.0;12.6
SAE;190808;-;-;76;753.9;168.0;90.9;7068;3.3;-2.9;11.1
SAE;190809;-;-;66;755.0;385.1;89.7;8466;1.8;-7.7;9.8
SAE;190810;-;-;26;755.6;1.0;72.8;14964;2.3;-4.0;9.1
SAE;190811;-;-;57;748.8;168.5;74.6;7122;-4.5;-14.2;3.6
SAE;190812;-;-;47;744.4;115.3;82.2;9018;-7.6;-19.5;3.1
SAE;190901;-;-;45;746.7;230.8;77.7;9930;-9.0;-19.1;0.2
SAE;190902;-;-;61;741.3;98.1;88.0;6894;-13.0;-25.3;-4.2
SAE;190903;-;-;75;734.9;154.2;91.1;5574;-10.0;-20.3;0.7
SAE;190904;-;-;60;749.1;145.2;87.7;11172;-3.1;-20.4;5.2
SAE;190905;-;-;68;751.7;89.6;86.8;10488;-0.8;-13.4;11.8
SAE;190906;-;-;83;750.5;407.1;93.5;5796;1.1;-5.3;10.8
SAE;190907;-;-;75;753.1;437.5;94.5;8310;2.4;-4.3;12.4
SAE;190908;-;-;69;755.2;241.8;87.2;10584;4.7;-4.2;13.1
SAE;190909;-;-;65;752.1;164.7;89.0;9066;1.5;-4.9;10.6
SAE;190910;-;-;62;751.3;277.2;88.9;8676;0.1;-10.9;5.1
SAE;190911;-;-;56;743.5;169.3;84.5;7781;-7.2;-18.6;2.6
SAE;190912;-;-;67;741.1;449.3;91.9;5934;-7.4;-16.4;-1.3
SAE;191001;-;-;68;743.4;244.5;89.8;5598;-9.1;-20.0;0.1
SAE;191002;-;-;65;741.3;256.6;90.2;6972;-9.1;-18.9;-0.5
SAE;191003;-;-;60;747.3;52.9;84.7;10782;-7.5;-19.8;-0.2
SAE;191004;-;-;75;743.9;475.5;90.7;6810;-5.4;-12.6;0.5
SAE;191005;-;-;75;745.6;289.2;91.6;9138;-2.0;-11.3;6.4
SAE;191006;-;-;73;751.3;521.8;91.6;9642;3.2;-3.0;10.5
SAE;191007;-;-;78;751.7;435.2;93.2;7830;2.7;-3.3;15.1
SAE;191008;-;-;75;754.5;400.3;91.6;8448;3.9;-1.4;13.4
SAE;191009;-;-;63;753.6;244.5;92.4;8118;0.5;-8.8;7.6
SAE;191010;-;-;59;752.5;124.7;83.6;9084;0.5;-7.3;9.3
SAE;191011;-;-;82;739.0;342.5;96.5;2466;-8.3;-15.5;-1.0
SAE;191012;-;-;70;743.5;212.9;86.3;4734;-6.4;-16.8;-0.4
SAE;191101;-;-;35;749.4;49.2;67.9;11544;-8.1;-18.4;2.0
SAE;191102;-;-;63;748.8;238.9;81.5;6252;-9.3;-16.8;-1.1
SAE;191103;-;-;69;742.3;115.1;88.2;7746;-7.7;-15.5;1.4
SAE;191104;-;-;61;745.9;204.6;88.1;11736;-5.7;-17.7;3.0
SAE;191105;-;-;76;748.6;95.4;91.5;7338;-0.4;-7.7;7.3
SAE;191106;-;-;72;754.1;330.6;89.0;9678;2.5;-6.2;10.1
SAE;191107;-;-;54;759.8;42.3;81.1;14928;7.7;0.3;15.9
SAE;191108;-;-;55;757.6;136.1;81.1;13662;7.5;1.5;12.8
SAE;191109;-;-;56;756.6;190.5;83.0;11358;4.7;-5.6;14.3
SAE;191110;-;-;55;750.7;187.3;82.9;10398;-0.2;-10.6;7.2
SAE;191111;-;-;60;746.0;79.8;86.3;7602;-3.6;-11.5;3.0
SAE;191112;-;-;69;746.2;378.5;83.8;5970;-6.2;-13.9;3.9
SAE;191201;-;-;70;744.5;284.3;87.1;5502;-7.4;-19.0;-0.6
SAE;191202;-;-;69;743.4;192.3;85.8;5754;-5.8;-21.3;2.9
SAE;191203;-;-;77;745.2;334.3;92.0;6120;-6.2;-12.4;1.3
SAE;191204;-;-;71;746.8;179.0;92.3;7356;-6.3;-17.6;0.7
SAE;191205;-;-;74;751.1;440.0;91.0;8838;0.0;-9.5;11.0
SAE;191206;-;-;77;751.9;300.2;89.6;8574;2.9;-4.8;12.2
SAE;191207;-;-;69;753.9;238.9;85.6;9630;5.0;-3.2;12.6
SAE;191208;-;-;82;750.9;618.9;93.3;5706;1.5;-4.0;10.8
SAE;191209;-;-;72;750.9;369.7;90.0;6102;-3.3;-9.3;2.4
SAE;191210;-;-;62;749.5;317.7;83.2;7488;-2.1;-9.3;5.7
SAE;191211;-;-;66;744.6;206.1;86.2;4734;-8.7;-14.7;0.8
SAE;191212;-;-;54;751.2;272.9;77.5;6558;-5.0;-14.4;1.0
SAE;191301;-;-;63;745.2;311.4;87.5;5544;-7.3;-13.7;-2.9
SAE;191302;-;-;42;748.7;68.9;71.7;10620;-8.5;-18.5;-0.6
SAE;191303;-;-;60;749.3;152.0;79.9;8694;-4.9;-15.4;2.2
SAE;191304;-;-;74;743.7;253.7;92.6;7092;-4.9;-19.9;5.1
SAE;191305;-;-;71;749.3;301.7;90.5;9612;-0.7;-9.5;9.9
SAE;191306;-;-;78;755.3;362.0;91.0;7614;2.2;-4.6;10.5
SAE;191307;-;-;81;751.8;510.0;95.3;6876;1.3;-4.7;10.8
SAE;191308;-;-;67;754.4;363.9;87.1;9300;3.6;-3.3;12.5
SAE;191309;-;-;61;752.4;201.7;86.8;9942;2.2;-5.1;11.3
SAE;191310;-;-;56;752.4;78.1;73.9;8952;1.8;-7.7;8.6
SAE;191311;-;-;77;750.4;473.7;90.0;3558;-3.4;-9.6;3.7
SAE;191312;-;-;71;746.4;386.2;88.0;5052;-8.8;-21.0;-1.0
SAE;191401;-;-;44;744.2;303.4;77.9;8388;-9.5;-21.6;-1.8
SAE;191402;-;-;50;747.0;103.1;77.2;8232;-4.5;-12.6;2.0
SAE;191403;-;-;80;741.1;686.7;94.4;4728;-7.5;-15.1;0.3
SAE;191404;-;-;57;751.9;373.5;81.9;11730;-2.0;-10.7;4.9
SAE;191405;-;-;78;750.2;352.2;92.7;7284;-1.6;-8.9;8.5
SAE;191406;-;-;76;751.7;250.5;94.5;7290;1.3;-6.8;11.7
SAE;191407;-;-;76;752.3;603.1;91.2;8496;3.2;-4.4;13.8
SAE;191408;-;-;59;756.6;269.3;88.0;13704;5.7;-1.6;13.4
SAE;191409;-;-;60;754.3;390.0;83.3;10146;1.5;-8.3;10.6
SAE;191410;-;-;60;748.8;134.9;83.2;8628;-1.9;-9.3;3.7
SAE;191411;-;-;66;744.6;144.6;85.1;7056;-6.0;-20.7;2.4
SAE;191412;-;-;64;743.7;185.1;87.6;4902;-6.6;-15.0;2.2
SAE;191501;-;-;77;734.0;430.7;93.6;4212;-11.7;-21.7;-2.0
SAE;191502;-;-;67;739.4;212.9;88.0;5064;-10.1;-18.4;-2.3
SAE;191503;-;-;72;741.7;346.4;90.7;6912;-8.6;-21.0;-0.9
SAE;191504;-;-;62;745.9;191.1;91.9;10494;-5.5;-13.3;1.8
SAE;191505;-;-;70;751.0;139.0;85.9;11106;2.5;-3.4;8.2
SAE;191506;-;-;71;754.2;216.3;86.2;10716;4.8;-1.8;12.1
SAE;191507;-;-;74;754.3;379.7;89.3;9948;4.0;-3.0;14.4
SAE;191508;-;-;74;754.3;399.5;88.2;8334;2.9;-4.4;11.0
SAE;191509;-;-;57;752.3;194.5;81.6;11316;1.4;-7.6;8.8
SAE;191510;-;-;64;747.5;40.0;85.5;9222;-3.8;-10.6;2.9
SAE;191511;-;-;63;742.8;194.1;83.8;6198;-7.5;-21.4;2.4
SAE;191512;-;-;76;744.1;486.0;93.1;3474;-5.2;-17.2;2.8
SAE;191601;-;-;60;752.8;575.0;84.4;6984;-6.7;-15.2;-0.7
SAE;191602;-;-;73;740.6;414.1;90.8;5904;-9.4;-17.0;-2.4
SAE;191603;-;-;73;737.1;163.1;90.9;6666;-6.7;-15.7;2.9
SAE;191604;-;-;61;744.7;405.8;87.7;10200;-4.1;-13.6;3.4
SAE;191605;-;-;67;750.6;194.0;86.2;11250;0.6;-8.2;7.8
SAE;191606;-;-;84;750.1;365.4;94.3;7188;0.4;-6.3;10.3
SAE;191607;-;-;75;754.3;323.0;90.5;8898;3.9;-2.5;10.9
SAE;191608;-;-;71;754.1;320.6;87.0;10392;4.1;-3.2;12.8
SAE;191609;-;-;65;751.0;311.5;88.2;8334;0.5;-6.7;7.4
SAE;191610;-;-;63;751.6;388.4;85.9;9252;-1.6;-13.0;8.4
SAE;191611;-;-;65;745.4;132.3;79.3;7068;-4.7;-16.6;5.1
SAE;191612;-;-;70;738.4;332.5;86.3;4956;-7.4;-15.1;0.7
SAE;191701;-;-;66;735.8;197.3;89.1;6060;-11.8;-21.3;-1.2
SAE;191702;-;-;41;743.8;74.1;72.7;10998;-9.3;-20.9;-2.7
SAE;191703;-;-;73;738.1;170.2;86.7;7920;-9.8;-20.0;-1.9
SAE;191704;-;-;80;742.2;230.1;94.4;6348;-8.7;-16.7;1.7
SAE;191705;-;-;62;752.6;80.7;82.4;14262;3.1;-2.3;10.0
SAE;191706;-;-;65;756.9;171.9;81.4;11034;5.6;-1.8;12.7
SAE;191707;-;-;71;756.4;264.6;84.0;10860;5.1;-3.0;14.6
SAE;191708;-;-;73;753.2;393.4;89.2;9594;4.4;-2.4;12.1
SAE;191709;-;-;49;758.3;117.5;79.7;12828;5.4;-4.6;13.7
SAE;191710;-;-;72;746.1;414.0;88.1;7668;-4.1;-13.4;8.2
SAE;191711;-;-;54;750.1;191.6;82.0;8100;-5.5;-15.3;1.4
SAE;191712;-;-;52;744.0;98.3;80.8;8610;-10.4;-25.2;0.0
SAE;191801;-;-;50;748.4;112.2;73.5;8826;-6.7;-24.8;3.1
SAE;191802;-;-;44;752.0;104.6;59.9;10020;-7.3;-21.9;0.0
SAE;191803;-;-;60;745.4;75.9;84.3;10272;-7.1;-17.3;1.7
SAE;191804;-;-;70;742.6;94.9;87.8;8838;-3.2;-11.1;3.1
SAE;191805;-;-;66;751.6;129.5;88.5;10314;1.1;-5.6;10.5
SAE;191806;-;-;79;751.7;446.0;92.2;7698;0.1;-6.7;8.1
SAE;191807;-;-;74;754.8;294.8;88.1;11208;4.8;-2.5;17.6
SAE;191808;-;-;67;755.8;316.6;90.0;10044;4.2;-5.2;16.3
SAE;191809;-;-;66;752.5;275.0;85.6;8490;3.7;-7.0;13.0
SAE;191810;-;-;66;749.1;80.6;82.6;7830;-2.2;-9.3;5.1
SAE;191811;-;-;47;748.4;125.0;74.0;9084;-4.8;-14.0;6.3
SAE;191812;-;-;76;746.2;698.1;89.2;3714;-5.8;-15.8;3.4
SAE;191901;-;-;57;740.1;79.0;85.2;7524;-9.5;-17.2;-1.7
SAE;191902;-;-;60;738.7;210.1;85.3;6990;-9.4;-24.3;-2.3
SAE;191903;-;-;77;741.0;258.3;89.9;6006;-8.0;-16.9;0.8
SAE;191904;-;-;86;743.0;299.6;95.8;4962;-7.2;-18.4;1.5
SAE;191905;-;-;60;750.9;218.4;86.1;12258;-1.5;-12.6;6.6
SAE;191906;-;-;73;755.6;329.9;86.3;10176;2.9;-5.3;13.4
SAE;191907;-;-;81;752.4;381.8;92.2;7416;1.7;-4.6;12.0
SAE;191908;-;-;64;757.6;203.6;86.7;12792;6.0;-5.2;14.3
SAE;191909;-;-;51;755.8;141.8;81.4;13470;5.2;-8.6;13.8
SAE;191910;-;-;64;748.3;178.6;84.4;8592;-5.1;-15.2;8.3
SAE;191911;-;-;77;739.2;312.0;90.7;4638;-8.2;-20.2;1.5
SAE;191912;-;-;78;743.4;609.7;85.2;3432;-7.9;-19.0;-0.4
SAE;192001;-;-;73;746.1;518.4;88.2;5028;-6.6;-15.4;1.0
SAE;192002;-;-;40;753.2;169.6;69.3;11262;-5.1;-15.9;4.3
SAE;192003;-;-;54;747.6;108.5;79.1;11034;-4.1;-18.0;7.2
SAE;192004;-;-;79;744.9;445.8;90.2;4890;-3.4;-9.8;8.8
SAE;192005;-;-;71;755.3;174.2;82.3;9228;3.4;-9.7;11.8
SAE;192006;-;-;79;752.4;202.9;95.3;5454;2.5;-5.0;14.2
SAE;192007;-;-;67;755.7;290.3;86.2;10308;5.4;-3.6;16.3
SAE;192008;-;-;75;754.4;154.1;91.2;7152;3.2;-4.0;14.0
SAE;192009;-;-;73;754.0;391.5;86.2;6432;2.9;-2.0;10.6
SAE;192010;-;-;31;750.1;1.8;72.3;13860;1.9;-6.0;10.3
SAE;192011;-;-;35;751.2;10.3;60.4;9924;-1.9;-12.7;4.8
SAE;192012;-;-;62;744.7;154.7;77.1;5712;-6.4;-21.5;3.7
SAE;192101;-;-;69;748.5;385.6;90.1;4968;-6.8;-15.9;0.8
SAE;192102;-;-;32;747.8;24.1;67.5;11382;-8.1;-14.2;-1.5
SAE;192103;-;-;43;750.0;94.4;72.0;12384;-5.2;-11.8;3.0
SAE;192104;-;-;70;744.7;139.4;90.5;7200;-5.6;-14.6;4.9
SAE;192105;-;-;64;749.9;163.3;87.9;10494;2.0;-13.3;10.6
SAE;192106;-;-;71;753.6;317.6;87.6;8922;2.8;-6.7;13.3
SAE;192107;-;-;53;757.5;75.1;73.4;13074;7.4;-0.4;17.6
SAE;192108;-;-;58;753.8;262.4;76.5;11514;5.7;-2.7;16.1
SAE;192109;-;-;42;757.1;107.1;66.3;12756;5.3;-2.2;12.2
SAE;192110;-;-;38;757.4;159.8;65.0;13038;3.1;-12.8;10.6
SAE;192111;-;-;39;746.5;442.5;64.9;10152;-5.8;-17.7;1.8
SAE;192112;-;-;57;747.3;330.0;72.1;6756;-7.1;-16.2;-0.7
SAE;192201;-;-;71;738.6;629.0;89.7;4806;-10.6;-21.7;-3.4
SAE;192202;-;-;57;744.5;325.3;79.2;7152;-8.2;-22.4;0.2
SAE;192203;-;-;70;742.0;274.1;79.4;4980;-5.5;-16.0;4.0
SAE;192204;-;-;81;739.9;761.0;93.1;4884;-6.1;-13.0;6.6
SAE;192205;-;-;51;755.2;286.2;82.9;12480;1.9;-10.6;11.8
SAE;192206;-;-;68;752.9;396.7;90.7;7206;3.4;-4.6;11.8
SAE;192207;-;-;62;754.1;443.2;84.0;11232;3.8;-4.3;14.0
SAE;192208;-;-;60;754.7;327.0;78.8;11688;5.6;-3.7;16.0
SAE;192209;-;-;76;749.6;259.0;91.6;5370;-0.3;-8.4;9.8
SAE;192210;-;-;71;746.0;223.3;85.6;5232;-2.3;-8.5;3.5
SAE;192211;-;-;56;748.3;709.3;77.8;7026;-7.5;-21.2;4.2
SAE;192212;-;-;68;744.0;621.0;84.2;4068;-8.2;-19.5;0.4
SAE;192301;-;-;72;746.6;755.0;87.3;4224;-10.3;-20.8;-2.0
SAE;192302;-;-;79;739.2;495.2;86.5;3366;-8.0;-14.0;0.0
SAE;192303;-;-;58;745.2;143.5;80.5;10020;-6.5;-13.6;0.0
SAE;192304;-;-;71;741.4;202.9;88.3;6210;-4.1;-10.4;4.2
SAE;192305;-;-;68;750.0;175.0;83.8;10158;0.2;-10.6;11.8
SAE;192306;-;-;81;751.5;453.3;92.8;3414;-1.0;-9.4;10.0
SAE;192307;-;-;59;757.6;180.1;75.6;10068;7.4;0.5;18.2
SAE;192308;-;-;55;755.6;216.4;71.5;12882;6.4;-2.0;18.7
SAE;192309;-;-;66;754.8;194.5;79.6;8034;2.1;-5.8;10.1
SAE;192310;-;-;73;749.3;244.2;84.2;4914;0.5;-9.6;10.6
SAE;192311;-;-;74;741.8;213.6;87.4;5190;-6.0;-15.8;8.0
SAE;192312;-;-;75;740.6;447.7;88.2;4236;-10.3;-21.4;-0.7
SAE;192401;-;-;55;744.6;198.4;69.2;7500;-8.9;-20.5;-1.0
SAE;192402;-;-;57;738.4;140.5;79.1;7991;-11.2;-22.1;-1.2
SAE;192403;-;-;56;741.7;78.8;74.4;9534;-6.7;-17.6;1.0
SAE;192404;-;-;85;743.6;470.3;91.9;3366;-4.4;-14.4;5.2
SAE;192405;-;-;85;751.5;319.1;84.8;6150;1.3;-8.5;11.8
SAE;192406;-;-;75;752.9;308.3;84.8;5946;3.1;-3.2;13.8
SAE;192407;-;-;75;753.7;511.4;82.5;7854;5.2;-3.0;15.2
SAE;192408;-;-;81;751.1;537.7;91.2;5928;1.8;-5.7;12.4
SAE;192409;-;-;64;752.3;219.0;77.2;8256;3.2;-5.1;12.1
SAE;192410;-;-;52;751.0;204.2;68.9;9816;0.0;-4.6;6.2
SAE;192411;-;-;39;750.2;41.1;50.8;10038;-2.4;-18.0;5.2
SAE;192412;-;-;44;749.8;110.2;55.4;9228;-4.5;-14.5;4.4
SAE;192501;-;-;50;755.6;177.4;62.0;8232;-5.4;-16.3;2.5
SAE;192502;-;-;72;741.7;147.6;90.2;4800;-9.0;-17.2;-0.4
SAE;192503;-;-;76;741.5;218.4;88.1;5388;-10.5;-22.5;-1.6
SAE;192504;-;-;78;743.3;335.5;88.8;5376;-4.4;-10.1;5.6
SAE;192505;-;-;74;748.0;131.9;77.7;6150;0.6;-11.6;9.6
SAE;192506;-;-;72;752.7;156.8;78.0;6558;3.4;-3.9;12.2
SAE;192507;-;-;82;753.1;237.7;83.9;6018;4.5;-2.6;17.0
SAE;192508;-;-;72;754.5;349.1;77.8;8658;4.7;-3.0;18.5
SAE;192509;-;-;77;750.7;330.7;92.7;6186;-0.7;-7.5;11.4
SAE;192510;-;-;45;750.3;256.7;66.2;11916;0.4;-13.8;9.0
SAE;192511;-;-;64;742.3;312.5;74.4;5574;-5.7;-19.4;5.0
SAE;192512;-;-;77;741.3;567.5;83.4;3828;-9.2;-23.6;3.0
SAE;192601;-;-;72;743.6;386.5;83.5;4260;-9.4;-22.4;1.6
SAE;192602;-;-;69;746.5;238.5;82.6;5742;-4.7;-10.1;2.0
SAE;192603;-;-;73;745.5;295.8;89.2;6372;-6.6;-17.4;0.6
SAE;192604;-;-;62;746.5;175.9;80.4;9630;-2.4;-11.2;8.4
SAE;192605;-;-;83;745.1;283.7;86.4;6282;-1.8;-11.0;6.6
SAE;192606;-;-;85;749.3;464.3;93.0;5634;0.2;-6.0;9.7
SAE;192607;-;-;81;753.7;397.9;90.5;5622;4.3;-5.6;16.2
SAE;192608;-;-;53;757.1;152.0;77.2;13530;5.6;-3.2;13.0
SAE;192609;-;-;61;757.6;82.2;77.7;10332;5.0;-6.1;14.3
SAE;192610;-;-;70;747.9;315.2;84.6;7884;-0.3;-13.1;8.4
SAE;192611;-;-;62;745.0;122.6;82.8;6750;-2.4;-12.6;7.3
SAE;192612;-;-;65;746.8;417.8;84.3;5202;-8.5;-18.6;3.8
SAE;192701;-;-;70;742.4;428.2;86.5;4644;-9.2;-17.4;2.2
SAE;192702;-;-;52;746.7;199.1;75.6;8388;-8.0;-19.9;0.7
SAE;192703;-;-;70;742.6;468.1;84.4;7266;-6.6;-12.8;2.0
SAE;192704;-;-;82;745.9;548.6;95.1;4578;-4.6;-14.9;5.6
SAE;192705;-;-;75;750.3;184.2;89.6;10074;0.9;-10.0;12.0
SAE;192706;-;-;76;752.4;235.8;88.3;7848;3.2;-6.0;16.6
SAE;192707;-;-;76;753.3;244.9;88.5;8244;5.5;-3.4;14.5
SAE;192708;-;-;68;754.4;402.1;85.5;9936;4.8;-4.6;15.6
SAE;192709;-;-;76;750.7;418.4;90.9;6444;2.5;-5.5;12.4
SAE;192710;-;-;37;752.2;40.6;72.7;13662;0.8;-8.0;9.2
SAE;192711;-;-;63;747.1;168.7;89.8;5820;-3.3;-16.9;10.4
SAE;192712;-;-;60;740.3;106.9;94.9;5574;-6.9;-30.1;2.6
SAE;192801;-;-;69;746.4;164.7;90.3;4596;-8.2;-14.0;-2.5
SAE;192802;-;-;53;749.8;340.5;80.7;8220;-7.5;-16.6;-0.7
SAE;192803;-;-;61;741.9;160.3;89.5;9180;-5.8;-13.5;-0.4
SAE;192804;-;-;73;742.4;250.3;90.6;7512;-3.8;-13.6;8.2
SAE;192805;-;-;79;744.4;496.5;95.8;6426;-2.6;-12.6;9.1
SAE;192806;-;-;70;753.4;282.4;90.9;9006;3.2;-6.9;13.2
SAE;192807;-;-;58;759.1;106.8;87.9;13464;8.5;0.5;17.8
SAE;192808;-;-;68;756.1;270.7;87.2;9708;6.9;-1.3;17.5
SAE;192809;-;-;65;753.9;132.3;89.4;8868;3.2;-9.0;12.5
SAE;192810;-;-;59;749.7;201.1;86.9;8526;-1.3;-12.2;7.2
SAE;192811;-;-;77;743.5;392.0;96.1;3965;-5.1;-13.6;3.6
SAE;192812;-;-;66;744.0;305.9;94.1;5244;-9.8;-18.9;-3.2
SAE;192901;-;-;55;744.6;168.2;87.2;7332;-11.9;-25.3;-2.5
SAE;192902;-;-;39;739.9;38.7;62.1;10464;-12.4;-30.1;1.4
SAE;192903;-;-;38;751.3;28.8;61.8;14334;-5.3;-14.3;1.6
SAE;192904;-;-;79;742.0;245.1;87.1;5850;-6.7;-19.9;2.5
SAE;192905;-;-;71;749.5;96.3;76.1;10884;0.5;-6.8;9.2
SAE;192906;-;-;82;753.5;371.8;78.8;7092;3.9;-3.5;15.2
SAE;192907;-;-;59;757.2;254.9;77.8;12750;6.5;-3.5;16.7
SAE;192908;-;-;62;756.0;182.4;77.9;10554;6.3;-2.4;15.4
SAE;192909;-;-;47;757.6;78.5;67.7;12246;6.2;-5.0;14.8
SAE;192910;-;-;66;748.2;327.2;79.5;7350;-0.8;-12.7;8.4
SAE;192911;-;-;65;745.4;212.5;84.6;6624;-5.2;-16.0;5.4
SAE;192912;-;-;75;745.4;407.6;89.1;3948;-7.6;-19.4;3.0
SAE;193001;-;-;45;746.1;121.3;69.4;8766;-5.0;-14.3;1.3
SAE;193002;-;-;44;741.7;110.4;77.7;9756;-9.0;-17.3;0.2
SAE;193003;-;-;72;743.4;270.2;83.0;7440;-5.8;-15.5;1.7
SAE;193004;-;-;79;740.4;283.9;93.6;5946;-3.8;-10.9;5.3
SAE;193005;-;-;86;747.7;381.6;92.6;3738;-1.5;-10.5;9.4
SAE;193006;-;-;66;754.5;115.3;80.8;11226;6.6;1.0;12.8
SAE;193007;-;-;82;751.5;499.1;90.9;6972;3.8;-5.2;15.8
SAE;193008;-;-;68;755.4;279.3;78.8;9438;5.2;-3.6;16.2
SAE;193009;-;-;75;752.9;291.3;81.7;6570;3.0;-4.6;12.0
SAE;193010;-;-;68;748.9;510.3;74.3;6498;-0.9;-11.5;10.4
SAE;193011;-;-;74;747.9;344.8;83.7;5136;-4.2;-13.1;1.2
SAE;193012;-;-;49;743.4;252.3;67.0;7848;-6.8;-15.4;3.2
SAE;193101;-;216;62;740.3;359.0;75.7;5646;-10.4;-17.0;-2.3
SAE;193102;-;348;82;738.5;265.2;90.2;3420;-11.8;-22.3;-1.5
SAE;193103;-;431;57;740.8;223.4;72.1;9900;-7.7;-22.5;2.7
SAE;193104;-;360;71;743.0;309.5;83.2;6804;-5.8;-15.6;3.0
SAE;193105;-;-;64;749.7;152.3;71.7;10542;2.2;-8.8;17.8
SAE;193106;-;-;72;756.2;150.1;75.0;10422;5.9;-3.8;17.0
SAE;193107;-;-;75;753.1;307.2;79.2;7896;4.5;-4.6;14.2
SAE;193108;-;-;81;751.5;317.7;84.4;5934;3.6;-3.7;15.4
SAE;193109;-;-;78;750.6;238.8;83.8;6468;-2.2;-13.0;8.9
SAE;193110;-;-;49;751.7;93.0;67.8;11964;-1.0;-13.8;9.8
SAE;193111;-;11;57;747.3;38.8;68.4;7806;-2.2;-11.0;3.4
SAE;193112;-;68;51;749.0;133.6;61.7;8064;-8.0;-22.4;0.4
SAE;193201;-;141;41;754.2;186.3;52.0;9846;-4.6;-21.0;2.8
SAE;193202;-;123;33;744.8;7.1;56.0;11370;-11.3;-22.7;-1.8
SAE;193203;-;161;58;741.8;102.2;71.2;7602;-8.4;-17.9;2.6
SAE;193204;-;234;73;741.5;149.6;79.8;7440;-6.4;-14.4;2.6
SAE;193205;-;-;78;747.4;388.2;81.6;6624;-0.5;-10.0;10.2
SAE;193206;-;-;71;751.8;167.6;79.4;9300;2.2;-6.1;11.6
SAE;193207;-;-;77;752.6;274.7;79.8;7368;5.2;-2.4;13.4
SAE;193208;-;-;57;759.3;161.2;67.2;14088;8.5;-0.6;15.9
SAE;193209;-;-;64;754.8;96.4;73.5;9444;6.2;-1.0;12.8
SAE;193210;-;-;82;745.4;418.2;82.8;4920;-2.4;-11.1;8.3
SAE;193211;-;107;54;749.9;180.9;70.4;9282;-3.4;-12.7;2.8
SAE;193212;-;144;57;750.9;24.4;64.3;8208;-4.6;-16.1;5.0
SAE;193301;-;184;54;744.4;126.0;71.3;7320;-10.4;-25.3;-1.2
SAE;193302;-;210;72;742.2;194.1;77.1;6024;-10.4;-19.7;-0.2
SAE;193303;-;210;50;747.0;108.0;67.3;11622;-5.6;-16.4;1.2
SAE;193304;-;231;77;748.3;211.0;86.5;6750;-4.3;-14.2;3.2
SAE;193305;-;-;82;748.0;696.1;84.1;4554;-2.0;-7.8;7.0
SAE;193306;-;-;85;747.3;433.8;82.3;4818;0.4;-5.2;9.4
SAE;193307;-;-;64;757.8;287.8;72.6;12384;6.2;-4.1;15.6
SAE;193308;-;-;65;757.2;156.5;74.8;12126;6.5;-2.7;15.8
SAE;193309;-;-;68;754.0;124.2;72.2;8118;3.7;-5.8;10.0
SAE;193310;-;-;65;749.0;155.0;71.7;8574;-0.8;-12.8;11.4
SAE;193311;-;93;75;740.6;145.1;83.6;4392;-7.0;-15.0;3.9
SAE;193312;-;73;46;741.2;8.6;59.8;9102;-9.0;-21.2;0.5
SAE;193401;-;137;57;748.6;256.5;68.7;7170;-8.2;-17.5;-1.0
SAE;193402;-;153;34;750.9;16.5;48.3;12444;-6.8;-19.4;-0.4
SAE;193403;-;158;70;738.7;87.2;71.7;7422;-6.8;-14.5;2.1
SAE;193404;-;80;60;744.5;33.3;66.2;12408;-1.3;-10.0;11.6
SAE;193405;-;-;70;752.4;64.3;72.1;11244;2.2;-7.0;10.0
SAE;193406;-;-;72;752.7;268.4;76.7;8562;3.2;-3.3;14.1
SAE;193407;-;-;67;755.3;263.2;71.0;12270;6.6;-0.4;14.8
SAE;193408;-;-;77;752.6;387.7;81.8;7224;4.2;-2.7;13.4
SAE;193409;-;-;57;756.4;175.5;70.2;10356;4.7;-3.7;13.1
SAE;193410;-;-;61;751.6;207.2;61.5;9948;-0.9;-12.4;9.0
SAE;193411;-;63;53;746.7;41.7;52.9;9204;-4.0;-16.6;5.1
SAE;193412;-;81;80;743.6;166.6;77.0;3588;-4.8;-10.5;2.3
SAE;193501;-;311;62;742.9;253.3;71.8;5748;-11.8;-20.2;-1.9
SAE;193502;-;480;79;739.2;199.3;79.6;4152;-9.6;-22.0;-0.8
SAE;193503;-;539;60;746.9;218.3;62.9;9642;-8.3;-23.7;1.1
SAE;193504;-;511;85;742.6;358.6;81.5;4590;-5.6;-16.9;3.0
SAE;193505;-;-;70;747.3;157.4;65.1;10470;-1.6;-12.4;7.0
SAE;193506;-;-;63;755.6;216.0;58.4;12624;5.7;-3.2;16.6
SAE;193507;-;-;65;757.0;135.7;77.1;11214;6.0;-2.7;16.0
SAE;193508;-;-;63;754.1;261.8;79.3;9534;4.7;-4.0;14.2
SAE;193509;-;-;62;754.3;190.8;74.0;9792;3.7;-7.0;13.8
SAE;193510;-;-;84;747.3;263.9;86.4;4284;-1.4;-11.6;6.7
SAE;193511;-;57;66;744.8;85.0;75.4;7356;-4.4;-11.3;1.7
SAE;193512;-;183;68;736.1;152.5;82.4;5064;-9.2;-17.5;0.4
SAE;193601;-;306;87;739.9;378.9;85.0;2910;-6.6;-14.8;1.0
SAE;193602;-;427;72;737.4;149.2;80.7;5844;-9.1;-21.8;0.0
SAE;193603;-;386;61;743.3;69.5;71.0;10284;-5.3;-14.6;0.6
SAE;193604;-;351;80;742.2;134.0;85.4;5220;-4.6;-14.0;3.5
SAE;193605;-;-;69;747.2;108.2;80.5;9642;0.6;-7.9;7.4
SAE;193606;-;-;82;752.4;252.0;82.3;5496;3.0;-7.1;13.0
SAE;193607;-;-;77;753.8;438.9;84.8;7422;4.6;-1.9;15.6
SAE;193608;-;-;58;756.9;229.9;71.6;11352;5.4;-1.7;13.1
SAE;193609;-;-;80;753.5;340.7;81.7;5892;2.7;-11.5;15.4
SAE;193610;-;-;67;747.3;219.1;78.4;8496;-5.4;-12.6;3.3
SAE;193611;-;185;60;746.4;96.6;69.9;7848;-4.6;-10.0;1.0
SAE;193612;-;255;55;750.5;160.0;71.2;8118;-6.1;-15.2;3.3
SAE;193701;-;316;64;745.2;183.6;69.1;6282;-6.4;-17.0;3.2
SAE;193702;-;451;89;738.7;373.7;87.0;1920;-8.4;-16.6;0.6
SAE;193703;-;566;78;736.2;125.2;82.2;6006;-8.7;-17.0;-1.0
SAE;193704;-;570;87;743.0;359.2;85.1;4776;-5.6;-11.6;2.0
SAE;193705;-;-;70;752.4;166.1;74.2;10752;1.6;-6.4;11.2
SAE;193706;-;-;73;754.2;250.6;75.3;9126;4.4;-3.8;15.4
SAE;193707;-;-;76;755.0;205.4;80.4;9300;5.5;-3.3;14.2
SAE;193708;-;-;76;754.6;315.7;80.4;7536;4.9;-1.8;13.8
SAE;193709;-;-;67;751.4;232.9;84.2;7710;2.0;-6.0;11.0
SAE;193710;-;-;62;750.2;56.2;73.3;7758;0.4;-8.6;9.6
SAE;193711;-;52;64;745.3;115.8;74.2;6360;-5.7;-15.6;3.4
SAE;193712;-;104;67;739.3;105.6;76.6;5052;-10.6;-19.7;-1.3
SAE;193801;-;224;80;743.1;252.5;81.7;3192;-9.6;-22.0;1.8
SAE;193802;-;360;43;748.5;119.2;68.8;9822;-8.2;-18.2;1.2
SAE;193803;-;325;45;754.7;108.2;68.5;12222;-4.1;-12.8;4.4
SAE;193804;-;345;72;746.3;130.8;82.4;7356;-8.4;-17.1;1.4
SAE;193805;-;-;71;747.4;190.9;81.5;9012;-1.4;-10.4;7.0
SAE;193806;-;-;67;756.0;146.2;79.4;11598;5.1;-5.3;13.8
SAE;193807;-;-;70;755.0;281.4;82.7;9558;4.9;-3.2;15.9
SAE;193808;-;-;73;753.0;343.9;81.4;8004;5.2;-4.1;14.8
SAE;193809;-;-;63;754.1;126.1;75.7;10032;3.6;-3.5;10.7
SAE;193810;-;-;53;750.4;109.4;69.6;10890;0.1;-8.0;9.4
SAE;193811;-;9;54;750.6;85.2;68.7;9186;-1.5;-10.6;8.4
SAE;193812;-;67;63;740.4;146.5;71.7;5172;-8.5;-20.6;0.4
SAE;193901;-;187;73;740.4;155.6;74.1;4992;-7.6;-18.0;1.3
SAE;193902;-;184;46;749.1;90.2;59.4;9612;-5.9;-17.1;3.8
SAE;193903;-;348;81;739.8;299.2;81.3;5382;-11.3;-19.8;0.6
SAE;193904;-;270;67;746.6;69.4;76.8;8802;-2.4;-10.8;5.6
SAE;193905;-;-;90;745.1;196.7;88.4;3258;-2.5;-6.2;3.0
SAE;193906;-;-;68;752.6;211.4;76.3;9984;4.2;-6.0;13.0
SAE;193907;-;-;68;754.4;306.7;78.0;10302;4.7;-5.0;14.6
SAE;193908;-;-;78;754.8;265.0;80.3;8532;5.8;-1.9;12.8
SAE;193909;-;-;64;751.8;173.4;80.9;8394;2.3;-6.7;11.8
SAE;193910;-;-;89;744.4;424.9;91.3;1944;-3.2;-14.7;7.4
SAE;193911;-;123;69;748.5;375.7;80.1;5550;-3.2;-15.6;7.8
SAE;193912;-;287;61;742.4;236.2;75.5;7098;-9.0;-24.0;0.2
SAE;194001;-;279;59;739.8;120.4;75.5;6546;-10.2;-26.2;0.4
SAE;194002;-;356;74;741.7;219.6;80.5;4260;-8.4;-30.4;4.7
SAE;194003;-;427;78;743.9;300.1;84.9;5538;-7.7;-20.0;3.6
SAE;194004;-;461;70;745.3;205.3;82.0;8364;-4.3;-14.4;5.6
SAE;194005;-;-;75;747.9;360.3;87.5;7002;-0.7;-9.6;9.4
SAE;194006;-;-;75;751.9;200.8;87.3;6486;2.4;-4.0;9.6
SAE;194007;-;-;81;753.4;453.6;89.3;6366;3.7;-2.8;12.6
SAE;194008;-;-;65;755.9;370.0;84.0;9798;3.6;-5.4;12.1
SAE;194009;-;-;69;753.4;480.2;85.9;7608;2.6;-9.0;10.5
SAE;194010;-;-;62;746.9;53.6;80.2;8256;-0.3;-12.6;7.7
SAE;194011;-;55;76;745.2;275.9;80.9;4920;-5.4;-17.0;3.6
SAE;194012;-;284;55;742.5;304.8;66.6;7488;-11.3;-24.0;-2.6
SAE;194101;-;309;73;735.5;136.4;82.6;4338;-9.5;-23.0;-3.2
SAE;194102;-;376;70;735.8;135.4;79.4;5646;-9.5;-19.7;1.0
SAE;194103;-;403;61;743.1;153.0;75.4;9066;-6.6;-14.4;0.2
SAE;194104;-;354;72;742.5;88.5;85.0;6192;-5.7;-17.8;2.4
SAE;194105;-;-;79;744.9;206.5;86.6;6420;-3.3;-13.0;3.9
SAE;194106;-;-;68;754.3;246.2;80.1;10518;3.8;-5.6;14.4
SAE;194107;-;-;76;755.3;275.7;81.3;8658;6.2;-1.6;15.4
SAE;194108;-;-;81;752.7;542.9;86.3;6462;3.7;-4.1;13.2
SAE;194109;-;-;47;756.5;174.4;67.4;12690;2.9;-7.6;13.2
SAE;194110;-;-;76;749.9;421.4;85.7;6282;-3.4;-16.8;8.6
SAE;194111;-;168;61;746.1;123.5;78.1;7170;-5.1;-15.1;3.4
SAE;194112;-;182;61;749.0;175.1;70.6;6894;-8.9;-22.4;2.0
SAE;194201;-;300;71;737.4;174.3;78.8;5412;-13.9;-24.1;-4.0
SAE;194202;-;438;56;737.7;95.5;74.4;8298;-11.5;-22.4;-1.0
SAE;194203;-;412;62;745.1;193.3;74.2;9120;-3.8;-12.1;3.3
SAE;194204;-;377;72;745.5;181.7;78.2;8718;-4.0;-13.8;2.2
SAE;194205;-;-;75;750.0;309.7;83.2;7602;0.0;-14.0;10.8
SAE;194206;-;-;61;754.1;220.6;74.4;10740;4.1;-6.6;13.5
SAE;194207;-;-;74;754.7;397.7;83.8;8130;4.9;-2.9;14.2
SAE;194208;-;-;56;756.2;240.4;75.6;10116;6.1;-2.1;15.8
SAE;194209;-;-;56;754.8;136.2;76.1;10746;5.3;-4.2;13.0
SAE;194210;-;-;57;753.3;198.1;72.2;8928;2.0;-7.4;12.5
SAE;194211;-;74;51;748.4;162.1;66.0;8214;-5.9;-18.9;2.4
SAE;194212;-;113;51;747.8;57.1;60.5;7626;-5.7;-17.2;5.0
SAE;194301;-;271;74;742.5;248.7;67.8;4554;-7.9;-18.0;1.7
SAE;194302;-;354;53;750.8;209.4;64.2;7926;-7.1;-14.7;2.4
SAE;194303;-;228;54;748.6;88.9;69.2;10866;-4.3;-14.0;1.3
SAE;194304;-;238;64;752.0;251.6;79.8;10146;-3.2;-15.0;6.2
SAE;194305;-;-;72;752.8;169.1;73.4;9798;1.6;-10.4;10.0
SAE;194306;-;-;86;754.8;399.7;85.5;5490;1.9;-4.6;11.2
SAE;194307;-;-;66;754.9;267.9;75.8;10422;5.6;-4.6;15.6
SAE;194308;-;-;61;756.7;143.5;70.6;11298;7.0;-0.5;17.7
SAE;194309;-;-;72;754.1;149.8;72.3;7854;4.6;-6.7;14.6
SAE;194310;-;-;33;752.5;0.0;56.5;13920;2.8;-5.5;9.2
SAE;194311;-;36;65;743.9;293.1;72.5;4980;-7.0;-14.6;4.3
SAE;194312;-;126;60;748.2;121.0;64.8;6462;-6.5;-18.0;1.2
SAE;194401;-;211;60;752.1;211.9;62.9;7422;-6.6;-19.6;1.6
SAE;194402;-;403;60;738.1;240.8;78.5;6522;-12.1;-21.0;-0.8
SAE;194403;-;474;82;741.3;245.8;79.8;4770;-11.7;-18.8;-4.5
SAE;194404;-;447;74;749.7;174.1;75.9;6450;-2.7;-14.6;6.9
SAE;194405;-;-;72;751.8;119.7;79.5;8532;0.1;-11.3;12.0
SAE;194406;-;-;83;750.2;308.3;87.0;4950;1.8;-5.7;10.4
SAE;194407;-;-;81;753.6;416.1;83.0;6420;5.0;-1.6;14.4
SAE;194408;-;-;63;757.5;139.8;73.3;10944;9.3;1.7;18.6
SAE;194409;-;-;67;754.5;312.5;82.5;7961;2.4;-7.0;11.9
SAE;194410;-;-;75;744.6;269.7;80.7;6000;-2.6;-11.7;4.2
SAE;194411;-;184;80;742.8;564.9;82.8;2892;-6.8;-14.4;2.2
SAE;194412;-;275;59;743.4;244.2;62.3;7134;-9.2;-18.8;-1.6
SAE;194501;-;279;71;735.7;101.0;67.0;5052;-13.8;-24.2;-1.7
SAE;194502;-;384;72;752.6;274.6;63.8;6504;-5.7;-12.4;0.9
SAE;194503;-;464;69;753.3;288.7;72.7;7170;-5.7;-17.8;2.0
SAE;194504;-;458;64;750.1;270.8;67.9;9072;-2.6;-13.4;4.6
SAE;194505;-;-;66;751.1;169.4;62.6;10836;2.5;-13.0;12.3
SAE;194506;-;-;69;756.9;183.4;76.9;9006;5.4;-3.6;15.2
SAE;194507;-;-;60;756.2;193.0;81.9;12414;7.2;-3.8;18.2
SAE;194508;-;-;76;751.8;388.2;88.1;7446;4.9;-2.4;16.6
SAE;194509;-;-;64;755.2;354.3;85.6;8826;3.4;-6.3;13.4
SAE;194510;-;-;60;753.4;164.8;80.8;8814;-0.9;-10.5;5.2
SAE;194511;-;58;50;746.1;114.8;70.7;8442;-5.1;-13.5;3.4
SAE;194512;-;139;79;741.5;305.9;81.4;3372;-8.2;-22.5;2.2
SAE;194601;-;174;45;747.3;136.7;71.9;9024;-8.4;-24.9;0.1
SAE;194602;-;328;92;744.2;393.7;91.9;1824;-9.0;-17.0;-2.1
SAE;194603;-;394;51;744.2;105.6;77.3;10302;-5.1;-12.7;4.0
SAE;194604;-;284;52;750.2;23.3;73.2;11412;-0.3;-8.6;6.2
SAE;194605;-;-;72;747.9;146.4;79.9;8442;2.1;-6.7;10.0
SAE;194606;-;-;80;752.7;246.2;89.5;4296;2.5;-5.1;13.8
SAE;194607;-;-;62;757.4;233.2;79.0;10704;6.7;-1.7;16.8
SAE;194608;-;-;71;753.8;205.8;82.7;8028;5.0;-3.6;17.5
SAE;194609;-;-;54;755.5;195.8;73.7;11022;4.9;-4.7;11.7
SAE;194610;-;-;57;749.2;218.2;71.4;9522;-1.2;-10.9;10.2
SAE;194611;-;45;57;744.5;112.9;70.8;8286;-4.8;-10.9;1.8
SAE;194612;-;109;66;741.3;172.3;86.7;5730;-9.8;-17.4;-2.8
SAE;194701;-;191;58;741.5;176.1;74.9;7254;-11.4;-24.1;2.0
SAE;194702;-;205;64;733.8;72.5;82.6;6768;-9.6;-18.0;-1.5
SAE;194703;-;277;85;740.2;234.2;82.3;3564;-5.5;-18.1;4.0
SAE;194704;-;242;62;753.1;145.4;73.7;9114;-1.3;-11.5;8.2
SAE;194705;-;-;68;751.8;84.6;78.2;8628;3.4;-8.0;13.3
SAE;194706;-;-;63;755.2;222.6;77.1;9216;5.6;-4.5;16.2
SAE;194707;-;-;59;756.6;256.8;78.7;13668;7.8;-2.1;18.5
SAE;194708;-;-;54;756.6;123.1;75.6;12648;7.5;1.0;18.2
SAE;194709;-;-;51;757.0;82.8;72.5;12378;5.7;-4.5;14.9
SAE;194710;-;-;48;753.9;76.1;67.2;12042;1.8;-7.0;10.4
SAE;194711;-;88;81;746.5;618.0;92.0;3732;-4.6;-16.7;2.2
SAE;194712;-;176;80;741.2;280.0;90.8;3744;-10.0;-17.0;-0.8
SAE;194801;-;282;84;738.6;309.8;86.6;4434;-7.2;-17.1;0.1
SAE;194802;-;382;73;746.3;366.4;79.0;5226;-9.5;-23.3;0.8
SAE;194803;-;360;43;756.6;180.2;63.8;14124;-3.0;-11.0;3.6
SAE;194804;-;302;61;746.3;99.2;74.8;10476;-3.0;-10.9;5.7
SAE;194805;-;-;64;749.3;128.9;75.4;12912;2.0;-7.4;10.5
SAE;194806;-;-;77;751.9;468.7;83.1;8280;2.2;-5.2;14.4
SAE;194807;-;-;82;753.4;516.8;89.0;6408;3.2;-5.2;14.0
SAE;194808;-;-;72;754.1;286.2;83.1;9732;5.5;-3.7;14.9
SAE;194809;-;-;47;755.1;100.5;66.5;12930;4.2;-5.8;13.0
SAE;194810;-;-;58;752.5;48.6;66.5;9828;1.3;-6.9;8.6
SAE;194811;-;23;48;755.1;103.4;51.8;8934;-1.5;-8.3;4.1
SAE;194812;-;32;43;751.0;85.6;54.9;9234;-4.7;-14.8;5.6
SAE;194901;-;137;56;750.4;229.2;63.2;7320;-6.7;-17.2;2.9
SAE;194902;-;181;39;753.6;65.2;52.5;10662;-6.9;-23.0;2.0
SAE;194903;-;188;63;744.5;149.1;71.8;8934;-9.2;-23.6;1.0
SAE;194904;-;138;60;752.0;119.9;71.8;11796;-0.3;-15.2;8.7
SAE;194905;-;-;78;747.7;126.9;82.4;7650;0.0;-11.7;10.3
SAE;194906;-;-;67;753.8;129.9;79.2;9234;2.9;-3.0;12.1
SAE;194907;-;-;57;757.1;166.8;72.8;13440;6.4;-2.2;16.8
SAE;194908;-;-;66;757.6;213.0;78.1;10956;5.9;-3.9;16.0
SAE;194909;-;-;57;757.5;144.4;71.9;11316;6.5;-1.3;14.2
SAE;194910;-;-;49;754.7;74.1;66.3;12060;2.1;-11.0;10.6
SAE;194911;-;58;63;740.9;240.4;81.0;5952;-6.6;-12.0;1.0
SAE;194912;-;109;60;745.5;237.8;76.1;6522;-6.2;-16.3;0.8
SAE;195001;-;176;58;746.2;120.0;64.9;7170;-8.0;-17.8;0.6
SAE;195002;-;209;74;743.9;204.8;71.2;5310;-6.7;-18.9;3.9
SAE;195003;-;259;44;748.9;60.3;65.1;13104;-5.0;-18.5;4.3
SAE;195004;-;307;83;741.1;220.2;86.9;5124;-5.9;-13.7;1.9
SAE;195005;-;-;62;751.9;132.5;76.7;11358;2.3;-4.9;15.4
SAE;195006;-;-;55;756.8;128.2;73.9;13050;6.4;-1.3;16.9
SAE;195007;-;-;62;756.5;228.5;76.1;10860;8.2;-0.2;16.7
SAE;195008;-;-;64;754.6;346.8;77.8;10386;6.7;-2.1;16.1
SAE;195009;-;-;77;752.2;288.8;84.1;6330;2.2;-5.9;13.5
SAE;195010;-;-;49;752.3;98.1;63.1;11832;0.0;-14.0;8.8
SAE;195011;-;90;78;742.8;389.4;84.8;4626;-5.7;-11.7;4.3
SAE;195012;-;178;64;736.0;55.2;81.2;6762;-10.0;-20.0;-0.8
SAE;195101;-;230;74;741.1;260.9;77.9;6864;-7.7;-15.2;2.8
SAE;195102;-;344;81;737.8;126.4;89.2;4566;-9.4;-17.9;-1.8
SAE;195103;-;401;77;738.7;213.5;84.3;5946;-8.3;-19.2;0.1
SAE;195104;-;437;67;746.9;99.8;75.7;12264;-4.4;-11.9;4.2
SAE;195105;-;-;75;746.2;118.6;77.9;12078;0.0;-8.3;13.0
SAE;195106;-;-;75;752.8;221.3;83.2;10128;3.4;-2.8;15.5
SAE;195107;-;-;63;756.4;245.5;78.1;15713;6.2;-1.4;17.8
SAE;195108;-;-;66;754.1;167.1;75.2;12504;6.2;-0.6;15.4
SAE;195109;-;-;56;754.8;107.2;72.4;10968;5.0;-4.3;15.2
SAE;195110;-;-;38;750.8;12.6;55.0;13458;0.7;-8.0;7.4
SAE;195111;-;58;82;743.2;296.8;80.2;5100;-3.9;-13.1;3.8
SAE;195112;-;112;49;749.4;139.9;56.2;9102;-4.8;-16.2;3.4
SAE;195201;-;175;71;739.9;190.4;85.1;5328;-10.7;-19.1;-0.4
SAE;195202;-;397;68;742.1;181.4;82.5;6852;-11.0;-18.7;-2.3
SAE;195203;-;429;74;742.6;303.6;87.9;6798;-6.0;-15.4;1.4
SAE;195204;-;399;58;749.4;37.5;79.8;11730;-1.5;-17.6;6.0
SAE;195205;-;-;74;751.0;143.4;86.1;11670;0.1;-7.0;9.2
SAE;195206;-;-;70;755.8;184.8;83.7;11856;4.5;-1.9;14.4
SAE;195207;-;-;63;757.7;127.3;78.1;15258;8.7;-1.8;19.4
SAE;195208;-;-;63;754.8;251.7;80.3;13152;6.8;-1.2;18.2
SAE;195209;-;-;82;749.0;325.7;92.5;5454;-0.8;-9.3;7.8
SAE;195210;-;-;84;747.5;455.1;90.5;4080;-2.7;-11.2;4.2
SAE;195211;-;313;82;740.9;530.4;90.5;4356;-8.0;-16.0;0.8
SAE;195212;-;395;72;740.5;279.4;86.4;4140;-8.7;-18.2;0.1
SAE;195301;-;446;44;743.5;55.7;78.4;10290;-10.2;-17.0;-0.4
SAE;195302;-;526;53;742.5;107.9;73.8;9084;-9.6;-24.0;5.7
SAE;195303;-;468;38;754.3;50.6;64.2;15563;-5.6;-17.4;3.5
SAE;195304;-;469;63;746.6;135.5;85.7;11244;-2.7;-11.2;5.2
SAE;195305;-;-;65;751.2;201.5;81.1;13662;1.0;-11.4;13.9
SAE;195306;-;-;87;749.3;337.5;87.6;6528;2.6;-8.3;12.0
SAE;195307;-;-;72;755.3;393.1;84.2;10722;6.3;-2.3;15.8
SAE;195308;-;-;63;757.1;159.6;79.8;12582;5.8;-2.2;15.0
SAE;195309;-;-;61;754.5;139.6;75.6;12084;4.6;-4.0;14.8
SAE;195310;-;-;47;752.8;61.4;66.0;12660;2.0;-7.7;9.0
SAE;195311;-;27;31;755.2;39.1;48.6;13494;-0.7;-10.0;5.0
SAE;195312;-;27;55;751.1;119.9;71.2;7800;-4.5;-20.7;6.1
SAE;195401;-;162;71;740.2;272.6;81.9;4716;-12.0;-20.2;-2.0
SAE;195402;-;203;63;738.0;69.1;80.7;7098;-9.0;-16.8;-2.6
SAE;195403;-;208;63;741.7;66.6;74.9;10680;-5.8;-14.9;4.0
SAE;195404;-;209;75;746.5;171.8;86.0;8004;-5.4;-14.7;3.4
SAE;195405;-;-;71;748.2;144.4;85.2;10482;-0.9;-9.1;8.1
SAE;195406;-;-;75;752.8;234.9;85.6;9606;3.8;-3.9;13.0
SAE;195407;-;-;86;752.0;369.6;90.5;6606;2.2;-4.8;10.9
SAE;195408;-;-;76;752.1;371.4;86.7;8784;4.0;-2.3;14.0
SAE;195409;-;-;72;754.2;375.9;83.3;9060;3.1;-10.3;16.0
SAE;195410;-;-;56;752.6;183.6;75.0;10062;-0.2;-8.8;9.4
SAE;195411;-;23;58;747.3;111.4;80.0;8574;-4.1;-17.8;6.3
SAE;195412;-;101;65;745.4;336.1;78.6;6972;-6.3;-15.6;3.7
SAE;195501;-;207;66;741.0;267.7;81.9;7152;-5.9;-19.1;0.1
SAE;195502;-;304;83;733.6;254.5;94.4;2796;-10.8;-19.6;-2.4
SAE;195503;-;335;57;741.4;96.7;82.2;11172;-8.2;-18.2;6.2
SAE;195504;-;407;62;750.0;198.0;86.3;10212;-5.3;-13.8;7.6
SAE;195505;-;-;70;750.3;305.3;86.3;11190;-1.6;-9.9;8.4
SAE;195506;-;-;79;753.0;276.2;87.9;9306;3.2;-5.8;11.9
SAE;195507;-;-;76;754.3;378.6;89.3;9882;5.4;-1.9;14.4
SAE;195508;-;-;75;754.9;187.4;87.4;9342;4.4;-4.3;12.7
SAE;195509;-;-;61;753.6;238.8;85.2;9486;2.3;-7.2;11.0
SAE;195510;-;-;56;748.5;133.1;78.4;11100;-1.9;-14.2;7.7
SAE;195511;-;24;49;748.5;54.1;70.0;10386;-4.4;-18.9;7.1
SAE;195512;-;64;77;744.3;350.1;86.3;4404;-5.7;-14.4;1.2
SAE;195601;-;101;65;742.7;250.0;83.1;6858;-7.6;-17.0;-0.3
SAE;195602;-;193;51;735.0;57.7;84.4;10452;-17.2;-30.3;-3.8
SAE;195603;-;185;65;744.0;166.5;83.9;10086;-8.1;-23.2;2.0
SAE;195604;-;202;77;742.1;116.4;88.5;8604;-6.1;-19.4;2.4
SAE;195605;-;-;63;753.8;247.2;84.7;12828;0.3;-12.0;12.1
SAE;195606;-;-;86;752.5;255.9;91.1;6192;0.8;-7.0;10.9
SAE;195607;-;-;69;754.6;278.5;83.0;13020;5.3;-0.9;15.2
SAE;195608;-;-;71;751.7;478.3;86.7;9876;3.9;-3.8;17.1
SAE;195609;-;-;51;755.5;226.3;73.5;13146;5.3;-4.0;11.6
SAE;195610;-;-;54;752.3;270.7;74.4;10794;-2.1;-12.6;11.1
SAE;195611;-;85;61;746.0;165.4;74.7;8232;-6.3;-16.0;3.3
SAE;195612;-;101;53;749.3;122.1;80.7;7788;-7.7;-20.0;-0.8
SAE;195701;-;129;61;748.7;165.0;68.2;8171;-8.3;-18.3;0.8
SAE;195702;-;176;77;742.9;309.1;87.5;4782;-6.9;-15.3;3.7
SAE;195703;-;252;58;748.9;229.5;74.4;12066;-2.7;-9.8;7.2
SAE;195704;-;291;74;747.4;184.6;88.2;8622;-4.0;-15.2;4.1
SAE;195705;-;-;77;746.9;198.4;89.4;8070;-2.3;-15.3;7.2
SAE;195706;-;-;68;754.4;224.0;81.4;12984;4.8;-3.2;14.8
SAE;195707;-;-;72;754.7;545.7;85.6;9828;5.4;-2.5;20.5
SAE;195708;-;-;77;753.8;382.4;88.0;9690;4.0;-3.5;14.2
SAE;195709;-;-;73;752.3;287.3;85.0;8178;1.5;-7.0;13.7
SAE;195710;-;-;56;753.2;47.7;62.1;14952;1.6;-9.2;10.6
SAE;195711;-;1;46;748.4;11.9;70.5;10740;-2.3;-12.5;2.6
SAE;195712;-;11;47;744.2;102.4;72.6;9570;-7.3;-13.0;-0.2
SAE;195801;-;122;62;742.6;206.0;80.0;6792;-8.5;-19.2;1.0
SAE;195802;-;116;79;743.4;398.5;82.0;5154;-7.1;-18.3;2.7
SAE;195803;-;271;71;737.9;174.7;84.5;9018;-10.5;-21.7;1.9
SAE;195804;-;299;74;743.7;182.5;85.0;7362;-7.0;-16.4;0.8
SAE;195805;-;-;68;753.4;110.3;74.3;12312;3.3;-6.8;11.0
SAE;195806;-;-;77;751.4;248.0;84.3;10968;2.7;-5.3;12.2
SAE;195807;-;-;74;754.9;263.9;84.7;11490;6.3;-1.9;16.0
SAE;195808;-;-;74;755.0;297.9;78.9;11808;6.8;-1.4;18.4
SAE;195809;-;-;57;756.3;173.2;75.5;10812;5.5;-4.4;13.6
SAE;195810;-;-;65;753.5;372.4;77.2;8496;-0.4;-11.9;9.7
SAE;195811;-;82;53;749.7;77.6;75.6;9822;-2.8;-9.9;5.3
SAE;195812;-;129;62;739.6;159.9;73.1;6966;-6.8;-14.3;2.6
SAE;195901;-;221;68;742.0;115.7;79.9;5958;-9.7;-20.7;4.3
SAE;195902;-;177;34;756.6;42.7;55.7;13728;-4.5;-18.7;4.6
SAE;195903;-;180;69;747.3;71.0;78.9;8898;-3.8;-11.0;4.5
SAE;195904;-;193;65;745.1;143.3;74.6;11862;-2.9;-15.9;8.2
SAE;195905;-;145;73;749.6;147.5;82.6;12216;0.9;-8.2;10.6
SAE;195906;-;23;85;755.2;324.9;91.5;7206;3.6;-6.1;12.7
SAE;195907;-;1;63;757.0;216.4;77.7;14034;7.3;-2.9;16.1
SAE;195908;-;0;69;755.8;144.4;85.8;10272;5.3;-1.6;14.3
SAE;195909;-;0;45;755.9;72.8;73.1;13950;5.6;-0.2;12.3
SAE;195910;-;10;48;752.0;155.2;74.7;12516;-0.1;-11.3;7.6
SAE;195911;-;88;55;745.7;69.7;68.7;9144;-4.1;-11.3;5.0
SAE;195912;-;68;66;740.1;208.1;83.9;5574;-6.7;-12.3;1.0
SAE;196001;-;182;67;743.0;182.3;83.5;6456;-9.6;-25.2;1.0
SAE;196002;-;172;72;741.6;149.7;82.3;6090;-7.5;-20.7;10.6
SAE;196003;-;250;68;742.4;189.3;86.6;8862;-5.7;-11.7;5.8
SAE;196004;-;224;76;747.4;171.5;89.5;8706;-4.6;-12.9;3.8
SAE;196005;-;182;71;751.9;211.4;84.5;12450;1.2;-11.5;12.4
SAE;196006;-;16;77;755.5;280.4;83.2;11304;4.9;-4.4;12.6
SAE;196007;-;0;86;753.1;321.3;91.3;7194;3.2;-3.4;13.8
SAE;196008;-;0;79;753.1;450.2;86.0;9702;4.7;-2.0;15.6
SAE;196009;-;4;72;751.3;188.5;83.7;8622;1.8;-6.0;10.6
SAE;196010;-;78;78;743.8;241.6;87.0;5934;-2.2;-10.1;7.8
SAE;196011;-;109;74;744.8;185.8;87.0;4800;-4.8;-13.1;6.2
SAE;196012;-;86;61;739.4;59.6;78.3;6462;-7.7;-15.6;1.7
SAE;196101;-;109;68;743.5;143.2;81.0;6204;-7.7;-14.0;-1.3
SAE;196102;-;187;58;752.1;306.1;75.0;8472;-5.3;-15.2;3.0
SAE;196103;-;196;48;753.4;177.6;70.4;12132;-5.2;-16.5;5.3
SAE;196104;-;162;73;746.4;167.9;90.1;7866;-1.4;-6.6;5.0
SAE;196105;-;186;82;748.4;271.7;95.0;6846;-1.9;-9.7;7.9
SAE;196106;-;104;74;754.5;231.7;88.5;11058;4.3;-4.4;15.4
SAE;196107;-;1;79;754.3;336.8;89.5;10170;3.6;-3.2;15.9
SAE;196108;-;2;61;757.1;288.2;83.3;12828;5.2;-3.7;16.5
SAE;196109;-;0;52;757.8;104.1;71.6;13170;7.5;-3.7;16.7
SAE;196110;-;6;48;750.7;90.0;75.2;13416;1.1;-11.4;10.6
SAE;196111;-;45;56;744.3;72.7;69.7;9480;-4.0;-15.2;3.9
SAE;196112;-;65;59;744.0;306.6;79.7;7308;-6.5;-21.9;2.4
SAE;196201;-;109;78;746.3;281.9;83.5;4338;-7.8;-23.8;-0.2
SAE;196202;-;195;65;745.0;128.6;78.3;7422;-10.0;-21.1;-1.8
SAE;196203;-;199;69;737.0;163.8;86.9;8568;-10.8;-22.4;-0.5
SAE;196204;-;271;67;746.0;202.2;85.4;10002;-5.2;-14.4;5.4
SAE;196205;-;259;86;748.5;347.9;93.5;6102;-2.8;-14.9;8.4
SAE;196206;-;162;69;755.3;84.3;85.9;12060;1.6;-10.1;14.4
SAE;196207;-;7;77;754.4;203.1;85.1;10734;4.5;-6.9;16.2
SAE;196208;-;0;57;757.2;228.4;77.1;15972;6.9;-1.4;18.6
SAE;196209;-;5;59;753.6;161.0;77.3;11274;3.0;-8.9;14.9
SAE;196210;-;0;36;753.8;29.6;59.5;14928;1.8;-11.7;13.2
SAE;196211;-;38;58;744.0;50.0;75.6;7614;-6.6;-18.2;4.1
SAE;196212;-;122;56;743.4;336.4;69.1;7248;-9.1;-26.6;2.9
SAE;196301;-;182;68;739.4;64.8;86.3;6792;-13.5;-26.1;-1.6
SAE;196302;-;171;52;735.0;45.3;67.6;9216;-11.6;-20.9;-2.6
SAE;196303;-;214;64;744.3;197.1;75.4;8952;-7.0;-16.5;2.6
SAE;196304;-;320;73;745.2;135.9;84.4;7968;-3.2;-11.7;3.5
SAE;196305;-;228;76;749.4;145.4;90.9;9978;-0.6;-9.6;9.1
SAE;196306;-;95;72;751.3;342.8;87.2;9564;3.5;-3.4;15.3
SAE;196307;-;0;63;756.7;207.6;78.5;14070;6.7;-0.5;14.4
SAE;196308;-;4;72;751.6;410.2;86.1;9462;4.2;-4.4;17.1
SAE;196309;-;0;69;754.1;172.9;83.3;8520;3.7;-6.0;13.4
SAE;196310;-;11;40;754.0;144.1;58.1;13788;1.1;-7.6;8.9
SAE;196311;-;36;64;744.7;177.7;83.4;6498;-3.1;-14.1;5.7
SAE;196312;-;42;34;744.6;16.0;63.3;11358;-6.7;-22.8;4.9
SAE;196401;-;34;28;753.5;76.6;49.2;12624;-5.4;-15.1;1.8
SAE;196402;-;130;65;745.2;106.6;82.4;7734;-7.2;-19.3;1.6
SAE;196403;-;165;78;740.9;185.3;93.6;6228;-6.9;-19.9;1.9
SAE;196404;-;143;68;747.5;225.7;91.2;9564;-2.9;-12.4;7.1
SAE;196405;-;115;71;753.1;308.5;89.1;11634;1.2;-7.3;9.5
SAE;196406;-;1;67;754.6;170.5;84.4;11238;4.9;-5.6;14.0
SAE;196407;-;1;61;757.8;139.6;84.5;14904;6.5;-3.9;15.3
SAE;196408;-;3;64;754.6;296.8;85.6;10452;4.7;-2.2;16.9
SAE;196409;-;6;46;756.8;219.9;72.4;13260;4.2;-8.0;14.3
SAE;196410;-;89;69;748.0;239.1;92.2;7272;-3.0;-11.4;9.9
SAE;196411;-;85;63;749.6;309.4;83.7;6930;-3.0;-13.8;7.5
SAE;196412;-;103;56;742.6;89.4;72.8;7320;-7.2;-22.5;3.5
SAE;196501;-;190;79;740.8;211.6;90.8;3288;-9.0;-17.9;0.8
SAE;196502;-;264;59;742.5;147.6;82.8;8454;-13.7;-22.5;-2.3
SAE;196503;-;270;61;744.7;137.2;78.9;9204;-6.9;-20.4;4.9
SAE;196504;-;360;80;742.7;457.5;91.6;6054;-6.0;-13.7;1.2
SAE;196505;-;551;82;748.4;351.6;94.3;6564;-1.6;-8.6;5.8
SAE;196506;-;397;71;753.0;405.7;89.1;11022;3.7;-6.2;15.8
SAE;196507;-;29;75;752.2;385.5;90.0;9066;3.4;-6.1;14.8
SAE;196508;-;0;72;753.4;291.5;86.6;10458;3.9;-4.3;15.9
SAE;196509;-;7;64;749.6;156.9;82.3;9132;1.5;-5.9;12.2
SAE;196510;-;0;26;754.4;12.9;52.9;15636;3.1;-5.6;10.3
SAE;196511;-;71;79;740.5;225.2;91.3;4206;-6.5;-19.7;8.0
SAE;196512;-;104;86;739.3;448.1;88.8;1746;-7.9;-15.2;2.5
SAE;196601;-;225;72;740.2;195.8;89.0;5904;-10.3;-24.9;5.0
SAE;196602;-;292;75;741.7;244.4;84.2;4326;-4.7;-11.4;3.4
SAE;196603;-;446;74;745.6;228.5;88.2;7584;-9.2;-18.1;0.7
SAE;196604;-;453;71;745.4;162.6;88.8;10212;-2.7;-12.2;5.8
SAE;196605;-;397;68;751.5;268.4;84.9;11424;0.1;-8.2;9.8
SAE;196606;-;143;68;753.8;304.7;85.1;11736;3.8;-3.4;13.4
SAE;196607;-;11;78;752.0;436.4;91.1;9192;3.1;-2.7;12.3
SAE;196608;-;1;72;753.0;396.6;85.6;9444;4.0;-4.8;19.1
SAE;196609;-;0;48;755.3;108.1;75.8;13470;5.2;-3.6;16.4
SAE;196610;-;3;64;747.2;87.8;83.2;9492;1.6;-10.9;10.8
SAE;196611;-;76;73;743.0;158.7;84.8;5784;-7.8;-15.9;6.4
SAE;196612;-;297;80;741.2;426.6;93.0;3132;-9.3;-15.5;-1.4
SAE;196701;-;476;66;746.0;226.4;82.8;6888;-9.3;-22.1;3.9
SAE;196702;-;486;60;746.2;124.8;78.2;6828;-7.5;-19.4;3.3
SAE;196703;-;525;69;748.1;267.3;89.6;7164;-6.8;-14.1;2.4
SAE;196704;-;644;61;744.7;182.2;85.4;11292;-5.8;-15.3;5.1
SAE;196705;-;575;63;748.8;216.8;81.6;12600;-0.3;-12.3;14.7
SAE;196706;-;441;63;754.5;187.1;85.4;12930;1.9;-7.1;16.0
SAE;196707;-;13;56;757.8;245.0;82.6;15306;7.3;-3.6;17.7
SAE;196708;-;0;65;755.0;252.6;82.0;11742;5.5;-3.0;15.1
SAE;196709;-;9;67;752.2;201.5;82.9;9090;2.7;-4.8;15.9
SAE;196710;-;2;45;752.8;138.0;70.1;13338;2.6;-9.3;12.1
SAE;196711;-;20;54;748.8;65.7;72.2;8052;-2.1;-14.8;7.4
SAE;196712;-;68;63;743.3;187.7;74.3;5388;-9.6;-21.9;4.6
SAE;196801;-;340;72;742.2;401.3;85.3;5544;-10.6;-25.9;2.7
SAE;196802;-;487;62;741.2;93.6;77.9;8676;-8.0;-17.3;-1.3
SAE;196803;-;549;60;745.7;168.4;74.4;10176;-6.8;-18.8;9.2
SAE;196804;-;463;54;747.7;93.4;77.2;13218;-2.5;-14.9;11.4
SAE;196805;-;276;78;748.9;164.6;89.8;10392;-0.9;-11.2;10.3
SAE;196806;-;12;76;753.2;190.6;91.9;10896;2.9;-6.6;13.4
SAE;196807;-;6;72;755.5;285.5;90.5;10872;4.5;-3.5;16.4
SAE;196808;-;1;75;751.9;445.1;93.1;8106;3.4;-4.6;11.0
SAE;196809;-;10;68;751.3;395.5;92.3;8868;1.7;-4.2;10.9
SAE;196810;-;6;52;754.5;142.1;76.0;11448;2.5;-5.0;9.9
SAE;196811;-;2;53;745.1;25.9;75.0;9042;-2.2;-10.4;6.2
SAE;196812;-;55;47;739.6;211.7;78.2;8772;-8.2;-20.7;2.5
SAE;196901;-;200;61;743.7;150.5;80.9;7440;-7.1;-19.2;4.3
SAE;196902;-;188;69;735.3;85.5;90.8;6624;-12.7;-22.3;-0.6
SAE;196903;-;181;60;740.7;60.0;89.2;9576;-6.9;-16.3;2.9
SAE;196904;-;240;73;745.6;282.3;87.4;7746;-4.8;-15.1;7.6
SAE;196905;-;128;63;749.4;119.0;84.9;13536;1.4;-9.0;14.4
SAE;196906;-;47;75;749.9;357.8;93.5;8484;1.1;-8.4;11.1
SAE;196907;-;4;61;758.2;231.9;88.8;13620;6.3;-4.3;15.8
SAE;196908;-;17;76;753.1;539.3;92.1;10158;3.8;-4.9;14.4
SAE;196909;-;4;49;754.0;26.8;82.7;12774;5.0;-0.6;14.2
SAE;196910;-;1;28;756.2;30.8;61.2;16008;3.5;-8.4;11.2
SAE;196911;-;68;64;742.7;196.1;85.3;6492;-5.7;-17.9;5.4
SAE;196912;-;214;48;738.2;129.5;82.2;9258;-10.9;-20.8;-2.5
SAE;197001;-;263;67;739.5;155.9;69.6;6678;-7.0;-16.7;2.2
SAE;197002;-;479;92;736.6;408.1;88.9;1728;-11.5;-22.1;-3.4
SAE;197003;-;695;75;738.6;158.8;93.9;7284;-10.7;-20.0;-0.2
SAE;197004;-;534;87;743.5;306.6;93.8;3894;-7.4;-16.6;3.6
SAE;197005;-;565;82;748.3;276.8;94.0;6648;-2.4;-11.8;3.5
SAE;197006;-;404;75;754.4;143.4;88.6;11118;4.2;-4.8;14.2
SAE;197007;-;177;70;754.1;355.5;91.2;11418;4.5;-5.5;14.6
SAE;197008;-;3;73;754.3;414.7;90.8;8850;5.4;-1.8;17.4
SAE;197009;-;0;49;756.0;173.4;74.9;13110;4.9;-5.8;14.5
SAE;197010;-;25;57;752.5;374.4;70.6;10866;-0.2;-12.5;11.0
SAE;197011;-;92;67;747.7;266.0;82.8;5904;-3.3;-13.6;8.2
SAE;197012;-;233;56;746.3;175.0;73.8;7086;-8.2;-20.8;3.8
SAE;197101;-;225;58;741.8;47.8;78.4;7692;-7.8;-22.3;0.6
SAE;197102;-;271;68;744.6;253.2;79.2;7164;-9.6;-21.2;3.2
SAE;197103;-;400;74;739.0;60.4;87.3;8100;-11.3;-28.2;1.4
SAE;197104;-;311;60;745.5;89.7;82.7;12750;-2.0;-10.2;7.0
SAE;197105;-;204;76;748.6;101.1;85.5;9588;1.9;-6.5;12.4
SAE;197106;-;107;86;749.9;531.3;95.7;6042;1.0;-5.2;10.2
SAE;197107;-;12;51;757.3;95.0;79.7;17550;6.8;-4.6;19.5
SAE;197108;-;0;64;755.9;244.6;80.7;12870;7.1;-2.3;19.0
SAE;197109;-;2;55;756.1;148.9;77.1;12528;2.1;-9.8;11.8
SAE;197110;-;3;45;758.3;56.7;61.0;13782;2.3;-10.9;10.7
SAE;197111;-;46;61;743.8;189.0;84.4;8226;-5.7;-20.2;5.8
SAE;197112;-;111;49;753.9;127.4;65.6;9330;-3.7;-22.0;5.5
SAE;197201;-;51;63;741.8;29.6;85.6;7272;-8.0;-17.0;-0.2
SAE;197202;-;33;70;742.4;34.2;78.4;6924;-6.0;-15.6;2.5
SAE;197203;-;37;60;745.3;75.9;83.7;10128;-4.9;-13.0;5.4
SAE;197204;-;134;85;742.8;269.3;95.6;5712;-5.6;-15.6;3.0
SAE;197205;-;212;84;747.7;256.5;94.4;6150;-1.7;-10.0;6.2
SAE;197206;-;116;73;751.7;196.9;91.0;10278;2.0;-5.8;11.6
SAE;197207;-;8;78;755.2;297.4;90.4;8172;4.7;-4.0;18.5
SAE;197208;-;2;71;755.1;144.9;85.9;10206;4.5;-7.6;16.4
SAE;197209;-;5;65;751.6;116.2;85.3;9168;-0.6;-8.2;8.6
SAE;197210;-;32;45;751.4;157.7;64.4;12852;-0.1;-12.5;7.8
SAE;197211;-;125;64;748.7;323.0;84.3;6894;-4.4;-15.4;8.5
SAE;197212;-;209;38;752.4;25.1;58.7;11100;-4.0;-12.5;4.8
SAE;197301;-;214;53;748.6;153.9;67.7;7614;-6.5;-14.0;0.6
SAE;197302;-;376;64;741.3;181.9;80.7;7260;-10.9;-21.4;1.6
SAE;197303;-;482;59;748.8;72.6;73.8;10086;-8.3;-18.8;3.0
SAE;197304;-;513;80;743.3;249.1;91.8;6276;-8.5;-16.8;4.0
SAE;197305;-;418;71;752.3;149.8;83.1;11226;0.9;-7.6;9.0
SAE;197306;-;214;75;755.3;211.4;86.3;9876;4.2;-3.2;14.8
SAE;197307;-;14;85;753.2;381.4;93.5;6978;3.8;-2.8;13.8
SAE;197308;-;0;61;758.5;166.4;82.0;13098;7.3;-1.3;14.6
SAE;197309;-;1;63;754.9;184.9;80.2;10314;4.0;-7.0;14.2
SAE;197310;-;47;59;751.8;304.3;72.0;9036;-1.0;-12.5;9.8
SAE;197311;-;110;64;750.3;353.1;74.2;6792;-5.4;-20.2;5.8
SAE;197312;-;364;70;743.9;371.7;82.0;4338;-8.3;-25.0;0.6
SAE;197401;-;389;63;750.0;153.9;76.3;6570;-5.4;-13.0;5.0
SAE;197402;-;385;70;740.8;107.3;85.8;5820;-7.8;-15.5;2.2
SAE;197403;-;367;68;745.5;96.9;81.4;8484;-5.4;-15.2;4.9
SAE;197404;-;319;70;744.1;57.7;88.6;8952;-5.0;-14.2;2.5
SAE;197405;-;303;73;748.0;181.8;89.3;9366;-1.7;-8.6;7.2
SAE;197406;-;189;81;750.9;275.6;91.4;7482;0.7;-6.4;9.5
SAE;197407;-;60;78;755.3;236.0;91.4;9612;3.3;-4.6;12.6
SAE;197408;-;1;56;756.5;206.2;76.1;13392;6.7;-4.2;18.2
SAE;197409;-;7;63;751.4;167.6;80.5;10752;2.3;-9.0;13.6
SAE;197410;-;106;93;741.9;313.3;99.0;1800;-7.9;-13.4;-1.2
SAE;197411;-;197;71;745.9;205.7;82.0;5544;-5.7;-13.7;2.0
SAE;197412;-;255;75;750.7;265.0;83.2;3948;-6.5;-17.4;2.8
SAE;197501;-;277;64;749.5;104.0;77.0;5202;-5.4;-14.2;4.8
SAE;197502;-;297;38;750.4;75.8;57.4;12354;-6.4;-16.0;5.5
SAE;197503;-;322;79;737.7;115.4;81.7;6534;-8.1;-17.4;4.5
SAE;197504;-;475;70;746.1;160.7;89.7;9840;-5.3;-15.3;7.2
SAE;197505;-;362;68;749.3;149.2;82.5;12144;0.3;-10.2;12.9
SAE;197506;-;231;75;752.3;244.4;91.2;8922;1.5;-8.6;12.5
SAE;197507;-;83;65;756.0;178.2;84.7;13092;5.4;-5.6;15.4
SAE;197508;-;9;71;756.4;339.3;85.6;10218;6.0;-3.5;16.2
SAE;197509;-;0;63;755.9;63.0;82.2;10950;5.4;-8.4;17.0
SAE;197510;-;15;51;753.3;114.6;66.9;11208;-0.2;-10.8;9.8
SAE;197511;-;35;60;746.3;139.2;82.5;7032;-4.7;-19.6;4.5
SAE;197512;-;101;35;750.2;17.9;63.2;10530;-4.1;-15.0;8.0
SAE;197601;-;204;78;745.4;280.8;89.5;4248;-9.1;-21.6;3.4
SAE;197602;-;321;50;747.7;46.0;74.1;10668;-4.9;-16.4;10.4
SAE;197603;-;307;53;745.6;56.9;76.5;11298;-7.7;-20.0;5.0
SAE;197604;-;309;61;745.5;94.7;85.8;11262;-4.0;-13.9;5.0
SAE;197605;-;227;66;751.1;138.8;89.6;11700;0.5;-8.6;10.2
SAE;197606;-;106;58;756.5;108.8;83.9;14916;4.8;-6.6;14.6
SAE;197607;-;4;73;755.3;388.1;88.1;9060;5.9;-2.6;16.0
SAE;197608;-;0;74;755.0;146.1;86.6;7854;2.9;-4.3;10.4
SAE;197609;-;18;68;751.4;192.7;84.6;7662;1.2;-6.9;10.4
SAE;197610;-;5;64;746.0;65.0;74.3;7794;1.5;-7.2;13.4
SAE;197611;-;41;64;746.7;98.5;80.5;6300;-5.4;-14.8;4.4
SAE;197612;-;178;63;738.9;116.4;76.7;6294;-8.8;-17.5;0.2
SAE;197701;-;270;78;741.8;71.2;87.6;3456;-8.1;-16.4;0.8
SAE;197702;-;374;78;741.2;127.5;86.8;4806;-7.1;-17.0;0.8
SAE;197703;-;385;71;749.5;86.0;73.5;8904;-3.6;-16.6;7.4
SAE;197704;-;502;86;745.1;281.7;88.2;4716;-5.6;-16.1;7.3
SAE;197705;-;397;75;748.7;68.3;84.7;9132;-0.3;-8.1;10.7
SAE;197706;-;240;74;751.3;179.1;86.4;9624;2.7;-2.9;14.5
SAE;197707;-;63;73;752.9;309.1;86.3;9990;4.7;-2.4;14.6
SAE;197708;-;1;80;752.0;219.6;90.4;7452;3.2;-2.8;11.5
SAE;197709;-;2;63;755.7;143.8;80.5;9870;1.6;-7.3;11.7
SAE;197710;-;4;55;754.0;84.0;71.6;10044;2.7;-7.8;9.1
SAE;197711;-;58;75;743.7;193.9;85.5;4026;-6.1;-16.2;9.1
SAE;197712;-;170;54;749.0;83.6;66.7;6480;-4.2;-16.7;6.3
SAE;197801;-;251;70;741.6;124.7;77.4;5778;-8.3;-18.1;3.9
SAE;197802;-;402;76;737.1;162.9;84.9;4716;-8.7;-19.8;6.4
SAE;197803;-;403;78;743.9;169.6;80.5;5784;-6.6;-15.2;4.7
SAE;197804;-;497;70;741.3;98.6;86.5;8688;-5.8;-15.6;1.5
SAE;197805;-;479;86;746.9;137.8;91.9;3828;-2.4;-10.6;4.9
SAE;197806;-;385;74;751.0;174.2;86.4;8280;1.5;-6.0;11.2
SAE;197807;-;292;78;753.9;180.1;89.3;7506;3.5;-4.5;12.0
SAE;197808;-;99;70;754.8;241.4;86.3;9120;3.5;-5.8;11.8
SAE;197809;-;21;69;754.1;171.6;79.9;8736;1.5;-6.5;11.1
SAE;197810;-;22;48;754.7;151.7;68.0;11922;1.1;-9.1;14.5
SAE;197811;-;32;31;755.4;29.1;48.9;13266;-2.1;-18.1;7.6
SAE;197812;-;101;70;739.9;42.7;68.0;5262;-5.3;-13.6;7.0
SAE;197901;-;196;74;739.3;125.8;80.4;4632;-11.3;-28.8;0.5
SAE;197902;-;323;73;739.3;98.7;79.1;5808;-7.9;-18.9;0.1
SAE;197903;-;374;83;741.1;209.8;86.9;5508;-7.2;-14.3;1.1
SAE;197904;-;443;74;743.3;172.0;85.4;7338;-7.0;-13.9;4.2
SAE;197905;-;397;63;751.7;94.9;81.7;12180;-1.0;-15.6;12.7
SAE;197906;-;212;80;755.3;239.3;87.6;7734;3.4;-6.3;12.0
SAE;197907;-;78;83;756.7;95.3;86.2;5838;3.6;-3.6;13.7
SAE;197908;-;2;73;753.5;208.0;84.0;8466;3.7;-4.0;14.5
SAE;197909;-;10;53;756.3;134.4;73.9;11982;4.2;-6.1;12.4
SAE;197910;-;3;63;750.3;69.7;72.3;8964;2.2;-6.5;12.4
SAE;197911;-;112;65;747.0;239.4;72.5;6558;-4.7;-13.7;9.8
SAE;197912;-;168;73;745.3;223.9;79.9;3714;-5.6;-15.1;4.5
SAE;198001;-;409;69;742.7;178.7;78.0;5658;-8.7;-18.2;0.4
SAE;198002;-;467;55;748.9;105.2;66.8;8802;-5.9;-14.2;4.8
SAE;198003;-;475;78;741.4;98.5;80.3;7434;-6.7;-15.9;1.8
SAE;198004;-;642;75;745.9;426.7;86.1;6984;-7.4;-15.8;1.7
SAE;198005;-;661;76;746.4;84.3;87.3;7434;-1.8;-7.3;4.6
SAE;198006;-;471;86;750.8;255.3;90.1;5370;0.7;-6.8;14.4
SAE;198007;-;421;76;752.3;155.7;84.2;7242;2.8;-3.8;14.4
SAE;198008;-;220;66;756.4;150.4;82.0;9894;6.1;-3.7;18.3
SAE;198009;-;50;49;757.8;72.6;68.9;13062;4.6;-3.8;13.0
SAE;198010;-;38;71;748.0;207.7;74.5;7170;-1.3;-10.3;8.6
SAE;198011;-;51;59;746.6;86.6;68.1;7470;-4.6;-17.9;6.8
SAE;198012;-;233;63;746.7;247.6;71.4;6408;-8.8;-21.1;3.0
SAE;198101;62;459;69;745.9;298.6;67.7;6076;-10.2;-22.8;0.8
SAE;198102;130;534;43;745.1;97.2;59.2;11594;-8.8;-18.7;5.2
SAE;198103;133;560;84;744.7;153.8;78.5;5471;-4.2;-15.7;7.4
SAE;198104;211;452;68;748.7;59.8;73.4;10123;-2.4;-14.3;6.8
SAE;198105;202;456;78;748.1;195.4;78.1;8220;-0.2;-10.0;11.9
SAE;198106;225;338;75;754.5;161.3;78.1;8854;3.3;-6.7;14.4
SAE;198107;178;177;80;755.3;410.9;84.8;6477;3.8;-3.8;15.4
SAE;198108;201;35;61;757.1;129.7;78.9;10000;5.6;-3.0;14.2
SAE;198109;132;4;78;753.9;298.4;79.6;6923;3.7;-4.7;12.4
SAE;198110;91;30;79;747.8;226.6;80.0;5241;-1.3;-11.7;10.6
SAE;198111;71;51;61;752.8;238.1;73.3;7475;-6.0;-17.5;6.4
SAE;198112;36;322;84;733.8;420.9;84.9;2806;-9.9;-20.8;-0.9
SAE;198201;58;491;69;747.1;222.1;73.8;6095;-6.1;-18.7;4.5
SAE;198202;115;522;54;747.6;29.3;65.4;9513;-7.0;-19.8;3.3
SAE;198203;147;624;70;745.9;237.4;75.2;7893;-7.8;-16.3;1.5
SAE;198204;211;660;75;747.1;125.0;78.4;7955;-6.0;-14.1;5.5
SAE;198205;261;629;61;753.7;86.1;73.8;13253;0.5;-11.8;9.7
SAE;198206;203;408;78;754.0;232.6;80.1;8014;4.0;-4.0;12.7
SAE;198207;224;159;66;757.2;155.7;73.2;11710;7.5;-0.3;15.1
SAE;198208;161;4;78;755.3;169.6;83.1;6908;5.2;-3.1;13.7
SAE;198209;172;1;54;757.2;155.9;69.9;11579;6.3;-1.9;14.4
SAE;198210;106;12;63;748.5;86.5;73.8;8234;-0.1;-8.4;7.7
SAE;198211;77;26;55;749.6;87.4;63.7;8324;-1.7;-12.9;9.8
SAE;198212;48;74;69;745.1;109.7;77.1;5511;-6.6;-16.6;1.6
SAE;198301;52;227;68;754.6;291.1;70.3;5361;-5.6;-17.3;4.8
SAE;198302;110;370;51;743.0;106.2;61.6;8309;-9.8;-17.3;-0.4
SAE;198303;163;414;64;747.7;108.3;68.5;9780;-5.2;-15.8;4.1
SAE;198304;187;524;79;744.3;190.0;77.3;6163;-3.3;-14.2;5.2
SAE;198305;198;486;79;746.3;165.0;79.1;6190;-1.5;-7.8;7.3
SAE;198306;219;326;76;756.3;184.2;76.3;8671;4.2;-6.0;13.2
SAE;198307;265;102;45;759.3;66.7;61.5;15931;10.1;-0.3;20.8
SAE;198308;173;4;69;756.2;309.9;77.8;8293;6.2;-2.6;17.1
SAE;198309;148;3;60;755.3;184.4;68.0;9639;4.5;-6.0;14.9
SAE;198310;125;6;55;755.7;81.6;65.9;10926;0.8;-8.2;13.0
SAE;198311;89;5;43;749.3;162.3;54.5;10649;-1.9;-16.0;8.3
SAE;198312;61;109;54;747.3;146.7;62.8;8060;-5.5;-18.9;7.2
SAE;198401;46;197;83;742.6;262.4;78.6;2937;-9.4;-17.6;2.4
SAE;198402;107;427;63;744.0;219.4;80.2;8871;-11.0;-18.0;-1.7
SAE;198403;180;493;51;742.5;96.7;72.5;12911;-9.0;-18.9;-1.0
SAE;198404;227;487;66;747.3;112.6;73.9;10528;-5.6;-15.7;5.2
SAE;198405;207;351;78;742.9;123.6;84.4;7010;-2.2;-9.5;4.9
SAE;198406;214;299;74;752.8;154.4;82.5;8973;2.0;-4.9;10.9
SAE;198407;212;125;69;756.5;151.8;82.6;11187;5.0;-4.3;18.4
SAE;198408;177;2;68;755.4;209.5;85.3;8794;5.2;1.0;14.8
SAE;198409;131;28;79;748.7;426.5;87.2;6771;1.0;-7.0;12.7
SAE;198410;122;23;51;753.1;57.3;67.7;11621;1.6;-5.6;10.4
SAE;198411;76;13;60;746.1;97.7;61.7;8412;0.0;-10.2;9.5
SAE;198412;60;40;53;750.1;107.2;72.8;8044;-5.4;-20.5;7.3
SAE;198501;61;184;73;736.4;166.2;79.6;5732;-12.7;-27.6;-1.2
SAE;198502;103;273;64;746.0;119.6;75.5;7295;-7.3;-18.9;1.9
SAE;198503;164;340;73;742.0;146.3;80.7;9193;-8.5;-18.3;0.3
SAE;198504;183;366;74;744.7;232.4;79.6;7453;-4.7;-14.6;6.0
SAE;198505;224;401;74;746.9;147.4;84.8;8812;0.2;-10.9;10.6
SAE;198506;188;316;86;751.1;221.5;87.7;6102;0.9;-8.2;10.9
SAE;198507;227;149;69;757.1;132.6;82.3;11672;6.9;-1.2;17.2
SAE;198508;215;10;58;755.8;291.3;75.7;13295;5.8;-3.5;16.0
SAE;198509;179;1;48;758.5;75.1;68.3;13557;5.7;-4.2;14.5
SAE;198510;142;0;40;756.9;14.9;59.1;14469;2.7;-4.2;12.8
SAE;198511;71;54;68;741.9;145.7;71.1;6855;-7.4;-16.1;6.9
SAE;198512;58;43;58;748.6;41.4;62.2;8115;-3.7;-15.7;6.9
SAE;198601;45;198;83;738.8;450.4;77.3;3633;-9.9;-19.3;0.4
SAE;198602;119;321;58;735.5;39.9;58.6;9393;-11.6;-29.1;-3.7
SAE;198603;149;315;64;744.8;152.4;79.0;9274;-6.1;-14.1;6.1
SAE;198604;189;404;83;741.2;233.4;83.7;6146;-5.3;-18.9;3.0
SAE;198605;212;331;70;753.8;263.7;83.0;10097;2.5;-7.5;11.4
SAE;198606;255;219;66;753.5;217.3;79.1;12196;3.8;-8.8;14.9
SAE;198607;196;21;74;756.0;191.8;83.1;9504;4.9;-3.4;12.7
SAE;198608;198;2;71;754.7;225.2;82.0;10323;5.4;-5.5;17.1
SAE;198609;182;1;59;756.3;51.3;67.4;12004;4.8;-3.4;13.2
SAE;198610;129;10;48;754.4;91.8;62.0;12589;2.5;-10.4;12.6
SAE;198611;82;42;49;753.3;97.9;57.7;10188;-2.0;-11.8;7.0
SAE;198612;47;99;66;747.6;310.1;66.7;5900;-7.0;-21.6;5.0
SAE;198701;74;356;54;741.6;150.4;62.7;8540;-9.3;-30.4;0.3
SAE;198702;102;369;73;742.2;119.8;77.0;6428;-7.3;-16.7;1.7
SAE;198703;150;480;70;742.3;184.3;78.7;7223;-10.8;-19.3;0.7
SAE;198704;224;542;63;749.5;202.3;75.5;10892;-3.0;-14.8;7.7
SAE;198705;212;499;79;747.5;313.1;84.6;6613;-3.0;-10.9;5.1
SAE;198706;189;489;85;751.9;229.2;89.0;6096;1.5;-5.9;13.9
SAE;198707;203;270;75;754.9;358.3;88.6;8973;5.8;-4.1;14.5
SAE;198708;157;72;74;754.7;142.6;85.5;7719;5.3;-3.8;16.2
SAE;198709;165;0;64;756.5;121.6;72.7;11378;6.2;-5.0;15.5
SAE;198710;106;2;63;751.2;40.5;68.6;8890;2.7;-7.1;12.0
SAE;198711;67;43;65;746.8;202.3;67.7;6600;-4.0;-12.0;8.6
SAE;198712;58;76;53;750.3;66.2;55.8;8575;-2.5;-11.5;6.9
SAE;198801;55;79;68;743.7;235.3;73.3;6466;-5.7;-15.1;2.7
SAE;198802;84;252;74;742.2;275.1;67.1;5762;-9.1;-17.9;5.4
SAE;198803;95;645;90;741.1;673.4;82.1;2863;-9.3;-19.2;0.2
SAE;198804;225;689;68;747.0;156.4;79.5;9551;-2.5;-11.5;4.7
SAE;198805;215;489;75;749.4;177.0;81.3;9545;2.0;-6.3;12.8
SAE;198806;199;404;81;751.4;203.4;89.0;7600;2.6;-4.9;10.2
SAE;198807;235;207;64;755.3;294.8;81.2;13436;6.0;-3.0;16.0
SAE;198808;188;14;65;755.2;255.1;79.8;10781;6.7;-3.0;15.2
SAE;198809;149;5;69;754.8;174.5;81.5;8853;3.2;-5.2;10.9
SAE;198810;110;2;61;753.1;200.5;69.8;9913;2.9;-8.0;14.7
SAE;198811;84;36;50;750.3;156.9;63.6;9110;-4.1;-21.4;4.3
SAE;198812;46;211;71;750.8;473.4;74.0;5257;-5.9;-14.5;6.2
SAE;198901;87;243;28;758.1;81.8;42.4;13204;-1.8;-11.5;8.8
SAE;198902;98;212;59;749.2;185.5;68.8;8375;-4.5;-14.0;6.2
SAE;198903;160;293;64;748.6;244.6;71.0;11325;-3.1;-12.8;6.8
SAE;198904;178;354;83;741.5;294.5;83.2;5542;-4.5;-11.7;3.2
SAE;198905;243;349;64;754.0;91.4;78.3;12108;1.4;-8.8;9.7
SAE;198906;217;238;79;752.9;209.2;85.8;8161;1.7;-6.8;10.2
SAE;198907;191;56;79;757.5;300.4;87.0;7372;6.0;-1.7;13.9
SAE;198908;198;6;65;754.9;325.5;81.6;10694;5.7;-4.3;16.2
SAE;198909;154;5;64;754.8;141.0;81.5;9769;3.5;-6.2;13.7
SAE;198910;130;25;48;755.0;229.0;63.9;12232;1.8;-8.0;12.6
SAE;198911;91;43;39;748.0;85.2;52.0;11424;-2.7;-15.3;6.5
SAE;198912;67;39;46;746.9;147.7;47.7;9898;-2.2;-12.2;6.9
SAE;199001;78;65;41;751.6;98.7;53.1;10936;-4.7;-11.7;4.1
SAE;199002;93;167;64;748.2;682.4;67.4;7997;-3.3;-13.2;5.9
SAE;199003;161;337;56;755.7;163.4;64.1;11368;-3.7;-16.7;6.8
SAE;199004;180;399;83;744.8;178.0;85.1;5926;-5.1;-10.6;3.7
SAE;199005;220;340;74;753.9;174.8;84.1;9137;1.7;-6.6;7.3
SAE;199006;203;221;83;752.1;312.7;89.7;7065;2.8;-5.0;14.1
SAE;199007;226;40;65;757.0;264.4;77.8;12327;6.2;-4.0;16.6
SAE;199008;198;0;63;758.3;201.1;77.1;11583;6.9;-2.0;15.4
SAE;199009;139;2;76;753.1;256.5;84.5;7342;1.7;-4.6;10.1
SAE;199010;126;3;65;750.4;207.3;65.8;10892;3.1;-6.5;11.6
SAE;199011;66;92;70;744.5;331.0;78.3;5786;-5.2;-17.6;5.5
SAE;199012;58;189;65;744.1;159.6;73.6;6567;-8.6;-18.9;2.7
SAE;199101;74;249;48;750.9;168.5;52.4;9720;-4.8;-12.3;3.8
SAE;199102;114;281;56;743.2;67.6;71.5;8761;-9.6;-23.9;6.4
SAE;199103;137;268;71;746.1;110.2;78.4;6050;-2.9;-16.0;3.7
SAE;199104;211;310;78;746.1;98.1;83.3;7260;-5.8;-15.3;2.8
SAE;199105;216;356;81;749.4;196.0;87.3;5808;-3.7;-11.4;5.3
SAE;199106;195;263;85;751.7;394.9;90.3;5901;1.8;-5.6;11.8
SAE;199107;236;75;66;756.6;380.9;81.0;12578;7.7;-1.5;16.8
SAE;199108;211;0;60;758.6;48.3;76.6;11662;8.0;1.2;18.2
SAE;199109;165;1;64;755.1;284.2;78.0;10113;5.7;-4.0;13.1
SAE;199110;120;15;55;750.3;137.3;67.1;10348;0.0;-12.1;11.8
SAE;199111;66;81;66;746.2;207.4;70.1;6211;-3.9;-13.0;5.6
SAE;199112;62;135;41;753.1;464.2;50.7;9369;-5.8;-16.3;5.4
SAE;199201;81;240;39;754.8;19.8;47.2;10779;-4.2;-17.2;6.4
SAE;199202;103;339;56;751.9;228.0;62.8;7985;-6.4;-18.8;4.4
SAE;199203;125;427;78;746.0;377.6;77.2;5632;-6.0;-13.6;4.9
SAE;199204;194;543;71;745.5;208.9;77.7;9224;-3.9;-13.0;7.7
SAE;199205;259;450;61;753.7;53.4;75.6;14061;2.8;-5.0;12.0
SAE;199206;206;249;76;751.1;166.4;85.6;9194;3.5;-2.9;12.0
SAE;199207;212;42;75;756.9;208.7;85.5;8786;6.9;-0.6;16.2
SAE;199208;226;0;58;757.3;232.0;74.7;13585;9.1;-2.5;18.3
SAE;199209;162;6;63;756.0;207.8;75.6;9684;4.0;-6.8;14.2
SAE;199210;86;22;80;743.2;330.1;84.4;3564;-2.1;-11.7;7.1
SAE;199211;55;157;70;750.1;670.2;74.9;5424;-1.9;-13.3;11.2
SAE;199212;61;261;44;748.3;130.0;54.7;8704;-3.9;-12.8;3.7
SAE;199301;68;256;56;753.7;292.2;65.8;7262;-4.6;-19.8;6.0
SAE;199302;119;304;40;752.2;102.4;46.8;10828;-6.1;-23.5;5.6
SAE;199303;167;408;63;748.6;124.3;70.1;9287;-7.3;-19.9;5.8
SAE;199304;201;481;71;745.8;187.1;77.9;9295;-2.5;-12.2;7.6
SAE;199305;235;366;71;750.6;142.7;80.0;11359;2.2;-5.8;12.4
SAE;199306;206;210;74;754.3;298.3;85.6;8940;4.2;-3.4;14.4
SAE;199307;184;34;83;755.4;482.1;89.0;6770;4.2;-4.7;16.6
SAE;199308;200;1;66;757.0;232.1;79.7;11025;6.6;-4.5;16.7
SAE;199309;136;5;79;750.0;165.9;82.6;6814;2.1;-5.3;13.4
SAE;199310;108;18;60;748.3;184.6;71.6;8989;0.2;-10.1;7.2
SAE;199311;76;52;53;747.5;88.0;65.0;8612;-5.2;-16.4;5.8
SAE;199312;38;109;81;742.9;585.1;79.3;3562;-6.7;-18.2;5.0
SAE;199401;56;262;74;744.8;410.8;75.5;5322;-7.0;-16.9;0.6
SAE;199402;86;354;75;743.1;95.9;69.9;4849;-7.8;-16.2;5.8
SAE;199403;121;391;79;751.1;366.1;81.3;6348;-3.4;-11.8;6.2
SAE;199404;195;450;80;743.6;453.7;82.7;7062;-5.2;-14.0;6.4
SAE;199405;182;382;81;749.6;286.5;85.5;6787;1.2;-7.5;9.2
SAE;199406;230;261;75;756.2;238.6;82.6;9745;4.2;-6.5;14.5
SAE;199407;236;41;66;758.4;274.2;79.3;12349;9.0;0.7;17.1
SAE;199408;179;0;73;756.2;263.4;83.4;8826;7.6;-0.3;17.0
SAE;199409;137;7;81;752.6;218.1;82.7;7095;3.2;-7.7;12.8
SAE;199410;123;7;60;751.6;154.8;68.0;10588;0.8;-10.3;9.7
SAE;199411;67;28;71;753.6;117.6;72.1;6335;-0.2;-6.9;6.8
SAE;199412;50;66;64;750.8;328.5;68.1;6260;-4.6;-15.3;4.6
SAE;199501;54;283;69;744.5;524.6;71.7;5368;-9.1;-20.8;3.1
SAE;199502;85;434;80;746.9;275.5;75.1;5019;-5.5;-14.8;3.7
SAE;199503;138;544;71;743.9;369.0;73.8;7880;-8.4;-20.1;2.6
SAE;199504;175;579;85;748.2;244.7;86.4;5236;-3.4;-12.8;3.6
SAE;199505;236;522;74;751.0;177.8;80.5;10139;0.4;-10.3;10.1
SAE;199506;202;485;83;752.6;176.3;90.7;6142;1.6;-4.7;12.7
SAE;199507;239;280;61;757.4;177.4;81.0;12193;8.8;1.8;18.1
SAE;199508;153;16;76;755.4;509.8;87.2;6926;5.5;-5.1;14.9
SAE;199509;129;36;81;750.0;225.5;86.7;5377;0.3;-7.8;8.3
SAE;199510;143;1;44;758.7;36.7;61.5;13818;5.2;-4.8;13.7
SAE;199511;75;84;63;748.7;270.2;70.2;7610;-4.5;-17.4;5.5
SAE;199512;54;151;68;744.0;213.0;76.8;6114;-6.4;-18.4;2.6
SAE;199601;85;216;44;745.1;5.9;53.9;10907;-3.2;-9.8;6.1
SAE;199602;105;260;66;740.2;168.7;73.2;7583;-10.0;-20.3;0.1
SAE;199603;169;285;63;743.7;129.0;75.2;10124;-8.0;-21.1;2.9
SAE;199604;213;292;71;748.5;98.2;76.7;10083;-2.8;-14.4;7.0
SAE;199605;220;215;73;749.1;223.4;83.4;10199;0.9;-6.9;13.5
SAE;199606;227;69;75;757.3;123.2;81.3;9371;5.1;-5.6;17.3
SAE;199607;210;8;73;756.3;251.3;82.5;9074;5.0;-4.6;15.3
SAE;199608;169;0;79;755.3;240.4;89.7;6199;5.1;-2.1;14.4
SAE;199609;144;14;76;750.2;220.0;84.4;5054;-0.1;-6.7;11.1
SAE;199610;109;23;70;752.4;250.9;72.2;8681;0.2;-9.1;9.7
SAE;199611;60;80;75;744.4;396.5;77.7;4990;-4.7;-15.7;10.1
SAE;199612;57;255;64;743.0;106.4;68.1;6290;-5.2;-19.7;4.1
SAE;199701;82;241;43;749.8;9.5;57.5;10213;-3.6;-11.4;5.8
SAE;199702;93;249;60;752.1;313.4;62.4;7651;-4.8;-15.2;4.1
SAE;199703;140;350;66;753.8;251.7;76.3;7541;-3.8;-13.0;4.3
SAE;199704;213;424;60;748.8;274.4;77.7;9630;-5.5;-14.9;4.0
SAE;199705;247;431;66;751.5;122.0;76.0;11176;1.2;-9.6;12.0
SAE;199706;186;240;88;750.3;249.6;88.2;4861;3.6;-2.6;14.0
SAE;199707;184;87;81;755.9;391.9;89.8;6649;4.3;-2.9;13.1
SAE;199708;183;1;66;757.8;240.7;81.8;9989;7.9;-1.7;15.2
SAE;199709;205;0;43;758.6;92.8;59.7;15586;7.0;-3.7;15.9
SAE;199710;112;17;58;751.2;230.1;68.5;9732;0.7;-9.3;11.4
SAE;199711;75;11;55;743.9;63.0;67.4;7876;-2.3;-10.5;6.6
SAE;199712;46;135;74;744.0;419.6;80.2;4596;-6.3;-15.2;3.0
SAE;199801;76;278;51;747.2;323.2;62.6;10056;-5.6;-16.2;7.5
SAE;199802;133;270;41;755.1;46.7;48.5;13120;-2.3;-13.0;9.1
SAE;199803;151;378;72;750.4;320.7;74.0;7080;-6.7;-18.3;4.9
SAE;199804;196;410;80;741.0;231.9;82.4;7286;-4.3;-15.1;6.2
SAE;199805;236;332;67;751.5;58.5;81.7;11369;1.4;-7.2;11.8
SAE;199806;253;183;77;755.4;281.6;85.0;9942;4.4;-7.5;15.1
SAE;199807;203;17;78;754.5;296.0;88.6;7487;5.8;-3.5;18.3
SAE;199808;216;0;63;756.5;196.9;77.7;12581;7.1;-5.6;18.0
SAE;199809;131;24;76;750.0;430.7;81.9;7105;2.6;-6.9;12.8
SAE;199810;79;17;87;749.1;401.4;84.6;3869;-1.4;-11.6;6.5
SAE;199811;70;148;70;745.7;339.9;76.7;4562;-7.9;-19.0;2.5
SAE;199812;53;268;61;749.3;172.9;65.8;6698;-6.7;-18.0;4.9
SAE;199901;63;313;64;746.2;270.9;65.4;7586;-6.1;-24.0;6.6
SAE;199902;84;573;78;742.3;425.5;79.5;5075;-10.0;-22.2;5.0
SAE;199903;170;750;64;744.2;229.2;71.6;10487;-4.8;-13.8;5.1
SAE;199904;208;762;80;746.7;260.2;83.4;7635;-3.6;-12.0;7.9
SAE;199905;226;617;72;752.6;464.8;81.6;10577;2.9;-4.1;11.5
SAE;199906;224;452;77;754.5;321.9;87.3;8320;2.6;-5.0;13.3
SAE;199907;220;258;71;755.8;209.6;84.5;9978;6.3;-2.1;16.2
SAE;199908;172;26;76;754.3;296.4;88.7;6886;5.9;0.0;15.4
SAE;199909;166;0;65;753.2;207.6;81.2;9179;5.4;-1.5;13.9
SAE;199910;120;11;66;752.1;104.2;71.5;9616;1.1;-7.7;9.3
SAE;199911;80;82;57;749.2;216.3;65.9;7335;-5.2;-17.5;9.1
SAE;199912;45;214;78;743.1;534.1;77.4;3755;-7.9;-17.6;2.1
SAE;200001;69;351;51;750.2;259.3;65.6;8731;-7.9;-18.6;0.1
SAE;200002;87;487;75;750.5;472.4;76.9;4712;-7.0;-17.0;1.6
SAE;200003;149;681;76;748.6;402.8;79.2;6688;-6.4;-17.0;0.3
SAE;200004;215;732;67;743.8;113.3;72.5;9417;-2.2;-10.8;9.2
SAE;200005;230;494;75;752.7;252.9;84.8;9368;2.4;-6.4;10.3
SAE;200006;266;271;65;757.8;146.1;78.3;11947;5.7;-3.5;14.8
SAE;200007;200;122;84;752.1;510.8;91.2;6317;3.1;-4.7;14.4
SAE;200008;201;20;62;758.0;246.9;79.2;11746;7.5;0.7;17.1
SAE;200009;150;4;66;753.3;209.4;76.6;10162;4.4;-3.2;13.4
SAE;200010;91;4;78;750.7;151.9;78.9;6832;0.9;-7.9;9.5
SAE;200011;65;38;69;743.1;156.1;75.6;5978;-3.9;-11.5;8.9
SAE;200012;48;64;70;745.0;136.9;67.5;6075;-4.2;-16.0;5.4
SAE;200101;60;138;68;743.3;103.7;69.5;6639;-6.9;-16.5;2.2
SAE;200102;97;242;69;746.5;338.9;69.5;7297;-7.2;-19.9;3.9
SAE;200103;113;342;90;740.9;601.1;86.2;3633;-4.0;-14.1;6.9
SAE;200104;185;467;86;744.9;373.4;81.4;5066;-5.4;-16.6;5.6
SAE;200105;256;375;68;752.7;65.2;83.0;12540;3.0;-6.2;10.8
SAE;200106;209;257;73;753.8;413.9;83.4;10172;2.3;-7.5;14.8
SAE;200107;208;48;74;755.4;179.6;84.7;10412;6.3;-1.3;15.4
SAE;200108;215;0;60;757.5;242.5;77.2;11901;7.9;-1.7;18.1
SAE;200109;115;48;88;749.7;448.9;91.3;3134;-0.5;-6.8;8.1
SAE;200110;126;4;60;756.3;127.4;71.4;11373;4.2;-5.1;13.6
SAE;200111;76;41;62;749.8;363.1;70.0;8473;-4.2;-15.1;6.7
SAE;200112;53;187;61;746.9;295.4;68.1;6452;-8.9;-26.0;2.3
SAE;200201;73;286;49;753.0;78.6;49.5;9576;-4.8;-17.4;5.3
SAE;200202;72;303;85;746.5;362.5;82.5;3278;-5.3;-16.9;5.3
SAE;200203;165;360;59;748.7;226.1;65.9;11634;-4.1;-15.8;3.4
SAE;200204;212;375;72;746.5;174.2;79.5;8446;-3.9;-11.7;4.0
SAE;200205;251;375;75;750.2;109.2;83.6;8810;0.9;-8.1;10.4
SAE;200206;266;149;69;756.0;238.3;81.8;11284;6.5;-3.3;18.4
SAE;200207;213;2;73;754.6;304.7;87.2;9186;5.8;-2.3;14.4
SAE;200208;181;0;74;754.4;494.7;84.9;8293;5.7;0.5;14.3
SAE;200209;158;11;70;752.9;217.2;78.3;8844;1.7;-9.3;11.6
SAE;200210;95;59;80;749.4;322.1;75.8;6722;0.0;-8.2;8.6
SAE;200211;56;115;78;744.1;442.1;85.2;4004;-3.2;-12.0;5.4
SAE;200212;45;178;65;746.1;265.1;75.6;5352;-4.6;-10.6;2.7
SAE;200301;59;291;67;743.0;284.8;71.0;7117;-9.0;-21.3;1.2
SAE;200302;126;494;38;745.3;87.8;46.1;12523;-9.2;-20.2;0.1
SAE;200303;180;391;52;752.5;83.4;61.1;14163;-4.4;-13.2;2.4
SAE;200304;215;383;68;747.6;182.2;76.1;10864;-3.6;-18.0;7.1
SAE;200305;234;296;76;754.2;250.0;79.5;10328;2.6;-8.6;12.5
SAE;200306;266;91;68;757.9;149.6;78.2;13151;9.2;2.3;17.2
SAE;200307;224;0;66;756.9;240.4;83.4;11905;7.0;-0.8;17.7
SAE;200308;218;0;55;759.5;105.4;74.0;13969;10.1;-2.4;19.0
SAE;200309;171;1;58;756.6;119.9;69.0;11925;4.1;-4.1;15.0
SAE;200310;103;38;63;746.1;414.7;62.1;9491;-1.9;-13.9;9.2
SAE;200311;78;57;59;749.9;118.8;62.7;8378;-1.0;-9.6;9.2
SAE;200312;56;98;61;747.9;182.5;60.5;7015;-5.2;-20.7;5.3
SAE;200401;52;326;84;740.0;480.9;76.1;4073;-9.1;-18.3;0.3
SAE;200402;107;475;68;747.0;176.8;58.8;7928;-7.4;-18.8;3.9
SAE;200403;177;510;63;748.4;92.3;66.6;10455;-6.5;-18.7;6.8
SAE;200404;226;549;75;745.6;149.0;82.5;9042;-3.7;-11.2;4.8
SAE;200405;245;510;71;748.9;185.6;86.1;9276;-1.4;-8.3;8.1
SAE;200406;225;399;81;755.1;219.6;85.5;7438;3.2;-4.5;12.7
SAE;200407;211;173;73;756.0;241.4;85.7;8645;5.3;-2.7;14.6
SAE;200408;202;7;76;754.7;252.2;85.0;9622;6.5;-1.2;15.8
SAE;200409;163;5;65;756.8;199.9;78.5;9778;4.2;-5.8;13.3
SAE;200410;114;4;79;749.8;132.5;81.4;8203;2.2;-7.9;12.3
SAE;200411;63;36;73;749.5;141.4;73.1;5606;-4.6;-16.1;8.0
SAE;200412;64;80;47;748.1;160.5;60.3;9313;-4.8;-15.5;3.8
SAE;200501;66;200;63;748.8;322.0;64.8;6957;-8.7;-22.4;3.4
SAE;200502;105;421;63;741.4;200.0;76.5;7354;-12.5;-24.0;-0.6
SAE;200503;165;465;69;746.3;145.0;75.5;10568;-6.4;-21.5;5.5
SAE;200504;213;403;71;747.1;215.7;79.8;9455;-3.3;-12.3;6.3
SAE;200505;237;426;72;752.5;289.6;83.0;10650;1.0;-9.1;13.4
SAE;200506;253;284;71;756.7;172.9;82.2;11555;5.0;-8.0;16.7
SAE;200507;195;70;79;755.4;264.1;87.9;7666;5.5;-2.5;18.6
SAE;200508;170;1;78;754.8;433.4;90.5;7210;4.1;-3.6;13.3
SAE;200509;162;1;62;755.9;150.7;86.2;9913;4.6;-6.6;13.2
SAE;200510;135;7;44;755.8;131.7;60.9;12390;4.5;-4.9;13.4
SAE;200511;72;15;62;748.1;60.6;71.0;7199;-4.9;-15.9;8.6
SAE;200512;55;118;66;744.3;271.8;73.0;6542;-9.3;-21.5;0.3
SAE;200601;80;246;45;748.9;136.4;54.3;10840;-7.3;-15.7;3.2
SAE;200602;103;300;67;741.8;193.3;69.9;6921;-8.7;-18.2;3.4
SAE;200603;140;385;75;741.0;483.2;80.9;6580;-7.6;-22.3;5.1
SAE;200604;193;406;75;747.5;239.0;86.2;7543;-3.7;-13.1;4.7
SAE;200605;200;345;81;752.4;405.6;88.1;7213;0.3;-8.8;8.7
SAE;200606;286;271;64;758.0;114.0;79.7;14036;5.0;-8.6;15.3
SAE;200607;258;33;56;760.9;140.8;76.8;13951;9.9;3.7;16.4
SAE;200608;135;4;90;751.5;490.6;94.7;4157;2.0;-4.0;10.4
SAE;200609;182;2;60;756.2;230.2;71.9;11969;7.4;0.7;17.6
SAE;200610;119;0;61;753.6;141.0;65.8;10803;4.1;-4.0;12.1
SAE;200611;69;13;66;752.7;164.5;66.7;7480;-1.6;-15.7;7.9
SAE;200612;60;55;39;754.7;111.9;52.0;9675;-3.0;-12.5;6.7
SAE;200701;47;136;75;750.2;432.8;79.2;5947;-5.3;-19.8;3.9
SAE;200702;95;219;63;744.9;294.1;69.5;8403;-4.7;-11.1;5.0
SAE;200703;161;358;62;746.3;78.3;76.3;11165;-5.6;-15.6;3.1
SAE;200704;265;330;41;754.1;11.6;68.5;17862;1.5;-9.0;9.0
SAE;200705;214;196;74;749.9;356.7;82.7;10310;2.0;-6.5;12.3
SAE;200706;227;100;79;753.0;298.2;88.8;9513;4.7;-3.2;14.3
SAE;200707;216;3;71;755.1;377.2;85.1;11189;5.4;-3.5;17.7
SAE;200708;188;0;66;754.9;282.3;85.2;10440;5.6;-1.2;15.6
SAE;200709;162;7;66;754.9;174.1;83.3;9725;1.4;-6.8;10.5
SAE;200710;138;11;55;754.9;46.6;65.8;12369;0.4;-13.5;11.0
SAE;200711;61;124;65;748.4;372.8;74.3;6381;-5.1;-17.3;6.4
SAE;200712;47;297;54;750.6;371.1;60.8;8101;-6.4;-14.1;1.2
SAE;200801;58;339;62;750.4;173.2;61.2;8067;-4.7;-14.8;3.8
SAE;200802;111;342;41;754.5;161.8;50.4;12230;-4.4;-14.0;5.6
SAE;200803;135;464;84;739.5;518.7;84.2;7200;-8.0;-19.0;2.7
SAE;200804;196;659;85;744.0;401.9;88.4;6230;-4.7;-16.3;3.1
SAE;200805;257;552;63;751.5;51.0;78.6;11369;2.2;-6.1;12.2
SAE;200806;239;276;79;755.2;114.9;88.4;8469;5.0;-4.3;15.5
SAE;200807;216;103;74;755.8;262.2;84.4;10123;5.6;-2.5;14.2
SAE;200808;206;1;68;755.5;208.0;81.7;11116;6.4;-2.3;14.9
SAE;200809;158;2;69;753.4;139.0;77.7;9062;2.0;-5.9;14.9
SAE;200810;110;6;68;752.9;147.5;80.3;8953;0.9;-9.8;9.7
SAE;200811;71;28;63;746.7;147.1;71.7;7588;-4.3;-17.4;5.2
SAE;200812;52;155;62;746.1;234.8;74.0;6758;-6.8;-13.7;1.1
SAE;200901;74;211;42;742.5;90.6;59.5;10453;-7.8;-16.3;-0.9
SAE;200902;94;319;76;741.8;268.7;81.3;5185;-9.7;-18.9;3.0
SAE;200903;145;460;81;744.4;322.9;80.7;6658;-7.5;-16.2;2.3
SAE;200904;223;412;63;748.6;24.4;77.1;12193;-1.2;-8.5;3.4
SAE;200905;250;307;74;755.7;130.1;79.3;10893;2.9;-7.5;15.5
SAE;200906;192;112;87;753.9;278.8;91.2;5822;3.2;-4.2;12.7
SAE;200907;199;2;76;756.6;367.1;85.5;7640;6.3;-2.7;15.7
SAE;200908;221;0;60;758.9;136.9;79.1;11952;8.5;-0.5;18.0
SAE;200909;181;0;59;757.2;174.5;78.8;11390;4.9;-4.2;15.8
SAE;200910;108;37;71;751.9;201.3;71.4;7874;-0.3;-13.5;11.8
SAE;200911;61;63;73;746.4;208.7;77.8;4679;-2.4;-9.5;7.3
SAE;200912;49;195;76;738.7;263.2;83.8;4281;-8.6;-22.0;1.4
SAE;201001;71;317;63;740.3;178.8;72.1;7403;-9.6;-20.1;-0.8
SAE;201002;108;370;66;735.8;146.4;76.5;7546;-9.2;-20.0;0.2
SAE;201003;165;349;73;746.1;203.7;75.5;10057;-7.3;-21.2;2.8
SAE;201004;225;347;72;750.6;58.6;82.4;11108;-2.9;-12.5;7.6
SAE;201005;202;296;90;748.4;255.0;93.7;4424;-1.0;-8.1;8.1
SAE;201006;247;178;73;753.5;156.3;83.0;9550;4.4;-5.4;12.0
SAE;201007;235;17;66;758.4;321.5;83.1;11829;7.9;-0.9;18.0
SAE;201008;149;1;82;755.0;505.5;90.8;5553;4.9;-4.6;15.4
SAE;201009;162;11;72;752.8;157.2;79.2;8868;2.0;-6.5;11.7
SAE;201010;127;30;52;749.3;100.9;68.0;11517;0.2;-11.0;11.9
SAE;201011;67;92;75;740.9;176.1;81.3;5612;-4.9;-17.9;8.3
SAE;201012;48;258;77;740.1;126.1;76.2;4316;-9.8;-20.9;0.9
SAE;201101;69;307;53;747.1;133.3;65.8;8381;-7.3;-17.7;4.8
SAE;201102;113;321;56;747.9;79.8;60.7;9823;-5.8;-18.2;5.1
SAE;201103;173;361;46;751.0;104.1;65.2;13308;-4.0;-11.8;3.5
SAE;201104;234;297;56;752.7;56.4;75.1;13336;-0.5;-11.4;7.7
SAE;201105;254;203;67;755.3;192.7;80.2;12467;2.4;-6.9;12.2
SAE;201106;223;56;80;755.4;318.8;89.1;7853;4.3;-3.3;16.0
SAE;201107;201;0;80;752.7;304.0;86.8;7802;3.8;-3.8;15.8
SAE;201108;227;0;52;757.1;185.5;76.7;13881;8.0;-2.3;20.5
SAE;201109;172;1;50;757.4;195.8;73.7;12016;6.3;-5.5;15.5
SAE;201110;133;9;42;755.1;238.0;54.5;13192;1.8;-10.1;12.3
SAE;201111;86;0;37;754.2;0.0;46.2;12049;1.4;-5.2;7.9
SAE;201112;37;160;78;746.8;709.7;85.1;3679;-6.4;-17.4;3.9
SAE;201201;56;420;72;748.7;548.4;79.7;4800;-7.7;-15.4;-0.1
SAE;201202;119;557;58;747.3;121.7;73.3;8658;-11.5;-26.5;3.5
SAE;201203;194;581;42;755.9;63.2;63.7;15333;-2.8;-14.5;7.4
SAE;201204;215;575;83;741.2;133.4;81.9;6886;-3.7;-15.1;8.4
SAE;201205;236;490;72;752.2;172.2;82.4;10394;1.3;-10.2;11.7
SAE;201206;251;324;75;754.3;384.7;85.2;9917;5.4;-2.9;17.4
SAE;201207;210;75;78;756.0;157.2;86.9;7330;5.9;-2.1;16.4
SAE;201208;225;0;63;758.4;281.0;75.5;12200;8.4;-2.3;18.5
SAE;201209;183;3;65;754.3;204.7;73.8;11852;4.5;-6.0;13.9
SAE;201210;117;3;61;749.7;264.2;69.1;10601;1.9;-15.0;13.4
SAE;201211;82;58;62;747.3;118.6;66.0;8231;-1.7;-14.6;6.9
SAE;201212;46;243;83;743.7;517.7;80.2;4023;-8.0;-18.8;6.2
SAE;201301;64;349;78;743.3;166.0;73.6;4976;-7.8;-18.9;0.6
SAE;201302;117;535;63;739.6;269.6;81.6;7040;-11.7;-20.2;-1.0
SAE;201303;162;501;76;738.4;131.9;75.5;7154;-6.7;-19.6;1.0
SAE;201304;232;491;69;748.0;134.9;79.9;10818;-1.6;-11.7;6.3
SAE;201305;222;406;84;746.8;401.0;92.0;5566;-1.6;-10.0;7.1
SAE;201306;253;389;76;755.1;373.5;90.8;9369;3.4;-6.3;17.6
SAE;201307;268;156;54;759.5;210.7;80.0;14430;8.1;1.5;18.1
SAE;201308;201;0;66;757.8;165.6;79.4;10465;7.1;-0.1;18.4
SAE;201309;145;3;71;754.2;428.4;79.3;7800;4.1;-5.7;14.6
SAE;201310;107;14;73;753.3;160.6;79.2;8662;2.1;-9.4;10.7
SAE;201311;68;43;71;746.3;281.0;77.4;5919;-4.9;-18.0;5.1
SAE;201312;60;102;43;752.6;99.4;51.1;9939;-3.4;-13.8;5.2
SAE;201401;56;182;73;742.7;160.4;73.2;5415;-5.5;-14.3;3.8
SAE;201402;106;253;74;742.1;143.9;71.7;7441;-6.2;-12.1;3.1
SAE;201403;183;297;51;748.8;69.5;59.6;13861;-3.1;-13.0;5.4
SAE;201404;200;249;77;748.7;88.8;80.7;8183;-1.7;-12.1;6.2
SAE;201405;226;230;82;750.9;237.3;85.8;7452;-0.6;-8.4;8.9
SAE;201406;235;92;74;755.3;214.7;83.9;10366;4.6;-2.3;17.7
SAE;201407;195;0;81;754.5;490.4;86.6;7435;6.0;-2.4;17.9
SAE;201408;156;1;87;753.8;292.4;93.0;4636;4.0;-3.9;13.5
SAE;201409;151;1;67;755.6;133.0;83.7;8239;4.3;-4.7;12.2
SAE;201410;115;10;60;754.3;249.1;73.6;10479;2.9;-9.1;10.7
SAE;201411;72;25;66;747.5;76.4;70.2;7202;0.2;-7.3;6.7
SAE;201412;45;48;76;748.8;222.0;75.6;4647;-6.0;-18.4;3.0
SAE;201501;58;191;71;746.4;376.1;71.3;4990;-7.3;-16.1;3.1
SAE;201502;111;296;52;744.0;143.8;61.0;8999;-7.9;-17.1;1.6
SAE;201503;157;349;64;749.6;295.7;75.2;10321;-5.0;-14.0;2.5
SAE;201504;232;458;62;752.2;239.4;70.7;12580;-2.9;-14.5;6.0
SAE;201505;214;365;85;752.6;234.1;86.5;6852;0.9;-7.2;10.1
SAE;201506;248;212;70;757.3;251.1;84.6;11097;5.3;-2.9;15.6
SAE;201507;258;10;59;758.6;160.2;78.1;13491;9.5;-0.3;20.0
SAE;201508;211;0;58;757.8;104.6;78.6;12359;8.7;-0.1;18.1
SAE;201509;144;2;70;753.5;170.7;81.4;7921;1.7;-4.3;11.9
SAE;201510;129;7;56;751.8;101.8;72.2;11412;0.5;-8.4;9.6
SAE;201511;75;24;60;753.7;212.3;65.8;8549;-1.1;-15.0;11.0
SAE;201512;65;82;41;759.6;75.6;53.6;10876;-0.4;-8.9;5.7
SAE;201601;54;203;78;745.0;437.1;78.6;3892;-6.9;-19.6;4.4
SAE;201602;91;351;83;743.2;323.1;75.7;5355;-6.7;-14.9;3.8
SAE;201603;171;411;62;743.9;180.6;70.9;9896;-7.0;-15.5;3.7
SAE;201604;219;389;76;746.4;192.0;78.3;8584;-3.0;-13.4;6.9
SAE;201605;236;421;74;749.6;490.4;82.9;8765;-0.1;-9.5;8.9
SAE;201606;210;264;86;753.7;349.1;92.0;5200;3.8;-2.2;17.4
SAE;201607;238;66;72;758.5;276.0;87.0;9519;6.9;-2.9;16.8
SAE;201608;217;0;61;759.6;230.8;80.4;11634;7.2;-3.0;17.2
SAE;201609;170;0;54;757.7;169.4;78.8;10665;5.5;-0.7;13.8
SAE;201610;109;3;69;753.3;109.6;75.9;7386;-0.8;-8.7;9.5
SAE;201611;60;44;74;747.7;166.0;70.3;4787;-3.7;-13.9;5.3
SAE;201612;73;27;30;758.0;15.9;47.7;12199;-2.7;-9.8;4.7
SAE;201701;77;122;50;747.5;347.4;57.6;8888;-9.1;-22.2;-0.9
SAE;201702;112;229;60;748.1;180.1;67.8;8455;-5.0;-12.7;2.2
SAE;201703;172;289;62;750.1;418.5;68.7;11561;-2.6;-12.1;5.0
SAE;201704;220;222;68;750.6;183.8;78.7;9395;-3.8;-14.4;4.5
SAE;201705;262;243;68;753.5;204.2;79.7;10628;1.8;-8.0;12.4
SAE;201706;237;62;74;756.2;247.2;85.4;9394;6.8;-3.8;16.5
SAE;201707;211;0;79;756.8;370.1;86.0;8568;6.9;-0.8;16.7
SAE;201708;218;0;67;758.8;242.5;80.2;11240;8.4;-0.7;18.0
SAE;201709;139;6;81;752.7;254.7;87.5;6084;0.9;-5.2;8.8
SAE;201710;127;12;56;756.5;255.8;67.3;10332;1.6;-9.6;12.6
SAE;201711;72;68;68;747.7;314.3;74.9;6333;-4.9;-14.7;4.8
SAE;201712;55;282;68;745.4;518.4;76.1;6464;-7.8;-17.3;3.4
SAE;201801;59;406;-;746.3;573.9;78.7;5913;-5.2;-14.1;2.0
SAE;201802;119;532;-;740.1;197.5;74.7;7569;-11.2;-26.0;-0.6
SAE;201803;152;579;-;737.1;227.8;82.8;4674;-6.7;-16.9;1.3
SAE;201804;241;533;-;750.2;72.5;66.2;13524;0.9;-10.1;9.2
SAE;201805;262;354;-;752.4;85.7;82.5;11857;3.4;-4.0;11.7
SAE;201806;251;125;-;755.6;153.1;85.1;10275;5.4;-2.3;13.7
SAE;201807;242;3;-;757.3;64.8;81.7;12134;7.8;1.9;16.3
SAE;201808;195;0;-;758.6;253.1;82.2;8957;8.1;-4.9;17.0
SAE;201809;191;0;-;758.9;193.9;75.4;12464;5.7;-6.4;13.7
SAE;201810;132;2;-;753.5;77.1;64.8;12658;2.6;-7.6;10.2
SAE;201811;86;2;-;749.5;25.2;66.5;9860;-1.4;-11.8;8.1
SAE;201812;46;81;-;750.3;648.5;75.1;4841;-5.6;-14.9;2.7