stn;time;gre000m0;hto000m0;nto000m0;prestam0;rre150m0;tre200m0;tre200mn;tre200mx;ure200m0;sre000m0
SBE;196801;-;70;70;829.7;67.9;-5.3;-19.0;13.0;64.7;-
SBE;196802;-;137;83;828.7;201.3;-3.7;-13.0;4.5;78.2;-
SBE;196803;-;141;69;833.1;57.9;-2.1;-13.5;11.2;65.5;-
SBE;196804;-;103;76;834.2;329.4;1.7;-8.2;15.1;74.3;-
SBE;196805;-;16;85;834.6;294.0;4.7;-4.8;16.4;74.3;-
SBE;196806;-;0;80;837.8;147.6;9.2;1.2;25.0;70.9;-
SBE;196807;-;0;67;839.8;142.5;11.1;2.2;23.4;70.3;-
SBE;196808;-;0;78;836.0;206.7;10.3;2.0;21.0;69.7;-
SBE;196809;-;0;70;836.4;322.3;7.6;0.5;16.8;79.4;-
SBE;196810;-;0;54;839.9;84.1;6.0;-4.9;18.5;74.0;-
SBE;196811;-;22;62;831.3;322.8;0.6;-11.2;9.1;78.5;-
SBE;196812;-;36;61;827.2;35.1;-6.3;-21.5;7.4;80.3;-
SBE;196901;-;68;59;831.0;96.1;-4.0;-14.8;5.5;74.5;-
SBE;196902;-;89;76;823.7;95.9;-7.7;-19.9;1.5;77.2;-
SBE;196903;-;97;74;827.8;55.2;-1.9;-12.3;7.0;77.2;-
SBE;196904;-;58;80;832.8;51.1;0.7;-11.5;11.8;72.1;-
SBE;196905;-;0;74;834.8;400.1;6.9;-0.9;20.0;77.5;-
SBE;196906;-;0;77;834.3;217.2;8.4;-1.8;17.6;73.1;-
SBE;196907;-;0;64;842.2;134.7;12.8;1.5;24.2;72.8;-
SBE;196908;-;0;75;837.5;159.3;10.8;1.0;21.8;73.0;8670
SBE;196909;-;0;64;838.8;118.0;9.4;1.0;18.4;81.9;8004
SBE;196910;-;0;34;841.5;1.2;6.5;-1.5;18.2;64.3;11754
SBE;196911;-;18;76;830.3;329.3;-1.2;-12.5;12.3;79.9;3846
SBE;196912;-;25;64;825.9;24.3;-7.3;-15.2;2.5;67.9;5106
SBE;197001;-;79;68;827.5;147.6;-4.0;-17.2;5.0;72.8;4362
SBE;197002;-;104;75;825.6;99.7;-5.9;-16.7;6.7;70.5;4674
SBE;197003;-;99;72;826.7;125.6;-4.6;-16.8;8.2;73.6;6804
SBE;197004;-;121;74;830.9;151.2;-1.0;-11.8;12.1;67.0;8070
SBE;197005;-;42;82;834.4;124.4;4.3;-4.5;13.8;75.1;8562
SBE;197006;-;0;76;838.8;136.4;10.6;0.8;19.5;76.6;10056
SBE;197007;-;0;68;838.2;94.7;11.7;2.5;21.1;76.1;11460
SBE;197008;-;0;74;838.0;163.5;11.8;3.4;21.4;80.4;9066
SBE;197009;-;0;54;840.4;128.8;10.1;-0.5;20.5;75.5;9714
SBE;197010;-;0;60;838.5;89.5;4.6;-5.6;18.8;70.1;7566
SBE;197011;-;37;56;834.7;281.5;1.3;-11.6;17.0;68.8;5862
SBE;197012;-;62;49;834.4;119.8;-4.1;-19.5;8.1;69.7;6882
SBE;197101;-;87;56;829.9;125.3;-4.8;-18.5;6.8;76.9;5268
SBE;197102;-;115;46;831.8;37.1;-3.4;-13.5;7.5;62.6;8592
SBE;197103;-;134;66;826.9;157.0;-5.4;-21.4;5.2;72.8;9102
SBE;197104;-;95;70;831.2;137.1;2.7;-8.0;11.6;80.8;8070
SBE;197105;-;8;88;833.5;226.4;6.1;-1.1;18.0;88.6;5172
SBE;197106;-;0;78;834.5;252.8;7.9;0.1;20.0;82.6;7296
SBE;197107;-;0;49;840.4;104.7;12.4;2.4;22.5;79.0;14280
SBE;197108;-;0;65;839.5;250.0;12.4;4.8;22.9;86.1;10896
SBE;197109;-;0;44;840.6;37.3;7.8;-2.6;18.8;74.7;13296
SBE;197110;-;0;41;843.5;15.7;5.6;-4.8;18.6;68.1;11196
SBE;197111;-;12;59;830.4;191.1;-0.8;-14.8;14.4;71.8;5316
SBE;197112;-;25;39;840.3;37.4;0.7;-10.4;12.8;60.8;7284
SBE;197201;-;55;70;829.6;94.5;-4.9;-14.2;5.0;81.1;2304
SBE;197202;-;99;89;830.2;170.2;-2.7;-11.8;4.5;85.8;2172
SBE;197203;-;125;65;832.1;176.6;-0.3;-9.5;10.0;84.0;8256
SBE;197204;-;50;79;828.4;144.8;1.3;-8.3;13.2;78.2;6996
SBE;197205;-;4;78;833.1;168.4;4.7;-3.3;15.6;80.9;6564
SBE;197206;-;0;75;835.9;223.1;8.4;2.0;19.6;84.1;6792
SBE;197207;-;0;71;838.5;90.4;11.5;0.0;22.0;78.2;8724
SBE;197208;-;0;66;838.9;92.7;10.7;2.5;21.5;80.9;10434
SBE;197209;-;0;65;836.8;162.0;5.0;-2.6;17.0;81.6;7224
SBE;197210;-;0;58;836.9;67.6;3.1;-4.4;16.0;75.7;7260
SBE;197211;-;4;56;836.0;67.0;-0.4;-11.4;14.5;69.7;5514
SBE;197212;-;43;51;840.4;127.6;-3.3;-12.3;7.1;77.3;4800
SBE;197301;-;74;54;835.8;52.8;-3.0;-15.5;5.4;67.7;5010
SBE;197302;-;66;51;828.7;35.8;-4.6;-16.0;10.5;59.8;7362
SBE;197303;-;50;60;835.4;14.5;-1.9;-13.0;11.2;57.7;9906
SBE;197304;-;43;70;829.9;137.2;-1.0;-10.3;9.2;68.1;8724
SBE;197305;-;2;75;837.6;263.1;6.1;-3.4;16.6;80.0;8118
SBE;197306;-;0;75;838.9;211.4;10.6;1.3;20.8;66.5;9036
SBE;197307;-;0;73;836.4;324.6;11.5;4.5;22.0;66.0;9510
SBE;197308;-;0;68;841.6;104.0;13.0;5.0;23.1;79.0;9366
SBE;197309;-;0;60;838.7;171.3;9.6;0.1;21.5;74.9;9240
SBE;197310;-;0;50;837.1;116.5;4.1;-5.8;15.5;68.2;8892
SBE;197311;-;0;44;837.0;46.9;0.4;-12.9;13.8;61.7;7308
SBE;197312;-;35;56;831.8;143.4;-3.7;-18.9;5.9;72.3;4572
SBE;197401;-;70;61;837.3;63.5;-1.0;-12.0;10.4;70.9;4710
SBE;197402;-;138;78;828.2;197.3;-3.3;-12.2;4.5;80.1;3264
SBE;197403;-;127;79;832.3;127.2;-1.1;-13.1;9.6;80.1;5148
SBE;197404;-;44;74;829.6;107.4;1.0;-6.5;9.4;74.0;8202
SBE;197405;-;4;68;832.8;121.8;5.2;-1.0;16.5;71.1;10602
SBE;197406;-;0;68;835.1;285.1;8.0;-0.3;19.1;70.5;9480
SBE;197407;-;0;61;839.0;198.8;11.5;4.2;20.3;69.1;12264
SBE;197408;-;0;65;839.8;132.0;12.4;2.2;25.0;72.4;10128
SBE;197409;-;0;68;836.5;205.1;7.3;-2.3;20.0;76.2;7392
SBE;197410;-;17;69;828.8;104.5;-1.1;-8.7;9.0;65.6;7644
SBE;197411;-;31;66;833.6;183.2;-1.1;-8.3;8.3;73.9;4602
SBE;197412;-;46;44;838.0;26.0;-0.7;-15.7;11.8;57.6;6366
SBE;197501;-;74;60;837.4;175.0;-1.5;-10.6;8.5;77.5;5178
SBE;197502;-;108;35;837.5;32.6;-3.3;-15.8;8.4;58.7;8934
SBE;197503;-;142;83;825.2;211.1;-3.1;-12.5;5.5;77.2;4500
SBE;197504;-;192;56;832.0;269.1;1.0;-9.6;12.0;72.7;10752
SBE;197505;-;51;74;834.2;214.1;4.9;-4.0;18.3;78.3;7272
SBE;197506;-;0;70;836.4;151.8;8.4;-0.1;19.4;70.2;9594
SBE;197507;-;0;60;839.0;103.1;11.9;3.2;21.5;69.8;12090
SBE;197508;-;0;69;839.5;163.6;11.5;3.9;22.3;73.4;8328
SBE;197509;-;0;74;840.5;273.8;9.5;1.3;21.2;82.9;5880
SBE;197510;-;9;41;838.4;89.6;3.9;-4.5;17.2;64.3;8898
SBE;197511;-;20;64;833.2;130.4;-1.6;-15.4;9.8;75.1;3882
SBE;197512;-;66;35;837.0;32.3;-1.5;-11.6;10.5;61.9;6420
SBE;197601;-;42;43;832.9;16.9;-2.3;-17.5;11.2;61.0;7464
SBE;197602;-;60;58;835.1;33.9;-2.0;-13.4;12.4;69.5;5550
SBE;197603;-;50;49;832.5;24.0;-2.1;-15.6;11.6;61.7;10086
SBE;197604;-;6;70;831.3;84.3;1.3;-7.2;10.7;73.8;8856
SBE;197605;-;0;59;836.0;75.8;6.9;-4.7;17.9;67.1;12198
SBE;197606;-;0;54;840.1;41.3;11.4;1.2;20.9;55.5;13314
SBE;197607;-;0;73;838.4;128.9;12.3;2.9;21.7;58.1;10368
SBE;197608;-;0;70;839.2;168.2;9.7;2.0;19.5;69.4;9858
SBE;197609;-;0;71;836.5;524.6;6.1;-2.8;15.1;75.9;7170
SBE;197610;-;2;74;831.4;523.2;4.2;-3.0;18.0;79.7;4692
SBE;197611;-;55;66;833.6;216.5;-1.5;-9.7;7.5;75.5;4026
SBE;197612;-;72;54;826.8;51.6;-5.7;-18.2;5.0;71.2;4500
SBE;197701;-;144;65;829.8;196.6;-4.9;-18.0;5.0;75.3;3210
SBE;197702;-;165;61;828.9;154.3;-3.1;-15.2;7.4;72.3;5130
SBE;197703;-;163;68;836.3;145.1;0.7;-8.8;12.5;69.2;7506
SBE;197704;-;125;69;831.5;232.8;0.4;-9.3;12.6;68.9;9582
SBE;197705;-;29;84;834.2;309.7;4.4;-2.6;16.5;80.7;6132
SBE;197706;-;0;80;835.8;164.0;8.5;3.0;20.1;78.3;6732
SBE;197707;-;0;65;836.5;257.1;11.0;3.5;20.5;74.8;9948
SBE;197708;-;0;76;835.9;427.3;9.5;3.9;17.9;78.3;6666
SBE;197709;-;0;51;840.3;15.1;8.1;-2.3;20.2;67.6;11142
SBE;197710;-;0;60;840.1;335.2;4.8;-3.0;13.6;78.4;6438
SBE;197711;-;11;58;831.2;46.2;-1.2;-13.7;15.8;67.4;5604
SBE;197712;-;36;51;836.2;61.6;-2.3;-11.7;8.9;62.9;5256
SBE;197801;-;101;65;829.1;170.2;-4.2;-14.6;7.6;68.0;4752
SBE;197802;-;151;73;824.5;156.2;-4.9;-16.4;7.0;75.2;3618
SBE;197803;-;159;73;831.1;141.8;-1.3;-12.7;8.8;70.7;4788
SBE;197804;-;145;79;827.1;197.2;0.0;-11.6;7.6;75.1;6342
SBE;197805;-;80;75;832.6;203.6;3.9;-3.1;13.6;73.6;7770
SBE;197806;-;0;68;835.9;193.5;7.9;0.0;17.5;69.3;10164
SBE;197807;-;0;66;838.4;197.5;10.6;3.0;20.5;71.4;10236
SBE;197808;-;0;59;839.0;311.6;10.5;1.7;20.8;72.3;12030
SBE;197809;-;0;45;838.6;16.6;9.5;0.3;21.0;58.4;11598
SBE;197810;-;3;39;839.6;68.0;5.0;-1.5;17.3;55.0;9528
SBE;197811;-;0;23;841.6;7.5;0.6;-10.5;15.1;55.2;8946
SBE;197812;-;21;59;827.4;135.8;-2.7;-12.2;11.5;70.7;4674
SBE;197901;-;63;64;827.4;127.9;-6.7;-20.0;3.5;65.5;3438
SBE;197902;-;109;64;826.2;59.0;-3.6;-16.3;6.5;70.2;5298
SBE;197903;-;136;74;828.1;281.9;-1.4;-10.6;9.5;75.8;5070
SBE;197904;-;147;69;829.4;113.7;-0.7;-9.9;9.5;65.3;8268
SBE;197905;-;79;68;837.3;202.0;4.3;-10.0;18.0;67.7;8934
SBE;197906;-;0;71;838.7;113.4;10.2;1.3;20.0;70.1;9036
SBE;197907;-;0;60;840.3;192.5;11.6;3.9;20.0;65.3;11166
SBE;197908;-;0;63;836.9;224.1;10.1;1.2;20.3;72.0;10182
SBE;197909;-;0;53;840.2;147.7;8.1;-0.4;18.4;73.5;10914
SBE;197910;-;0;74;835.4;456.3;4.6;-3.0;16.4;78.5;4632
SBE;197911;-;17;58;832.8;118.9;-0.4;-10.6;15.0;58.5;5610
SBE;197912;-;26;56;832.0;125.2;-1.4;-13.0;11.8;64.4;4338
SBE;198001;-;55;59;830.2;62.6;-5.9;-15.0;3.9;66.5;4494
SBE;198002;-;62;46;836.0;22.0;-2.5;-13.7;8.3;56.7;7104
SBE;198003;-;82;68;827.5;135.9;-1.6;-10.0;9.2;68.1;6306
SBE;198004;-;51;68;831.9;9.8;-0.6;-8.6;10.3;57.1;9516
SBE;198005;-;0;80;831.1;198.4;4.1;-1.6;13.0;69.2;6702
SBE;198006;-;0;71;834.9;266.3;8.1;0.9;20.2;66.3;8718
SBE;198007;-;0;65;836.1;353.1;10.1;2.8;20.6;67.3;9336
SBE;198008;-;0;58;839.4;59.9;12.8;0.3;22.0;72.1;10722
SBE;198009;-;0;53;841.7;32.6;10.0;-0.1;21.5;64.0;10908
SBE;198010;-;4;58;833.0;340.2;3.5;-3.6;17.0;67.7;6828
SBE;198011;-;8;66;832.6;59.7;-0.8;-13.0;14.8;68.5;4002
SBE;198012;-;6;51;833.3;19.2;-3.4;-13.7;9.6;51.4;5484
SBE;198101;-;18;49;832.9;51.0;-4.4;-14.3;9.4;47.9;5766
SBE;198102;-;11;49;832.3;9.2;-4.6;-15.4;9.5;57.0;6942
SBE;198103;-;15;73;830.8;245.8;0.6;-11.9;14.3;66.0;7128
SBE;198104;-;4;61;833.9;102.9;3.5;-7.3;14.8;67.4;9534
SBE;198105;-;0;78;833.1;303.5;5.4;-2.3;17.5;71.6;5748
SBE;198106;-;0;61;838.3;147.7;10.4;2.0;24.9;66.2;9918
SBE;198107;-;0;63;838.9;398.2;10.7;2.5;21.1;63.3;9876
SBE;198108;-;0;50;840.2;64.0;12.2;1.6;23.5;68.1;13632
SBE;198109;-;0;80;838.3;497.6;9.2;2.1;17.5;79.2;4722
SBE;198110;-;0;71;833.8;184.6;3.1;-10.5;13.0;80.2;5142
SBE;198111;80;3;33;839.2;20.7;0.1;-11.5;15.5;57.2;7871
SBE;198112;42;47;75;821.2;272.8;-5.7;-16.6;6.0;75.5;2904
SBE;198201;63;95;55;834.3;38.5;-3.1;-14.7;4.9;73.9;5585
SBE;198202;98;94;46;834.9;23.5;-4.5;-18.8;6.1;73.0;5892
SBE;198203;143;110;65;833.3;110.8;-3.4;-12.7;8.7;71.1;6099
SBE;198204;229;59;48;832.8;7.6;0.8;-7.9;9.8;63.0;10340
SBE;198205;218;6;56;839.0;182.3;5.8;-4.6;16.4;69.2;9572
SBE;198206;210;0;64;837.8;191.7;10.6;1.4;19.7;70.8;8842
SBE;198207;221;0;51;840.2;161.9;13.5;5.1;23.8;67.3;10757
SBE;198208;159;0;61;839.1;260.0;10.9;2.5;19.5;76.5;7494
SBE;198209;145;0;55;841.5;254.3;9.9;1.8;19.8;77.9;9911
SBE;198210;93;2;56;834.4;174.6;3.4;-3.0;14.1;76.3;6162
SBE;198211;57;14;66;836.6;233.9;0.6;-7.1;13.8;74.1;4299
SBE;198212;48;67;50;832.4;123.2;-3.1;-13.1;5.5;69.2;4467
SBE;198301;65;63;41;841.7;55.5;-0.2;-10.3;12.4;54.0;5895
SBE;198302;102;69;53;831.1;22.9;-6.4;-15.9;4.7;63.1;5429
SBE;198303;147;63;53;834.1;79.4;0.1;-9.0;10.2;61.1;7454
SBE;198304;126;58;84;831.3;295.7;0.8;-6.4;9.7;79.7;2723
SBE;198305;138;14;80;832.1;508.7;3.6;-1.5;13.7;77.5;3454
SBE;198306;224;0;63;840.4;72.4;9.8;1.6;20.2;67.1;9303
SBE;198307;250;0;36;842.0;35.8;15.2;4.5;31.0;58.0;13743
SBE;198308;167;0;66;840.0;162.4;11.1;3.5;20.1;72.7;6834
SBE;198309;146;0;49;840.0;274.7;9.1;0.0;19.7;67.7;9796
SBE;198310;110;0;39;841.5;58.6;5.5;-4.3;16.1;63.1;9566
SBE;198311;64;2;39;835.5;47.3;0.2;-10.7;11.8;64.0;6721
SBE;198312;49;43;40;834.9;145.9;-3.0;-14.1;10.6;65.2;6310
SBE;198401;57;62;58;830.9;41.1;-5.5;-14.4;9.0;64.6;4064
SBE;198402;93;96;59;832.0;80.6;-6.2;-16.2;6.7;69.7;5154
SBE;198403;146;109;54;829.9;125.1;-3.8;-12.9;4.3;64.9;7549
SBE;198404;217;138;46;833.0;125.8;0.0;-9.9;11.1;62.2;10596
SBE;198405;151;47;83;827.8;372.2;2.1;-10.2;10.9;78.3;2794
SBE;198406;248;3;51;837.0;118.8;8.2;-0.9;19.0;63.2;10551
SBE;198407;237;0;43;840.2;15.3;11.6;2.9;22.2;59.2;12176
SBE;198408;163;0;65;838.8;120.6;10.6;4.1;20.9;70.9;7750
SBE;198409;140;0;55;833.3;370.5;6.4;-1.5;19.3;70.5;7917
SBE;198410;89;0;53;838.5;235.7;4.6;-2.0;16.3;68.8;6798
SBE;198411;57;18;56;832.6;106.2;0.3;-7.9;14.4;74.2;4530
SBE;198412;47;52;46;837.0;98.0;-2.8;-12.5;9.9;68.1;5313
SBE;198501;57;84;53;824.5;194.8;-8.8;-25.1;6.3;65.2;4377
SBE;198502;101;90;50;832.7;14.3;-2.8;-15.7;9.2;59.7;5859
SBE;198503;137;150;66;829.2;221.5;-3.7;-14.7;4.7;69.0;5582
SBE;198504;204;123;58;831.0;144.3;1.2;-6.3;8.8;60.0;7624
SBE;198505;187;27;71;831.9;214.5;4.7;-3.2;17.9;72.6;6302
SBE;198506;204;0;64;835.7;146.5;8.0;0.5;18.8;64.2;8501
SBE;198507;215;0;51;840.2;86.7;12.7;3.8;22.2;68.5;11025
SBE;198508;184;0;45;839.1;243.5;11.1;2.4;21.9;61.7;10072
SBE;198509;178;0;33;842.1;50.8;10.8;1.2;21.4;58.8;12796
SBE;198510;111;0;46;842.0;8.4;5.4;-5.0;17.5;66.1;9315
SBE;198511;64;16;55;829.1;64.1;-3.7;-16.3;6.2;68.5;4981
SBE;198512;47;28;50;835.5;93.8;-0.9;-9.3;10.9;67.3;5307
SBE;198601;59;73;60;827.2;160.1;-5.9;-17.7;7.4;64.4;4986
SBE;198602;102;114;63;823.6;38.6;-8.6;-21.4;0.5;71.0;5102
SBE;198603;151;83;64;832.2;53.3;-1.5;-10.3;7.2;68.5;6849
SBE;198604;118;146;89;828.0;634.4;-0.6;-11.4;8.4;83.2;1723
SBE;198605;200;61;71;838.8;234.6;5.6;-1.0;16.2;80.5;7284
SBE;198606;256;0;49;837.2;64.8;9.9;-0.9;24.2;66.7;11897
SBE;198607;228;0;50;839.5;178.7;11.4;4.0;21.1;71.8;11107
SBE;198608;181;0;56;838.4;250.3;10.7;1.1;20.9;81.5;9615
SBE;198609;143;0;56;840.7;43.5;9.1;1.0;18.2;77.3;8280
SBE;198610;120;0;36;839.7;32.1;5.7;-3.5;20.1;69.0;9973
SBE;198611;68;12;46;840.1;74.8;0.6;-9.2;11.2;66.2;6564
SBE;198612;56;31;49;835.4;42.6;-3.2;-14.5;8.8;58.6;5905
SBE;198701;66;45;45;829.1;31.5;-6.0;-24.9;6.1;58.1;6398
SBE;198702;79;81;66;829.2;124.9;-2.9;-13.3;8.2;69.5;3729
SBE;198703;162;87;54;830.3;68.3;-4.7;-15.3;6.4;58.1;7814
SBE;198704;221;71;50;835.7;121.9;2.4;-10.5;13.9;64.4;10050
SBE;198705;220;2;61;833.0;148.2;4.0;-3.5;16.0;67.3;9476
SBE;198706;187;0;70;837.0;483.3;8.2;-0.4;23.2;75.1;6841
SBE;198707;185;0;71;838.6;482.8;12.4;2.7;23.8;78.7;8295
SBE;198708;180;0;56;838.7;203.8;12.1;0.4;22.4;74.3;9688
SBE;198709;149;0;53;840.8;191.5;11.5;0.9;23.9;70.9;9315
SBE;198710;58;0;78;837.6;326.5;4.9;-2.1;14.0;86.0;3816
SBE;198711;64;10;53;833.0;88.8;0.7;-6.3;14.6;66.6;5551
SBE;198712;51;22;44;836.7;25.1;0.5;-12.1;11.3;60.6;5619
SBE;198801;49;56;65;831.8;226.3;-2.5;-11.0;5.8;74.2;3846
SBE;198802;105;125;53;830.1;121.9;-4.6;-13.6;7.3;60.5;6574
SBE;198803;155;96;68;828.6;74.5;-2.5;-14.2;7.1;63.2;6340
SBE;198804;178;59;73;832.9;85.7;2.6;-5.0;11.7;77.1;5367
SBE;198805;150;0;81;834.3;299.2;6.5;-0.9;16.8;82.6;4578
SBE;198806;207;0;70;834.8;126.7;9.0;0.3;17.2;73.5;7497
SBE;198807;207;0;54;838.7;274.6;12.8;3.6;21.7;74.4;10278
SBE;198808;188;0;53;838.3;276.3;12.2;4.1;22.0;74.9;10067
SBE;198809;153;0;61;839.1;148.0;9.0;1.0;19.0;74.6;9799
SBE;198810;74;0;60;838.4;335.5;6.2;-1.7;18.1;80.6;5943
SBE;198811;71;2;39;836.0;20.9;-0.7;-14.4;10.1;57.8;7724
SBE;198812;54;20;45;836.8;54.6;-0.5;-9.5;8.9;56.5;5805
SBE;198901;73;7;11;845.1;0.2;-0.4;-10.0;10.6;46.2;9503
SBE;198902;87;19;40;836.0;124.5;-0.6;-11.9;10.7;62.1;7202
SBE;198903;162;58;43;834.4;59.6;1.2;-11.9;13.0;64.6;11010
SBE;198904;134;68;86;826.9;388.5;0.7;-8.2;9.2;81.2;2116
SBE;198905;228;23;55;838.3;90.8;6.7;-1.8;16.9;71.0;10713
SBE;198906;241;0;66;836.5;151.5;9.2;-0.2;20.4;66.5;9782
SBE;198907;208;0;68;840.7;92.4;12.9;4.7;22.7;70.4;9426
SBE;198908;202;0;54;838.0;94.9;12.2;1.8;22.5;70.6;11097
SBE;198909;134;0;69;838.9;60.1;8.7;1.7;19.0;77.1;7395
SBE;198910;123;0;31;840.0;19.0;5.6;-2.4;19.2;61.0;10618
SBE;198911;61;11;50;834.0;117.0;-0.3;-11.0;14.0;69.5;5705
SBE;198912;49;4;36;833.8;229.5;-2.2;-12.6;6.7;65.0;6306
SBE;199001;63;10;29;839.1;81.1;-1.9;-11.3;8.5;53.6;7612
SBE;199002;91;68;48;835.6;166.8;-0.9;-11.1;10.8;68.5;6463
SBE;199003;168;51;46;842.4;4.8;1.8;-8.9;14.2;55.7;10545
SBE;199004;175;22;74;830.5;129.4;1.2;-6.2;14.5;74.7;4736
SBE;199005;207;0;64;838.5;93.3;7.7;-1.4;17.2;72.6;8993
SBE;199006;176;0;70;836.3;309.9;9.4;1.7;21.2;78.4;6339
SBE;199007;257;0;43;840.2;66.7;13.4;3.6;24.3;63.5;13142
SBE;199008;205;0;51;841.7;97.8;12.5;4.1;23.1;71.3;11724
SBE;199009;155;0;55;837.7;39.6;8.5;0.2;17.1;70.7;9227
SBE;199010;74;2;71;835.7;214.5;5.5;-4.4;16.8;82.8;4722
SBE;199011;69;20;56;830.7;227.7;-0.5;-11.1;12.6;71.0;5937
SBE;199012;56;58;40;831.6;83.6;-5.6;-15.1;5.8;71.7;5650
SBE;199101;63;61;48;838.8;35.1;-3.4;-14.8;5.6;68.5;5457
SBE;199102;114;68;33;830.9;41.6;-5.9;-21.9;12.1;69.3;8423
SBE;199103;116;51;74;832.4;244.6;1.0;-8.7;10.2;78.8;5089
SBE;199104;197;13;65;832.1;78.7;0.5;-8.9;10.9;70.3;8849
SBE;199105;237;1;69;834.4;40.5;3.6;-4.3;16.8;65.9;8687
SBE;199106;196;0;66;836.4;259.1;8.8;0.7;21.5;74.7;7892
SBE;199107;240;0;51;839.7;106.0;14.2;5.1;26.6;69.5;12174
SBE;199108;223;0;43;841.9;8.5;14.5;3.4;22.8;65.2;13196
SBE;199109;140;0;68;839.5;438.1;10.8;-0.9;20.9;77.8;8537
SBE;199110;88;0;64;836.0;127.7;3.2;-5.3;15.5;79.8;5913
SBE;199111;67;28;54;832.9;123.6;-1.3;-10.1;10.0;73.9;5305
SBE;199112;58;42;26;840.5;106.9;-3.2;-16.8;9.1;58.5;7290
SBE;199201;71;74;29;842.3;58.6;-1.4;-14.7;10.1;58.9;7940
SBE;199202;110;69;36;839.6;26.2;-1.8;-13.1;9.4;57.7;7845
SBE;199203;152;36;58;832.8;101.6;-0.1;-9.9;10.6;69.9;8184
SBE;199204;181;53;69;831.1;138.2;1.7;-9.7;14.5;74.3;6113
SBE;199205;200;0;63;838.8;108.0;7.9;0.1;19.2;75.4;9014
SBE;199206;191;0;79;835.2;216.2;9.1;0.0;18.2;79.0;6308
SBE;199207;212;0;60;840.6;142.4;13.1;4.6;22.9;74.9;9683
SBE;199208;195;0;51;841.0;241.4;14.5;2.3;24.3;73.2;11379
SBE;199209;133;0;56;841.3;181.3;8.6;0.4;19.8;76.6;7749
SBE;199210;70;1;73;828.9;173.1;2.4;-7.9;12.3;84.4;3617
SBE;199211;62;5;54;836.8;57.1;2.3;-6.6;17.7;68.1;5627
SBE;199212;49;48;40;835.2;112.2;-3.1;-15.0;6.8;74.0;5498
SBE;199301;65;37;34;841.8;6.6;-1.1;-18.0;10.6;65.2;6972
SBE;199302;110;31;31;839.6;27.0;-2.7;-16.7;9.3;58.4;8602
SBE;199303;154;24;59;835.6;30.4;-1.6;-12.4;14.5;66.0;9298
SBE;199304;164;1;70;831.9;97.3;2.7;-5.4;13.6;74.7;6341
SBE;199305;173;0;75;835.6;145.0;7.5;-0.2;19.1;79.1;6947
SBE;199306;210;0;63;838.5;191.1;10.8;2.6;21.0;72.9;8824
SBE;199307;214;0;59;839.9;229.3;11.0;1.2;22.5;73.4;9340
SBE;199308;185;0;55;841.1;182.3;12.5;0.8;23.3;73.3;9650
SBE;199309;99;1;81;835.1;403.2;7.0;-2.0;17.5;83.1;4303
SBE;199310;69;7;71;834.4;578.9;3.0;-6.8;11.1;87.4;3952
SBE;199311;61;4;59;834.6;66.3;-1.9;-14.5;8.0;76.1;4281
SBE;199312;57;23;55;830.6;80.3;-2.8;-12.4;9.6;74.6;5797
SBE;199401;63;122;58;832.1;246.6;-2.7;-15.8;6.8;73.5;5295
SBE;199402;98;119;61;831.1;111.0;-4.9;-16.0;4.0;77.4;4798
SBE;199403;170;96;43;837.9;29.9;2.5;-7.0;13.4;64.7;10201
SBE;199404;189;37;71;829.5;92.5;1.1;-8.8;16.1;71.5;6509
SBE;199405;157;0;74;834.6;291.8;6.7;-1.1;17.1;80.7;5841
SBE;199406;238;0;65;840.4;115.3;10.9;1.8;22.8;66.6;9793
SBE;199407;251;0;56;841.5;158.6;14.8;6.5;24.3;71.3;12657
SBE;199408;200;0;51;839.8;210.1;13.5;5.9;24.6;73.5;10770
SBE;199409;109;0;76;837.4;370.2;8.1;-1.7;16.5;84.3;5609
SBE;199410;104;0;45;837.0;96.1;4.1;-4.4;17.4;76.5;8178
SBE;199411;55;0;63;839.2;124.1;4.6;-1.4;15.5;68.7;4452
SBE;199412;54;3;44;837.9;37.4;-0.9;-10.8;14.7;67.9;6060
SBE;199501;65;45;58;832.8;113.4;-5.8;-17.8;2.3;71.9;5359
SBE;199502;93;68;56;834.0;81.3;-1.4;-11.0;9.9;70.8;5924
SBE;199503;168;69;53;831.1;37.1;-2.9;-13.0;10.9;63.5;10080
SBE;199504;185;9;68;833.7;212.2;3.0;-5.7;14.1;68.8;8839
SBE;199505;199;0;63;835.6;197.2;6.6;-2.8;17.9;69.5;8326
SBE;199506;201;0;70;836.5;124.9;8.8;0.3;21.5;71.9;7565
SBE;199507;224;0;58;840.4;115.5;14.4;5.5;24.7;74.2;10757
SBE;199508;178;0;69;838.8;138.3;11.4;1.2;22.1;75.3;7610
SBE;199509;116;0;70;834.9;243.8;6.1;-3.2;13.9;77.3;5974
SBE;199510;114;0;38;843.6;35.4;7.7;-3.4;17.4;70.0;10168
SBE;199511;64;4;61;835.1;78.1;-0.5;-11.3;13.1;72.9;5690
SBE;199512;46;32;68;831.0;84.5;-3.8;-15.1;5.8;82.5;4237
SBE;199601;52;75;63;831.1;168.9;-2.9;-12.9;4.7;81.1;4504
SBE;199602;108;96;55;826.7;38.0;-6.2;-17.0;5.1;73.3;6307
SBE;199603;161;73;60;829.7;13.5;-2.9;-15.3;9.4;72.4;8207
SBE;199604;187;16;66;833.4;74.7;2.7;-8.0;13.1;67.0;8773
SBE;199605;176;3;76;833.0;288.0;6.3;-2.2;20.4;76.8;6191
SBE;199606;236;0;55;840.4;99.8;11.3;1.7;23.2;69.7;11182
SBE;199607;216;0;61;839.4;335.2;11.5;2.9;22.4;73.2;10408
SBE;199608;168;0;68;838.1;257.7;11.1;4.1;19.2;79.1;7360
SBE;199609;156;0;59;833.9;43.3;6.1;-1.1;14.8;70.6;8821
SBE;199610;88;0;65;837.0;128.7;4.6;-2.1;16.3;74.1;6190
SBE;199611;60;17;73;830.6;469.6;-0.5;-11.8;15.7;78.6;4607
SBE;199612;46;46;64;829.0;82.7;-3.4;-18.9;6.0;80.4;3801
SBE;199701;60;85;54;836.3;73.4;-2.4;-10.6;9.1;74.3;5320
SBE;199702;107;71;35;839.2;18.7;-1.3;-9.3;9.1;59.8;8242
SBE;199703;182;28;36;839.4;19.1;2.3;-5.8;12.5;57.0;11899
SBE;199704;239;0;36;833.9;67.8;2.0;-7.8;13.3;54.7;13351
SBE;199705;191;0;64;835.9;217.2;6.9;-4.4;16.9;71.1;8581
SBE;199706;152;0;80;833.7;442.5;9.2;0.0;19.1;81.5;4845
SBE;199707;204;0;63;839.0;162.6;11.3;0.5;19.8;71.0;8855
SBE;199708;196;0;59;840.4;158.6;13.2;3.1;22.7;75.4;10285
SBE;199709;176;0;44;842.1;33.6;11.1;1.0;21.9;71.1;12236
SBE;199710;111;0;45;836.0;63.0;4.9;-10.6;18.5;70.4;8762
SBE;199711;57;40;63;829.4;354.4;0.2;-7.4;10.6;79.4;4637
SBE;199712;50;66;59;830.7;171.7;-2.7;-12.2;7.4;76.8;4773
SBE;199801;70;107;44;834.4;92.3;-3.7;-15.8;8.5;70.6;6956
SBE;199802;124;75;20;841.3;20.7;0.8;-15.5;13.0;53.4;10181
SBE;199803;180;43;46;837.1;17.8;-0.7;-12.8;11.1;61.2;11567
SBE;199804;151;63;80;826.6;455.9;0.7;-8.7;11.8;80.6;5145
SBE;199805;220;8;59;835.6;125.9;6.9;-0.2;18.9;68.6;9814
SBE;199806;216;0;65;839.1;185.1;11.0;-0.8;23.8;72.4;9391
SBE;199807;207;0;57;837.6;178.8;13.3;3.4;23.0;72.0;9630
SBE;199808;203;0;46;840.2;124.1;13.3;3.0;26.6;70.5;11257
SBE;199809;120;0;66;834.6;311.3;7.9;0.2;16.7;78.3;6470
SBE;199810;94;0;62;835.1;208.0;3.9;-3.0;16.0;74.5;6327
SBE;199811;74;1;44;832.7;28.9;-2.3;-16.7;11.2;63.2;6639
SBE;199812;53;2;52;836.8;20.1;-2.6;-10.9;12.2;60.8;4961
SBE;199901;65;44;51;833.5;133.1;-3.1;-15.0;10.5;66.7;6087
SBE;199902;103;50;58;829.4;66.3;-4.6;-16.3;7.9;62.1;5607
SBE;199903;157;78;52;830.5;139.1;-0.4;-13.7;9.7;67.1;9179
SBE;199904;194;54;65;832.4;228.0;2.0;-7.3;11.5;69.2;7572
SBE;199905;184;1;75;837.2;164.3;8.4;1.0;19.5;77.4;6450
SBE;199906;200;0;65;838.7;330.3;9.6;0.8;20.7;73.0;7648
SBE;199907;218;0;60;839.0;157.0;12.8;5.7;21.5;74.9;9277
SBE;199908;152;0;74;837.6;369.5;12.4;5.3;21.3;80.4;6090
SBE;199909;128;0;69;837.3;529.6;10.2;3.5;21.0;80.7;6987
SBE;199910;98;1;58;837.6;323.2;5.3;-2.7;16.9;75.8;7191
SBE;199911;67;3;53;836.0;73.3;-1.6;-13.7;8.5;67.1;4995
SBE;199912;53;30;59;830.8;125.9;-4.2;-14.3;8.4;62.0;4746
SBE;200001;80;50;28;837.5;19.6;-3.5;-18.6;10.8;50.8;8589
SBE;200002;112;45;41;838.2;32.5;-1.5;-11.7;9.5;58.4;7520
SBE;200003;160;33;53;835.2;111.3;0.1;-9.1;11.9;61.9;8609
SBE;200004;147;45;77;829.4;321.9;2.1;-6.0;13.3;79.0;4327
SBE;200005;175;0;71;837.5;176.0;7.9;0.1;17.6;78.6;6686
SBE;200006;208;0;58;841.7;120.1;11.5;2.9;20.5;71.9;9585
SBE;200007;183;0;67;835.9;307.1;10.5;1.9;19.8;72.9;8246
SBE;200008;176;0;53;841.3;154.7;13.1;5.7;22.9;73.4;9714
SBE;200009;151;0;54;837.3;140.5;9.4;2.4;20.5;75.8;8735
SBE;200010;71;0;72;836.3;444.4;4.9;-1.2;14.2;84.0;4019
SBE;200011;57;86;74;829.8;528.3;-1.4;-9.4;6.0;85.4;3190
SBE;200012;47;105;61;832.0;159.2;-2.4;-14.4;7.3;74.3;4173
SBE;200101;60;159;70;831.0;215.8;-5.3;-19.0;3.1;75.7;4308
SBE;200102;113;181;49;833.7;142.3;-3.2;-17.3;7.7;64.6;6984
SBE;200103;141;193;71;827.1;258.7;-0.1;-16.1;9.9;79.7;5889
SBE;200104;196;157;75;830.8;111.0;0.3;-8.0;9.7;67.8;6260
SBE;200105;210;41;62;837.0;144.9;7.6;1.1;22.5;73.6;9744
SBE;200106;240;0;53;837.9;318.5;9.8;-0.9;22.7;63.5;11300
SBE;200107;197;0;61;838.6;259.5;12.8;5.4;22.6;73.3;9405
SBE;200108;204;0;53;840.6;241.6;13.8;4.6;23.8;72.6;11250
SBE;200109;142;0;69;835.3;162.2;6.0;-0.9;15.7;73.3;6959
SBE;200110;100;0;54;842.3;132.8;7.7;-1.9;19.2;74.3;7999
SBE;200111;74;3;45;836.5;26.0;0.4;-8.5;13.1;60.1;6707
SBE;200112;64;0;33;834.9;3.8;-4.2;-15.6;7.5;48.1;7479
SBE;200201;71;4;28;841.2;21.4;-1.8;-14.9;11.9;43.3;7951
SBE;200202;97;31;55;834.5;75.2;-0.8;-10.0;8.5;64.5;6007
SBE;200203;160;32;56;835.8;85.6;0.5;-9.0;13.2;63.3;9905
SBE;200204;189;2;69;832.6;62.9;2.7;-3.4;13.1;67.3;8622
SBE;200205;184;4;74;835.6;456.6;6.3;-4.4;16.9;77.6;6702
SBE;200206;241;0;62;840.1;187.4;12.7;3.4;25.9;72.2;10812
SBE;200207;197;0;63;838.5;253.9;12.2;5.6;21.9;75.8;8809
SBE;200208;171;0;66;838.1;222.9;11.9;5.6;21.3;76.7;7818
SBE;200209;137;0;67;837.9;87.2;7.7;-2.8;16.6;75.6;6821
SBE;200210;102;0;59;835.7;150.5;4.9;-3.8;15.8;69.3;7734
SBE;200211;45;14;82;830.9;747.2;1.2;-6.6;10.9;81.2;2775
SBE;200212;50;44;66;833.3;50.5;-1.5;-11.8;8.0;72.5;3806
SBE;200301;75;69;48;830.6;62.7;-4.5;-17.6;8.2;55.0;7096
SBE;200302;123;79;25;833.9;22.3;-7.0;-17.9;4.9;45.8;8815
SBE;200303;184;51;40;839.6;3.4;1.3;-6.6;11.0;54.7;12412
SBE;200304;183;4;60;834.5;112.5;1.9;-12.7;13.7;68.2;8278
SBE;200305;208;0;65;839.9;107.3;8.3;-1.4;18.9;70.6;9184
SBE;200306;255;0;53;841.5;65.7;15.4;5.5;24.8;66.1;12192
SBE;200307;222;0;57;840.5;147.5;14.2;5.1;24.8;67.8;10630
SBE;200308;221;0;42;842.5;162.6;16.5;5.2;27.6;59.8;13458
SBE;200309;160;0;53;841.7;66.9;8.6;-1.6;20.8;70.1;9812
SBE;200310;95;4;69;832.4;193.0;1.9;-10.5;14.1;77.0;6084
SBE;200311;63;27;57;836.7;205.4;0.9;-6.0;12.2;79.3;5214
SBE;200312;49;44;58;835.6;109.9;-2.5;-12.8;9.6;65.9;4542
SBE;200401;70;90;56;827.4;53.7;-4.6;-15.4;4.0;59.9;5526
SBE;200402;107;77;53;834.2;57.2;-2.2;-15.4;12.0;51.8;6661
SBE;200403;149;86;65;836.0;47.8;-1.8;-12.3;13.3;64.8;7313
SBE;200404;179;38;68;831.7;129.8;2.0;-6.0;12.1;71.9;7203
SBE;200405;239;0;56;834.0;140.5;5.6;-1.8;17.7;68.1;10466
SBE;200406;238;0;58;839.4;63.7;11.2;3.0;22.5;64.2;10334
SBE;200407;207;0;56;840.2;192.0;12.4;3.9;24.7;70.7;8999
SBE;200408;166;0;68;839.1;274.3;12.1;3.5;24.2;76.9;7760
SBE;200409;151;0;59;841.9;42.9;9.9;0.5;21.9;74.4;8574
SBE;200410;64;2;87;836.1;318.1;5.7;-3.7;14.5;89.3;3303
SBE;200411;66;2;50;836.3;106.9;0.2;-7.7;12.5;64.1;5486
SBE;200412;54;42;43;835.5;71.4;-2.4;-15.5;8.1;68.4;6093
SBE;200501;80;47;34;836.6;23.9;-3.6;-15.5;10.0;50.3;7782
SBE;200502;118;41;55;829.4;9.0;-7.2;-20.1;5.1;57.4;6230
SBE;200503;165;25;50;833.3;67.2;-1.2;-21.3;12.6;63.2;10121
SBE;200504;182;8;67;833.3;125.9;2.3;-5.9;18.3;71.1;7842
SBE;200505;209;0;60;837.8;176.0;7.6;-1.5;21.5;71.0;9994
SBE;200506;256;0;52;840.7;113.1;12.1;-0.1;25.2;68.1;11907
SBE;200507;211;0;66;839.3;92.0;12.7;3.9;23.1;70.1;8029
SBE;200508;168;0;68;837.8;117.4;10.8;2.7;20.3;76.1;8509
SBE;200509;134;0;69;838.7;103.5;9.6;2.4;21.9;84.2;7835
SBE;200510;84;0;56;839.5;73.0;4.9;-2.8;18.3;84.0;7609
SBE;200511;60;3;50;833.3;40.9;-1.2;-13.3;11.9;76.0;5993
SBE;200512;52;44;47;830.1;63.5;-5.2;-15.1;5.9;67.5;4869
SBE;200601;65;46;43;835.6;48.9;-6.1;-16.7;8.6;66.5;6187
SBE;200602;102;89;52;827.6;91.2;-4.0;-13.4;9.4;63.8;5784
SBE;200603;158;104;64;827.1;82.3;-3.2;-15.9;11.3;68.4;6853
SBE;200604;204;47;61;831.9;88.3;2.6;-9.9;12.3;69.8;6828
SBE;200605;191;-;72;836.3;125.4;7.0;-1.6;18.3;73.6;5992
SBE;200606;240;-;64;840.6;63.6;11.5;-1.6;23.0;68.2;9189
SBE;200607;253;-;59;842.2;170.4;15.4;7.2;24.8;72.2;12288
SBE;200608;158;-;71;834.1;207.0;9.7;1.6;18.3;72.8;6084
SBE;200609;151;-;61;838.7;129.1;11.2;2.5;24.7;77.8;8515
SBE;200610;88;-;65;837.4;254.1;6.8;-1.6;16.9;78.0;6380
SBE;200611;67;-;64;837.9;70.0;2.3;-5.8;14.2;68.0;5999
SBE;200612;55;25;39;840.5;167.9;-0.9;-10.8;7.9;66.3;6945
SBE;200701;62;39;55;836.2;93.3;-0.8;-12.9;12.5;67.0;5763
SBE;200702;87;53;61;830.3;36.3;-0.7;-8.6;9.3;69.3;5177
SBE;200703;151;52;63;831.5;97.3;0.1;-9.1;9.9;66.2;8543
SBE;200704;232;11;49;837.6;20.8;6.9;-2.6;17.4;66.7;12575
SBE;200705;193;-;72;833.0;178.0;8.2;0.2;20.3;71.4;7509
SBE;200706;189;-;80;835.4;314.2;11.0;2.5;20.1;81.0;6326
SBE;200707;222;-;49;837.5;179.4;12.3;2.8;22.0;70.0;9691
SBE;200708;174;-;73;837.0;243.1;11.6;2.8;22.3;77.2;7346
SBE;200709;168;-;60;838.1;135.9;7.5;-0.9;19.0;72.0;9777
SBE;200710;125;-;52;838.6;14.2;4.6;-6.5;18.4;72.0;9703
SBE;200711;71;15;53;833.7;122.5;-0.7;-11.1;15.6;64.7;5829
SBE;200712;63;43;43;836.7;26.0;-3.1;-14.8;6.3;59.7;6761
SBE;200801;59;94;58;836.9;151.2;-1.6;-12.1;11.0;69.5;5241
SBE;200802;121;94;30;840.5;36.7;-1.2;-11.2;10.4;59.2;9016
SBE;200803;161;72;67;825.0;89.7;-1.2;-12.2;11.0;64.6;7445
SBE;200804;168;71;79;828.9;235.5;1.2;-8.6;9.8;76.0;5169
SBE;200805;201;-;73;835.0;247.6;7.1;-1.7;17.4;77.3;6981
SBE;200806;221;-;70;837.3;148.7;11.6;2.6;22.0;76.1;8910
SBE;200807;219;-;62;837.8;280.0;12.4;4.3;22.7;73.1;9860
SBE;200808;197;-;57;837.6;192.9;12.6;4.8;22.0;77.3;9984
SBE;200809;139;-;70;836.5;332.3;7.6;-1.7;20.8;77.2;7982
SBE;200810;95;-;63;837.1;270.7;5.4;-3.9;18.1;80.3;6873
SBE;200811;54;13;75;832.1;221.0;-0.5;-11.8;9.6;80.1;3157
SBE;200812;50;93;65;832.0;128.8;-3.5;-16.2;7.4;76.5;4101
SBE;200901;68;94;56;828.3;75.7;-4.8;-14.1;3.9;65.6;5490
SBE;200902;109;149;65;827.7;120.3;-4.2;-12.1;8.3;67.4;6132
SBE;200903;162;127;64;829.6;115.0;-0.9;-10.6;8.1;63.0;7943
SBE;200904;175;78;73;832.9;167.7;3.3;-4.0;11.0;76.1;5421
SBE;200905;226;-;61;839.2;71.9;8.6;-0.6;24.1;68.1;8519
SBE;200906;227;-;67;836.2;215.3;11.0;2.1;22.4;67.4;9132
SBE;200907;225;-;61;838.9;201.8;13.0;1.9;22.2;73.4;9970
SBE;200908;210;-;54;840.6;97.6;14.1;4.4;23.9;76.1;10706
SBE;200909;166;-;53;839.7;72.9;10.5;1.0;19.2;77.1;9824
SBE;200910;109;-;56;835.7;65.1;5.0;-6.4;17.0;66.7;7536
SBE;200911;60;7;61;831.6;160.5;1.1;-6.0;13.3;78.3;4562
SBE;200912;51;88;58;824.5;158.1;-4.9;-16.5;7.2;69.9;4083
SBE;201001;73;107;52;826.2;25.8;-6.0;-16.2;4.7;62.8;5888
SBE;201002;94;104;68;822.0;61.3;-5.1;-13.9;4.5;71.9;4119
SBE;201003;150;97;64;832.1;107.8;-1.9;-16.1;8.4;66.9;7197
SBE;201004;215;72;55;835.0;66.6;2.8;-8.4;14.1;67.6;9129
SBE;201005;180;-;75;831.8;389.3;5.5;-0.4;19.3;76.3;4996
SBE;201006;200;-;67;835.6;158.7;11.1;1.4;22.9;72.2;7767
SBE;201007;243;-;57;839.8;104.3;14.5;5.5;25.5;70.8;11215
SBE;201008;184;-;65;837.3;240.8;11.9;2.8;22.1;76.8;8654
SBE;201009;157;-;60;835.6;154.1;8.4;1.0;17.9;73.6;8587
SBE;201010;89;-;65;833.5;119.9;3.5;-5.5;14.7;77.7;5956
SBE;201011;59;17;74;825.9;180.8;-0.6;-15.4;14.7;80.5;3505
SBE;201012;49;55;64;826.3;99.8;-5.8;-18.0;5.8;70.0;4019
SBE;201101;66;75;-;833.3;61.7;-3.7;-15.1;9.6;69.0;5868
SBE;201102;111;77;-;832.8;30.3;-0.5;-9.8;11.6;56.0;6818
SBE;201103;153;70;-;836.3;46.4;0.4;-9.3;10.5;68.4;8257
SBE;201104;221;-;-;836.3;16.8;5.8;-2.9;18.4;61.9;11180
SBE;201105;240;-;-;838.4;96.6;8.8;-1.8;20.5;68.3;11277
SBE;201106;197;-;-;837.7;180.1;11.1;3.3;25.5;74.5;7258
SBE;201107;193;-;-;834.8;323.2;11.1;3.3;20.6;73.7;7952
SBE;201108;203;-;-;839.1;187.3;13.6;2.9;24.5;74.7;10393
SBE;201109;166;-;-;839.7;136.8;11.3;0.6;22.5;76.8;10013
SBE;201110;127;-;-;839.2;65.2;4.8;-5.6;20.5;70.7;9639
SBE;201111;74;-;-;839.2;137.7;2.1;-4.6;10.8;68.5;7619
SBE;201112;46;20;-;833.5;68.9;-2.4;-12.3;8.4;74.3;4032
SBE;201201;61;52;-;834.9;66.9;-2.7;-15.1;7.5;63.7;4941
SBE;201202;118;44;-;833.4;3.3;-5.6;-20.1;11.9;50.1;7844
SBE;201203;178;18;-;840.8;62.2;2.8;-8.6;13.8;58.9;10965
SBE;201204;160;14;-;826.0;180.9;1.8;-6.7;16.8;77.8;4985
SBE;201205;229;-;-;835.7;156.7;7.4;-2.9;20.1;68.8;9598
SBE;201206;192;-;-;837.2;206.9;11.7;1.6;21.5;78.2;6861
SBE;201207;209;-;-;838.1;194.6;13.0;4.7;23.9;74.8;9143
SBE;201208;195;-;-;840.3;277.3;13.8;3.8;25.6;77.4;10224
SBE;201209;148;-;-;837.4;191.6;9.3;1.4;19.0;77.7;8205
SBE;201210;92;-;-;833.6;139.0;4.9;-7.7;19.2;81.4;5969
SBE;201211;64;-;-;832.3;201.2;0.8;-7.1;11.9;77.5;4901
SBE;201212;55;33;-;830.6;45.8;-4.3;-16.2;11.6;70.8;4871
SBE;201301;69;43;-;828.7;39.4;-2.8;-16.6;9.0;61.0;5764
SBE;201302;111;52;-;826.0;17.4;-6.0;-15.4;4.4;61.3;5940
SBE;201303;145;60;-;824.0;60.4;-2.0;-11.9;6.3;71.4;6421
SBE;201304;175;39;-;832.8;223.8;3.0;-11.1;15.8;76.1;6830
SBE;201305;177;-;-;830.8;303.3;4.7;-2.6;13.9;77.3;4142
SBE;201306;235;-;-;838.0;100.6;10.1;1.0;22.6;72.0;7907
SBE;201307;259;-;-;841.4;82.0;14.5;4.6;23.4;70.7;12372
SBE;201308;214;-;-;840.0;138.9;12.8;4.6;25.4;73.8;10545
SBE;201309;165;-;-;837.1;141.0;10.1;1.2;22.0;69.0;9208
SBE;201310;72;-;-;837.9;383.4;5.8;-2.8;14.1;86.4;3482
SBE;201311;59;9;-;831.2;126.2;-0.2;-12.1;12.1;75.2;4502
SBE;201312;56;38;-;838.8;253.1;-0.6;-11.6;11.2;61.4;6318
SBE;201401;55;159;-;828.6;245.6;-3.5;-15.4;5.6;81.9;3382
SBE;201402;84;231;-;828.7;258.3;-3.4;-14.4;2.0;83.1;4072
SBE;201403;177;194;-;833.5;113.6;0.4;-9.9;11.6;67.8;9755
SBE;201404;217;90;-;832.5;79.5;3.9;-3.9;12.7;68.2;8561
SBE;201405;210;-;-;835.0;117.3;5.9;-1.9;16.5;71.3;6878
SBE;201406;249;-;-;837.9;234.4;11.2;3.0;23.9;70.4;10456
SBE;201407;188;-;-;836.7;246.4;12.0;4.9;23.3;77.4;6635
SBE;201408;150;-;-;836.6;240.9;11.0;3.1;19.5;81.4;5285
SBE;201409;146;-;-;838.5;59.9;9.4;0.0;18.0;77.0;7461
SBE;201410;87;-;-;838.2;286.6;7.0;-3.1;16.0;80.0;5612
SBE;201411;47;16;-;832.4;453.7;2.2;-4.2;13.3;88.7;3270
SBE;201412;49;4;-;834.5;52.4;-0.9;-12.2;11.3;69.7;3825
SBE;201501;66;39;-;832.8;110.1;-2.5;-13.9;12.5;65.1;4980
SBE;201502;107;72;-;829.8;93.1;-4.0;-13.2;8.1;64.7;5723
SBE;201503;141;67;-;835.2;67.1;0.3;-7.3;13.3;69.0;7176
SBE;201504;216;15;-;837.1;95.6;3.5;-7.8;15.3;61.7;10006
SBE;201505;201;0;-;836.1;225.7;7.7;-0.5;19.4;73.9;8177
SBE;201506;229;0;-;839.9;103.9;12.0;3.5;23.8;71.9;9180
SBE;201507;255;0;-;840.1;102.9;16.2;6.2;26.6;70.9;12590
SBE;201508;200;0;-;839.8;248.3;13.2;5.6;24.7;80.6;10387
SBE;201509;116;0;-;837.1;323.2;7.7;-0.6;16.1;81.7;6021
SBE;201510;104;0;-;836.0;147.9;4.6;-1.7;14.0;78.7;7343
SBE;201511;85;0;-;838.4;6.9;3.8;-10.2;17.9;55.9;8527
SBE;201512;64;0;-;845.1;0.2;1.0;-6.6;12.2;59.0;8267
SBE;201601;66;24;-;831.2;69.9;-3.0;-17.8;10.7;70.9;5521
SBE;201602;90;59;-;829.5;145.1;-1.7;-11.3;11.8;74.9;4452
SBE;201603;164;91;-;829.4;116.8;-1.2;-11.7;8.0;66.3;8695
SBE;201604;153;18;-;831.3;221.2;2.9;-6.9;14.7;76.9;4947
SBE;201605;186;0;-;833.6;240.6;5.9;-1.6;16.3;75.1;6173
SBE;201606;213;0;-;836.3;272.0;10.7;2.7;23.6;77.3;6931
SBE;201607;221;0;-;840.4;133.1;13.7;3.4;23.9;73.1;9700
SBE;201608;219;0;-;841.6;113.4;13.1;5.1;24.4;72.6;11263
SBE;201609;176;0;-;840.4;47.3;11.0;2.8;22.0;75.8;10229
SBE;201610;97;0;-;837.7;112.8;4.8;-3.0;17.2;71.8;6859
SBE;201611;59;5;-;833.4;178.1;0.5;-9.1;12.9;78.0;3979
SBE;201612;63;1;-;843.5;5.1;1.0;-8.8;13.8;51.7;8031
SBE;201701;73;3;-;834.2;15.8;-5.7;-13.7;5.4;59.8;7011
SBE;201702;91;43;-;834.4;135.9;-1.1;-10.1;8.3;74.0;4578
SBE;201703;154;63;-;835.2;159.0;2.6;-6.7;13.3;66.6;8496
SBE;201704;221;4;-;835.1;155.0;3.5;-7.9;16.3;61.1;10498
SBE;201705;241;5;-;837.1;138.1;7.9;-4.2;20.5;71.0;10329
SBE;201706;249;0;-;838.3;228.1;13.5;1.0;25.2;71.5;11235
SBE;201707;238;0;-;839.1;102.2;13.4;4.0;24.2;72.5;10279
SBE;201708;188;0;-;840.9;249.3;13.7;3.6;24.3;75.4;8866
SBE;201709;136;0;-;836.2;222.5;7.2;0.0;18.3;76.4;6003
SBE;201710;129;0;-;840.3;4.6;6.7;-3.1;18.5;61.0;9860
SBE;201711;70;5;-;833.0;85.9;-0.4;-10.3;13.1;69.9;5556
SBE;201712;54;49;-;832.1;146.3;-3.6;-14.8;9.9;68.5;5359
SBE;201801;58;109;-;833.2;147.1;-2.1;-13.4;9.0;80.2;4215
SBE;201802;110;117;-;826.7;22.7;-6.4;-20.9;6.8;69.2;6208
SBE;201803;137;129;-;822.4;145.9;-1.9;-13.9;5.5;76.2;5930
SBE;201804;196;103;-;835.0;170.5;4.0;-6.6;15.2;76.3;9055
SBE;201805;193;1;-;835.5;135.0;8.4;1.2;19.2;78.6;5806
SBE;201806;249;0;-;837.5;94.8;12.6;4.9;23.3;67.5;10336
SBE;201807;243;0;-;838.6;148.8;14.7;7.6;24.7;67.8;11212
SBE;201808;209;0;-;840.3;182.5;14.4;3.1;25.9;73.6;10655
SBE;201809;181;0;-;841.6;47.4;11.3;0.1;21.0;73.4;11000
SBE;201810;99;2;-;837.5;303.4;6.7;-1.1;18.1;77.4;7426
SBE;201811;44;16;-;835.0;198.1;0.8;-8.2;10.0;88.3;1905
SBE;201812;60;32;-;836.4;62.9;-1.5;-13.9;9.6;65.0;5872