stn;time;gre000m0;hto000m0;nto000m0;prestam0;tre200m0;tre200mn;ure200m0;rre150m0;sre000m0;tre200mx
CDF;190001;-;-;-;-;-;-;-;218.9;-;-
CDF;190002;-;-;-;-;-;-;-;137.0;-;-
CDF;190003;-;-;-;-;-;-;-;59.9;-;-
CDF;190004;-;-;-;-;-;-;-;83.3;-;-
CDF;190005;-;-;-;-;-;-;-;84.8;-;-
CDF;190006;-;-;-;-;-;-;-;73.4;-;-
CDF;190007;-;-;-;-;-;-;-;106.7;-;-
CDF;190008;-;-;-;-;-;-;-;155.9;-;-
CDF;190009;-;-;-;-;-;-;-;102.6;-;-
CDF;190010;-;-;-;-;-;-;-;88.1;-;-
CDF;190011;-;-;-;-;-;-;-;90.6;-;-
CDF;190012;-;-;-;-;-;-;-;150.1;-;-
CDF;190101;-;-;45;904.3;-2.6;-16.0;80.8;123.3;-;-
CDF;190102;-;-;59;898.8;-7.3;-25.6;78.3;63.1;-;-
CDF;190103;-;-;79;893.4;-0.4;-17.5;78.4;102.6;-;-
CDF;190104;-;-;68;901.2;5.6;-9.0;79.1;288.7;-;-
CDF;190105;-;-;46;903.0;10.0;0.0;70.3;42.3;-;-
CDF;190106;-;-;51;905.7;13.6;1.5;70.1;190.2;-;-
CDF;190107;-;-;52;904.7;15.7;5.5;68.0;125.9;-;-
CDF;190108;-;-;50;906.6;13.9;2.0;77.4;140.3;12564;-
CDF;190109;-;-;77;901.9;12.0;2.5;83.8;199.3;6570;-
CDF;190110;-;-;69;901.1;6.2;-2.0;83.9;142.9;5718;-
CDF;190111;-;-;58;905.1;-0.5;-10.0;79.8;49.7;5958;-
CDF;190112;-;-;80;894.7;-1.4;-12.5;86.4;138.3;2424;-
CDF;190201;-;-;63;907.3;-0.9;-9.0;84.1;100.7;5400;-
CDF;190202;-;-;74;894.6;-1.4;-12.5;83.2;97.7;3888;-
CDF;190203;-;-;59;899.5;2.1;-8.5;79.5;163.4;7721;-
CDF;190204;-;-;62;899.5;7.6;-3.5;79.3;106.6;7416;-
CDF;190205;-;-;76;901.2;5.5;-3.0;80.3;189.3;5550;-
CDF;190206;-;-;60;902.5;12.1;3.0;73.1;106.5;12246;-
CDF;190207;-;-;43;906.5;15.6;5.0;69.1;119.1;16223;-
CDF;190208;-;-;61;904.7;13.8;4.5;75.8;176.2;10770;-
CDF;190209;-;-;52;905.8;11.0;0.5;80.0;65.2;9642;-
CDF;190210;-;-;75;902.6;6.1;-2.0;84.9;151.4;4536;-
CDF;190211;-;-;64;899.8;2.0;-10.5;83.5;51.8;5892;-
CDF;190212;-;-;68;903.7;-1.9;-13.5;88.6;165.3;3288;-
CDF;190301;-;-;49;905.3;-1.6;-17.0;79.9;80.6;4062;-
CDF;190302;-;-;48;911.0;0.3;-13.5;72.4;53.6;6720;-
CDF;190303;-;-;58;903.8;2.9;-6.5;71.3;110.9;8388;-
CDF;190304;-;-;80;897.3;1.8;-8.5;80.9;124.7;4134;-
CDF;190305;-;-;50;900.7;9.9;-1.0;76.5;81.0;12390;-
CDF;190306;-;-;66;901.9;11.4;3.0;80.6;82.7;7734;-
CDF;190307;-;-;61;905.0;14.1;6.0;73.7;92.2;11304;-
CDF;190308;-;-;46;906.2;14.1;4.5;78.0;188.7;13710;-
CDF;190309;-;-;52;906.7;11.8;2.0;78.0;50.2;9174;-
CDF;190310;-;-;70;901.3;7.9;-1.5;79.1;197.0;6120;-
CDF;190311;-;-;70;903.1;1.6;-8.5;89.0;132.9;4230;-
CDF;190312;-;-;68;894.8;-2.6;-15.5;87.9;65.1;2382;-
CDF;190401;-;-;52;902.7;-3.7;-16.0;85.2;76.2;2892;-
CDF;190402;-;-;82;893.1;-1.1;-17.0;84.4;253.3;2466;-
CDF;190403;-;-;66;898.1;1.4;-9.5;80.0;85.4;5472;-
CDF;190404;-;-;71;902.5;6.9;-2.5;78.7;104.2;5982;-
CDF;190405;-;-;58;905.1;11.0;-1.0;75.2;196.4;11868;-
CDF;190406;-;-;52;905.3;14.0;3.5;74.6;112.5;12246;-
CDF;190407;-;-;34;907.4;17.9;7.0;67.2;34.2;17256;-
CDF;190408;-;-;47;906.9;15.0;4.5;72.4;118.9;15642;-
CDF;190409;-;-;59;904.5;9.6;-1.0;81.0;98.9;7644;-
CDF;190410;-;-;68;905.3;6.9;-2.5;86.2;59.5;6012;-
CDF;190411;-;-;56;903.9;1.1;-13.5;79.3;56.4;5466;-
CDF;190412;-;-;63;902.3;-1.1;-10.5;88.3;98.2;4590;-
CDF;190501;-;-;59;908.6;-4.9;-20.5;85.1;124.2;4848;-
CDF;190502;-;-;65;906.1;-2.3;-17.5;87.6;41.9;4962;-
CDF;190503;-;-;75;898.8;2.5;-8.0;81.3;152.0;5322;-
CDF;190504;-;-;75;898.5;5.4;-8.5;78.1;190.2;6696;-
CDF;190505;-;-;64;902.6;7.9;-0.5;78.6;101.5;9108;-
CDF;190506;-;-;53;903.0;13.7;3.5;75.1;94.3;11790;-
CDF;190507;-;-;35;907.3;17.6;6.0;70.2;59.0;18492;-
CDF;190508;-;-;57;904.9;14.5;5.0;80.9;265.5;11952;-
CDF;190509;-;-;71;904.0;11.2;2.5;85.1;151.2;6108;-
CDF;190510;-;-;71;902.1;1.5;-8.5;80.8;127.4;5172;-
CDF;190511;-;-;79;895.5;1.8;-7.0;82.3;156.9;3228;-
CDF;190512;-;-;40;908.3;-1.1;-8.5;82.5;70.7;6408;-
CDF;190601;-;-;67;905.2;-1.3;-18.0;82.1;127.0;4746;-
CDF;190602;-;-;81;896.0;-3.0;-17.0;82.7;150.5;3965;-
CDF;190603;-;-;61;900.5;-0.3;-15.5;77.5;134.3;8610;-
CDF;190604;-;-;67;902.4;4.9;-6.0;69.4;67.5;8184;-
CDF;190605;-;-;68;900.5;9.5;-1.0;72.5;174.1;9846;-
CDF;190606;-;-;52;906.0;12.3;1.5;72.8;80.1;13116;-
CDF;190607;-;-;55;906.3;15.5;3.0;73.0;108.3;11562;-
CDF;190608;-;-;38;908.1;15.6;2.0;63.3;33.9;16578;-
CDF;190609;-;-;37;908.2;10.8;1.0;68.0;43.1;13218;-
CDF;190610;-;-;47;903.2;9.0;-1.0;76.3;76.6;9108;-
CDF;190611;-;-;61;902.3;3.0;-8.0;81.5;169.5;5214;-
CDF;190612;-;-;70;898.5;-5.3;-23.0;87.8;185.2;2736;-
CDF;190701;-;-;69;909.0;-3.2;-20.0;83.6;135.1;3905;-
CDF;190702;-;-;61;899.5;-4.9;-23.0;85.5;86.7;4686;-
CDF;190703;-;-;49;906.6;0.1;-16.0;78.9;122.5;9714;-
CDF;190704;-;-;76;895.0;3.6;-4.5;76.3;111.5;6504;-
CDF;190705;-;-;65;901.9;10.3;-3.5;67.2;82.6;8280;-
CDF;190706;-;-;65;904.7;12.5;2.5;69.4;132.6;8946;-
CDF;190707;-;-;52;905.6;13.2;1.5;67.0;79.6;11442;-
CDF;190708;-;-;45;907.9;15.2;3.0;64.6;92.2;15413;-
CDF;190709;-;-;39;907.4;12.4;2.5;74.1;64.4;10656;-
CDF;190710;-;-;71;898.8;8.1;-1.5;77.2;90.6;4902;-
CDF;190711;-;-;58;903.1;3.8;-7.5;82.4;45.5;5052;-
CDF;190712;-;-;69;899.0;0.6;-13.5;87.5;184.9;3468;-
CDF;190801;-;-;45;905.8;-4.4;-18.0;79.9;79.0;5454;-
CDF;190802;-;-;73;904.4;-2.4;-15.5;83.4;215.8;3900;-
CDF;190803;-;-;77;898.8;-0.2;-13.0;75.6;103.6;4404;-
CDF;190804;-;-;70;897.2;3.0;-5.0;80.1;83.6;7680;-
CDF;190805;-;-;62;905.9;11.8;0.0;70.2;143.8;12252;-
CDF;190806;-;-;48;905.4;15.3;3.0;66.5;127.2;13194;-
CDF;190807;-;-;51;905.8;14.8;5.5;70.7;187.9;13758;-
CDF;190808;-;-;52;905.4;12.5;2.5;70.4;110.8;12672;-
CDF;190809;-;-;53;907.3;10.5;-0.5;75.5;147.1;8754;-
CDF;190810;-;-;23;907.7;7.3;-6.5;75.6;10.5;12498;-
CDF;190811;-;-;56;904.3;1.2;-7.5;84.6;114.5;6060;-
CDF;190812;-;-;64;900.8;-1.4;-20.0;85.8;78.0;3420;-
CDF;190901;-;-;44;904.9;-4.9;-17.5;84.2;103.5;6558;-
CDF;190902;-;-;56;900.7;-5.4;-19.0;80.3;78.5;6342;-
CDF;190903;-;-;77;890.2;-0.7;-17.0;80.6;119.1;4410;-
CDF;190904;-;-;48;903.3;6.1;-7.5;70.9;133.0;12624;-
CDF;190905;-;-;45;904.9;9.1;-4.0;68.6;72.8;15066;-
CDF;190906;-;-;76;902.6;11.4;2.5;74.5;239.2;7896;-
CDF;190907;-;-;64;905.2;12.1;4.0;77.9;253.6;10140;-
CDF;190908;-;-;51;905.8;14.1;3.5;74.9;83.0;12360;-
CDF;190909;-;-;57;904.1;10.1;1.0;81.9;138.5;8238;-
CDF;190910;-;-;61;903.6;8.0;-5.5;83.4;226.3;8100;-
CDF;190911;-;-;68;899.9;0.1;-14.0;86.3;63.3;4776;-
CDF;190912;-;-;74;896.3;0.4;-13.5;86.2;204.9;2880;-
CDF;191001;-;-;69;900.7;-1.7;-16.0;87.0;363.0;4194;-
CDF;191002;-;-;78;897.7;-0.7;-16.0;77.9;168.6;4200;-
CDF;191003;-;-;55;903.6;1.1;-9.0;77.8;34.9;9804;-
CDF;191004;-;-;70;898.4;4.3;-7.5;77.4;114.0;7476;-
CDF;191005;-;-;78;898.5;8.2;-3.0;77.3;139.5;8328;-
CDF;191006;-;-;64;902.3;13.1;5.0;76.6;212.4;11322;-
CDF;191007;-;-;68;902.9;12.8;4.0;76.7;205.4;10230;-
CDF;191008;-;-;67;905.5;13.8;5.0;79.7;130.8;11448;-
CDF;191009;-;-;68;906.9;9.3;1.0;84.3;107.8;6942;-
CDF;191010;-;-;60;904.6;8.0;-1.0;76.7;66.7;8130;-
CDF;191011;-;-;86;894.9;0.5;-14.5;82.5;344.3;2256;-
CDF;191012;-;-;72;898.0;1.3;-10.0;78.5;185.4;3462;-
CDF;191101;-;-;45;907.1;-5.0;-16.0;75.4;36.7;6276;-
CDF;191102;-;-;61;908.0;-1.8;-14.0;76.7;77.4;6318;-
CDF;191103;-;-;70;897.6;1.7;-11.5;69.3;112.2;5322;-
CDF;191104;-;-;52;901.2;3.7;-10.0;69.7;80.4;10044;-
CDF;191105;-;-;71;901.0;10.2;0.5;77.0;98.8;9234;-
CDF;191106;-;-;58;905.7;12.8;2.5;72.1;174.3;11904;-
CDF;191107;-;-;28;909.2;18.1;5.0;60.5;41.5;21696;-
CDF;191108;-;-;27;906.6;17.9;6.5;63.3;61.6;18318;-
CDF;191109;-;-;44;907.1;13.4;1.0;71.3;112.7;12330;-
CDF;191110;-;-;62;903.0;7.3;-2.0;81.1;135.9;8382;-
CDF;191111;-;-;67;899.5;4.3;-3.0;79.2;83.9;5736;-
CDF;191112;-;-;70;901.9;1.7;-5.0;81.9;193.1;3522;-
CDF;191201;-;-;63;900.8;0.5;-12.5;79.7;124.2;4944;-
CDF;191202;-;-;67;897.5;2.9;-20.0;74.8;67.6;5388;-
CDF;191203;-;-;67;900.6;3.9;-4.5;78.0;145.2;7974;-
CDF;191204;-;-;55;903.0;4.0;-6.0;71.7;44.5;10314;-
CDF;191205;-;-;60;903.8;10.7;-4.0;71.8;163.2;11064;-
CDF;191206;-;-;67;903.2;12.7;3.5;72.9;107.5;9432;-
CDF;191207;-;-;53;904.1;14.6;4.5;70.4;132.6;9870;-
CDF;191208;-;-;78;902.6;11.2;2.5;75.4;266.3;5202;-
CDF;191209;-;-;62;905.9;6.4;-2.0;75.2;75.9;6948;-
CDF;191210;-;-;58;903.0;5.5;-4.5;76.1;200.0;6834;-
CDF;191211;-;-;72;901.9;-1.1;-14.5;76.9;145.3;3456;-
CDF;191212;-;-;52;907.4;-0.9;-14.5;81.2;86.6;5406;-
CDF;191301;-;-;70;901.3;1.3;-5.5;85.9;150.8;3750;-
CDF;191302;-;-;35;905.9;-1.0;-9.5;75.7;54.3;9084;-
CDF;191303;-;-;62;904.3;3.2;-10.0;78.6;116.4;6030;-
CDF;191304;-;-;71;898.1;4.8;-13.5;80.0;122.6;6474;-
CDF;191305;-;-;60;902.0;9.6;-1.0;73.6;99.3;10092;-
CDF;191306;-;-;71;908.1;12.3;3.5;74.3;80.3;7991;-
CDF;191307;-;-;67;904.0;11.9;2.5;78.8;127.7;8808;-
CDF;191308;-;-;46;905.4;13.6;4.0;76.6;104.2;13134;-
CDF;191309;-;-;50;903.5;10.7;1.5;80.9;142.6;8868;-
CDF;191310;-;-;54;903.6;8.3;-1.5;78.6;59.0;8406;-
CDF;191311;-;-;76;905.3;5.0;-5.5;86.8;196.3;2922;-
CDF;191312;-;-;66;904.4;-1.6;-11.5;85.5;96.5;3864;-
CDF;191401;-;-;56;902.7;-7.0;-17.0;84.2;92.8;5412;-
CDF;191402;-;-;60;901.2;1.1;-11.5;80.2;54.4;5400;-
CDF;191403;-;-;81;897.1;1.9;-9.0;83.0;310.1;5082;-
CDF;191404;-;-;50;905.8;7.5;-1.0;68.6;107.4;11976;-
CDF;191405;-;-;76;904.2;7.8;0.5;78.9;167.7;5994;-
CDF;191406;-;-;63;903.8;11.8;1.0;74.9;118.6;10014;-
CDF;191407;-;-;67;903.3;13.5;4.0;76.8;225.1;8916;-
CDF;191408;-;-;48;906.8;14.6;4.5;76.3;211.5;13812;-
CDF;191409;-;-;52;907.1;10.7;0.0;79.8;150.5;10848;-
CDF;191410;-;-;65;901.9;6.4;-3.0;80.9;46.0;7056;-
CDF;191411;-;-;64;899.6;1.4;-12.0;81.8;106.2;5778;-
CDF;191412;-;-;69;898.5;1.6;-12.5;78.0;171.4;4200;-
CDF;191501;-;-;86;891.6;-2.8;-20.0;86.3;209.5;1668;-
CDF;191502;-;-;76;895.6;-1.3;-12.0;82.9;117.3;4398;-
CDF;191503;-;-;69;898.5;0.1;-11.5;81.6;138.7;6420;-
CDF;191504;-;-;62;901.3;3.7;-6.0;80.3;166.5;8772;-
CDF;191505;-;-;60;901.9;12.4;4.0;74.2;120.6;11304;-
CDF;191506;-;-;58;904.5;15.2;6.0;72.8;116.0;11448;-
CDF;191507;-;-;58;905.3;14.2;3.5;71.4;158.2;13572;-
CDF;191508;-;-;49;906.0;12.9;1.0;75.9;138.0;13110;-
CDF;191509;-;-;46;904.2;10.1;1.0;78.7;98.3;10920;-
CDF;191510;-;-;68;901.8;4.6;-5.0;81.8;43.3;6054;-
CDF;191511;-;-;66;898.6;-0.9;-15.0;85.3;211.3;5178;-
CDF;191512;-;-;82;898.5;3.2;-10.5;84.2;223.7;2184;-
CDF;191601;-;-;70;911.2;0.9;-12.0;86.6;139.8;4908;-
CDF;191602;-;-;80;897.5;-0.4;-9.0;81.8;260.2;3918;-
CDF;191603;-;-;76;891.1;1.5;-14.5;80.7;113.0;5508;-
CDF;191604;-;-;61;899.0;5.2;-7.0;78.9;178.5;9702;-
CDF;191605;-;-;63;902.7;10.6;0.0;71.7;87.2;10236;-
CDF;191606;-;-;75;902.6;10.4;1.0;75.4;207.9;8088;-
CDF;191607;-;-;62;905.2;14.1;4.5;75.3;161.2;10098;-
CDF;191608;-;-;40;904.7;14.2;3.5;71.6;110.0;13584;-
CDF;191609;-;-;61;903.4;9.2;0.0;80.6;136.9;7991;-
CDF;191610;-;-;66;905.4;6.7;-6.0;81.8;158.4;7560;-
CDF;191611;-;-;68;899.5;2.6;-8.0;80.1;163.4;4176;-
CDF;191612;-;-;80;893.2;0.1;-13.0;84.5;229.9;2760;-
CDF;191701;-;-;78;893.0;-4.9;-18.0;84.3;85.0;3486;-
CDF;191702;-;-;46;900.8;-3.9;-21.0;80.8;19.0;7680;-
CDF;191703;-;-;79;894.6;-1.0;-13.5;81.8;133.4;4110;-
CDF;191704;-;-;76;899.2;1.9;-6.0;77.2;138.3;8250;-
CDF;191705;-;-;62;903.0;13.0;4.5;73.5;174.2;10944;-
CDF;191706;-;-;53;907.3;15.0;4.0;73.1;223.4;13116;-
CDF;191707;-;-;53;907.1;15.0;5.0;72.1;126.5;13038;-
CDF;191708;-;-;60;903.3;13.4;5.0;74.6;283.0;10338;-
CDF;191709;-;-;45;908.9;13.4;4.5;72.1;81.2;12240;-
CDF;191710;-;-;77;900.9;4.4;-6.0;77.5;277.3;5592;-
CDF;191711;-;-;72;906.7;1.6;-7.5;82.7;102.0;4728;-
CDF;191712;-;-;61;902.1;-5.5;-21.5;81.5;43.2;5064;-
CDF;191801;-;-;54;904.8;-0.7;-18.0;79.3;111.1;6984;-
CDF;191802;-;-;45;910.0;-0.2;-13.0;77.4;44.4;8454;-
CDF;191803;-;-;50;901.1;1.6;-9.0;75.2;65.4;11334;-
CDF;191804;-;-;86;896.1;4.7;-3.5;80.0;141.8;2418;-
CDF;191805;-;-;58;903.8;11.2;1.5;74.4;58.5;12882;-
CDF;191806;-;-;54;905.0;10.7;2.0;72.0;184.9;13320;-
CDF;191807;-;-;50;905.9;14.7;3.5;69.8;58.7;14712;-
CDF;191808;-;-;46;907.4;13.8;1.5;72.5;72.0;13986;-
CDF;191809;-;-;68;903.5;11.4;2.0;76.7;258.4;7080;-
CDF;191810;-;-;60;903.1;4.7;-3.5;79.7;70.7;7788;-
CDF;191811;-;-;56;903.5;2.2;-9.0;77.8;90.5;6510;-
CDF;191812;-;-;77;902.7;2.0;-12.0;82.2;352.5;2892;-
CDF;191901;-;-;79;896.6;-2.0;-13.0;78.7;52.9;2676;-
CDF;191902;-;-;71;894.9;-2.4;-18.5;81.3;197.6;3912;-
CDF;191903;-;-;78;897.1;1.1;-11.5;78.6;189.4;4614;-
CDF;191904;-;-;82;899.5;2.5;-8.0;79.7;178.4;5544;-
CDF;191905;-;-;51;904.6;10.1;-4.0;69.9;67.2;15132;-
CDF;191906;-;-;55;908.3;13.0;1.0;69.5;179.0;14430;-
CDF;191907;-;-;66;904.9;11.8;2.0;71.7;149.5;8640;-
CDF;191908;-;-;34;908.0;15.9;3.5;67.1;43.7;17700;-
CDF;191909;-;-;53;906.3;13.1;1.0;72.4;58.1;11082;-
CDF;191910;-;-;65;904.3;3.1;-6.0;73.7;93.9;7788;-
CDF;191911;-;-;88;895.3;-0.1;-12.5;85.9;221.1;1896;-
CDF;191912;-;-;82;901.5;-0.5;-14.5;91.1;350.5;2412;-
CDF;192001;-;-;64;903.5;0.0;-10.0;87.4;204.1;4356;-
CDF;192002;-;-;39;910.1;1.0;-7.5;77.1;30.5;9816;-
CDF;192003;-;-;63;902.5;3.4;-14.5;79.0;103.8;8526;-
CDF;192004;-;-;77;898.9;5.7;-4.5;80.9;129.1;5700;-
CDF;192005;-;-;62;907.0;12.5;0.0;75.0;76.0;10302;-
CDF;192006;-;-;62;904.3;12.6;2.0;79.2;144.0;10680;-
CDF;192007;-;-;59;906.3;14.8;4.5;71.6;107.4;13536;-
CDF;192008;-;-;53;906.3;12.5;2.5;78.3;96.7;13020;-
CDF;192009;-;-;62;906.0;11.4;4.0;82.2;172.0;7698;-
CDF;192010;-;-;58;901.7;7.1;-4.0;82.0;29.2;8094;-
CDF;192011;-;-;45;905.3;2.1;-9.0;79.3;8.0;8286;-
CDF;192012;-;-;84;901.1;-1.3;-17.0;89.4;70.5;1650;-
CDF;192101;-;-;77;906.3;1.7;-11.0;88.9;120.4;3930;-
CDF;192102;-;-;46;905.8;-1.5;-10.0;83.4;5.7;9252;-
CDF;192103;-;-;44;906.3;2.4;-6.5;77.3;22.9;11094;-
CDF;192104;-;-;61;900.6;4.1;-7.0;80.3;49.5;7931;-
CDF;192105;-;-;67;902.2;10.6;-3.0;82.6;198.3;8442;-
CDF;192106;-;-;58;906.0;13.3;3.0;76.2;73.2;14454;-
CDF;192107;-;-;40;907.3;17.5;6.0;66.6;68.2;16926;-
CDF;192108;-;-;47;904.3;14.3;3.5;72.3;121.6;12918;-
CDF;192109;-;-;35;907.9;13.4;0.5;76.5;69.0;13518;-
CDF;192110;-;-;29;909.9;9.3;-2.5;79.3;28.2;12906;-
CDF;192111;-;-;37;902.5;-0.1;-9.0;79.2;93.2;8568;-
CDF;192112;-;-;67;905.0;-0.7;-13.5;85.0;91.5;4248;-
CDF;192201;-;-;77;896.9;-2.5;-17.0;90.0;232.5;3030;-
CDF;192202;-;-;58;901.8;-0.7;-17.5;84.2;176.9;5208;-
CDF;192203;-;-;69;897.2;2.2;-8.0;84.5;125.6;5730;-
CDF;192204;-;-;81;895.4;3.1;-5.0;86.1;327.4;3960;-
CDF;192205;-;-;40;907.7;12.6;-1.0;79.4;64.1;16452;-
CDF;192206;-;-;67;904.6;13.2;3.5;91.0;112.9;10194;-
CDF;192207;-;-;55;905.7;13.7;2.5;80.0;159.1;13008;-
CDF;192208;-;-;48;905.1;14.1;4.5;73.1;126.9;12276;-
CDF;192209;-;-;66;903.1;8.8;-1.0;83.5;132.8;6888;-
CDF;192210;-;-;76;899.7;5.0;-1.5;88.3;95.6;5010;-
CDF;192211;-;-;61;906.3;0.2;-8.0;88.4;165.2;5982;-
CDF;192212;-;-;77;901.5;-1.5;-16.0;94.0;241.9;2190;-
CDF;192301;-;-;85;906.4;-2.8;-16.0;94.9;61.0;2526;-
CDF;192302;-;-;83;895.4;1.0;-7.0;92.8;172.2;2706;-
CDF;192303;-;-;66;901.8;2.1;-6.5;89.5;117.7;6396;-
CDF;192304;-;-;66;895.3;5.6;-3.0;80.9;91.8;8148;-
CDF;192305;-;-;62;903.3;9.3;-1.5;78.5;194.6;11238;-
CDF;192306;-;-;73;906.3;9.2;0.5;82.4;94.3;8694;-
CDF;192307;-;-;48;907.8;17.5;5.5;69.8;45.9;15528;-
CDF;192308;-;-;36;906.3;15.3;4.0;69.3;97.8;16248;-
CDF;192309;-;-;44;907.4;10.9;2.0;79.4;83.1;11256;-
CDF;192310;-;-;69;902.0;9.1;-2.0;85.5;239.5;5940;-
CDF;192311;-;-;76;896.5;1.3;-11.5;92.5;210.5;3570;-
CDF;192312;-;-;90;899.5;-1.9;-11.0;95.6;311.3;1890;-
CDF;192401;-;-;59;901.9;-2.4;-16.0;84.7;64.4;5754;-
CDF;192402;-;-;72;896.8;-4.5;-18.5;91.3;59.1;4638;-
CDF;192403;-;-;53;897.3;1.0;-10.5;80.3;68.2;9768;-
CDF;192404;-;-;74;898.9;5.3;-3.5;82.1;151.0;6450;-
CDF;192405;-;-;67;904.1;11.4;-1.5;78.4;220.7;10086;-
CDF;192406;-;-;61;904.8;13.1;5.0;78.5;154.4;12510;-
CDF;192407;-;-;65;904.7;15.1;4.0;78.2;153.1;11262;-
CDF;192408;-;-;74;903.8;11.5;2.0;85.8;138.5;8586;-
CDF;192409;-;-;59;903.9;11.2;1.5;83.9;149.0;9726;-
CDF;192410;-;-;53;904.1;7.2;-1.0;87.4;143.9;9258;-
CDF;192411;-;-;56;904.6;2.9;-9.0;84.9;24.6;7458;-
CDF;192412;-;-;47;906.1;-0.4;-8.0;62.5;39.3;6594;-
CDF;192501;-;-;51;913.6;0.0;-10.0;67.7;59.8;6702;-
CDF;192502;-;-;73;899.6;0.3;-10.0;89.5;104.1;4752;-
CDF;192503;-;-;75;901.5;-2.2;-17.0;89.3;55.1;6186;-
CDF;192504;-;-;74;899.9;4.5;-2.0;89.1;169.2;5850;-
CDF;192505;-;-;67;901.0;9.6;-2.5;77.6;163.8;10836;-
CDF;192506;-;-;51;905.0;13.3;6.0;73.0;57.5;16176;-
CDF;192507;-;-;65;904.5;14.4;7.0;77.6;214.0;11028;-
CDF;192508;-;-;58;905.7;14.3;7.5;79.5;156.0;11586;-
CDF;192509;-;-;61;904.5;8.2;0.0;86.3;165.8;8160;-
CDF;192510;-;-;49;903.1;7.8;0.1;85.7;64.1;-;-
CDF;192511;-;-;67;897.5;-0.1;-16.5;91.3;109.0;-;-
CDF;192512;-;-;62;898.9;-2.1;-21.0;89.8;226.0;3204;-
CDF;192601;-;-;58;901.2;-2.0;-17.0;86.1;121.0;4764;-
CDF;192602;-;-;60;901.4;3.6;-2.5;87.5;75.9;5442;-
CDF;192603;-;-;71;902.4;1.9;-7.5;90.6;159.0;5220;-
CDF;192604;-;-;49;899.9;6.4;-2.0;79.8;80.5;9648;-
CDF;192605;-;-;59;898.4;7.2;-2.0;82.4;170.3;8844;-
CDF;192606;-;-;61;902.3;10.2;2.0;84.8;152.3;10176;-
CDF;192607;-;-;62;905.2;13.7;6.0;82.9;158.9;11352;-
CDF;192608;-;-;25;908.1;14.2;2.5;80.4;59.2;15786;-
CDF;192609;-;-;31;909.2;12.8;0.0;82.4;53.2;12840;-
CDF;192610;-;-;69;900.4;7.6;-4.0;88.5;187.7;7602;-
CDF;192611;-;-;53;897.3;4.8;-6.0;83.7;101.2;5106;-
CDF;192612;-;-;68;905.4;-3.6;-17.0;95.0;80.7;4055;-
CDF;192701;-;-;74;899.9;-1.6;-13.0;94.5;106.3;3096;-
CDF;192702;-;-;43;904.0;-2.2;-14.5;86.6;74.7;7392;-
CDF;192703;-;-;63;898.3;1.8;-7.0;86.1;128.3;6726;-
CDF;192704;-;-;69;902.0;5.4;-2.5;84.0;193.5;7998;-
CDF;192705;-;-;44;903.2;10.3;-2.5;80.7;129.9;13062;-
CDF;192706;-;-;56;904.0;12.6;3.5;81.6;142.2;12582;-
CDF;192707;-;-;58;903.7;14.6;5.0;85.3;198.7;12336;-
CDF;192708;-;-;61;905.3;13.4;4.0;86.9;303.0;10758;-
CDF;192709;-;-;64;902.4;11.0;2.5;89.7;185.2;7434;-
CDF;192710;-;-;37;905.6;6.4;-1.0;85.3;50.5;11688;-
CDF;192711;-;-;58;901.1;2.4;-14.0;86.6;90.3;5526;-
CDF;192712;-;-;63;895.1;-1.1;-20.0;91.9;69.8;4326;-
CDF;192801;-;-;72;904.2;-0.4;-11.0;87.1;112.3;3396;-
CDF;192802;-;-;47;908.0;0.2;-13.5;79.9;147.8;7470;-
CDF;192803;-;-;59;896.7;2.6;-6.0;77.2;106.8;5796;-
CDF;192804;-;-;59;896.3;4.6;-5.0;76.6;95.0;7680;-
CDF;192805;-;-;65;898.3;7.1;-3.0;77.0;164.4;8081;-
CDF;192806;-;-;50;905.0;13.4;2.0;71.0;69.9;13572;-
CDF;192807;-;-;22;909.1;17.9;7.0;67.8;73.2;18510;-
CDF;192808;-;-;49;906.1;15.7;4.0;72.1;127.0;12618;-
CDF;192809;-;-;50;905.9;11.4;-3.0;77.9;79.1;8232;-
CDF;192810;-;-;48;903.2;6.6;-4.0;79.1;181.7;7458;-
CDF;192811;-;-;76;899.1;3.2;-11.0;87.1;245.6;3300;-
CDF;192812;-;-;76;901.7;-2.4;-14.0;92.8;100.7;2328;-
CDF;192901;-;-;53;904.4;-6.1;-17.0;85.8;32.3;4542;-
CDF;192902;-;-;40;898.7;-6.9;-26.5;70.5;24.8;7878;-
CDF;192903;-;-;19;908.1;1.8;-15.0;71.6;6.7;13758;-
CDF;192904;-;-;65;898.2;2.5;-11.5;77.9;104.1;8214;-
CDF;192905;-;-;55;902.7;9.8;0.0;76.8;109.6;9702;-
CDF;192906;-;-;54;905.7;13.3;4.0;71.6;237.3;10404;-
CDF;192907;-;-;45;907.6;16.1;2.0;65.2;102.2;13224;-
CDF;192908;-;-;46;906.3;14.3;3.5;71.2;81.8;10938;-
CDF;192909;-;-;24;908.2;13.9;1.5;67.6;44.0;14208;-
CDF;192910;-;-;63;901.2;7.6;-4.5;75.0;100.5;4986;-
CDF;192911;-;-;63;899.7;2.6;-12.0;79.1;80.3;4062;-
CDF;192912;-;-;75;902.1;1.8;-14.5;78.3;167.9;3984;-
CDF;193001;-;-;46;900.7;1.7;-5.0;73.0;63.9;7224;-
CDF;193002;-;-;67;898.5;-2.3;-12.5;75.9;58.0;4956;-
CDF;193003;-;-;67;898.4;2.8;-9.0;75.1;94.5;6348;-
CDF;193004;-;-;62;893.9;5.4;-3.0;76.2;113.6;6132;-
CDF;193005;-;-;72;901.7;7.9;-1.5;78.0;243.8;5442;-
CDF;193006;-;-;48;904.1;15.3;6.0;73.5;170.4;10128;-
CDF;193007;-;-;61;902.6;13.1;3.5;75.5;284.6;8370;-
CDF;193008;-;-;55;906.4;14.2;3.0;74.5;125.4;11592;-
CDF;193009;-;-;64;904.5;12.0;2.5;78.0;125.6;7566;-
CDF;193010;-;-;63;902.8;6.9;-3.0;80.8;223.4;6552;-
CDF;193011;-;-;70;902.8;4.6;-5.5;77.3;209.4;4410;-
CDF;193012;-;-;61;899.8;-0.8;-13.0;82.6;115.1;4338;-
CDF;193101;-;26;73;898.9;-2.8;-16.5;82.6;214.4;3168;-
CDF;193102;-;80;67;897.3;-4.5;-20.5;86.2;124.0;3234;-
CDF;193103;-;32;47;896.6;0.0;-16.0;76.2;138.8;8802;-
CDF;193104;-;0;61;898.5;4.0;-7.0;76.6;115.0;7794;-
CDF;193105;-;0;55;900.9;12.0;-0.5;72.6;94.1;9624;-
CDF;193106;-;0;43;906.9;15.1;1.5;75.9;101.6;13566;-
CDF;193107;-;0;60;903.9;14.0;1.5;76.1;219.8;10458;-
CDF;193108;-;0;65;902.7;12.8;3.5;79.9;245.3;8466;-
CDF;193109;-;0;65;905.3;6.7;-5.0;86.4;120.1;7308;-
CDF;193110;-;0;47;905.8;6.0;-7.5;81.8;109.1;10062;-
CDF;193111;-;0;62;901.1;4.1;-3.0;85.6;46.3;4782;-
CDF;193112;-;2;54;907.7;-3.2;-15.0;90.0;74.8;5874;-
CDF;193201;-;3;47;911.4;-0.2;-18.5;84.7;92.9;7728;-
CDF;193202;-;1;34;904.7;-5.1;-18.5;80.9;1.4;10152;-
CDF;193203;-;18;53;898.7;-0.4;-17.0;79.1;110.6;7386;-
CDF;193204;-;6;61;897.3;3.2;-5.0;81.2;104.4;8051;-
CDF;193205;-;0;69;900.8;8.4;-1.0;84.4;185.7;7272;-
CDF;193206;-;0;66;904.0;11.7;1.0;83.1;152.8;9318;-
CDF;193207;-;0;73;903.0;13.8;4.5;86.5;168.4;6642;-
CDF;193208;-;0;38;908.8;17.0;5.5;79.1;45.5;14850;-
CDF;193209;-;0;59;904.8;14.0;5.5;87.2;115.7;8364;-
CDF;193210;-;0;79;899.3;6.3;-3.0;90.1;222.0;4470;-
CDF;193211;-;2;49;904.8;2.9;-5.0;93.2;77.4;7152;-
CDF;193212;-;1;59;906.2;0.5;-9.5;91.1;23.4;4674;-
CDF;193301;-;3;68;903.4;-4.1;-16.5;87.9;39.0;4344;-
CDF;193302;-;6;68;900.2;-1.8;-18.0;85.7;98.3;4392;-
CDF;193303;-;0;46;902.8;2.7;-8.0;80.5;90.0;10080;-
CDF;193304;-;0;47;903.9;5.8;-7.0;77.5;52.1;10938;-
CDF;193305;-;0;69;902.0;8.3;-1.5;85.4;194.2;7878;-
CDF;193306;-;0;64;899.8;10.3;1.5;84.6;198.7;9210;-
CDF;193307;-;0;47;908.6;15.9;3.0;82.6;62.6;14646;-
CDF;193308;-;0;34;907.5;16.1;4.0;78.3;73.8;16602;-
CDF;193309;-;0;50;905.0;12.6;0.5;86.2;122.7;9558;-
CDF;193310;-;0;63;901.7;7.9;-3.5;85.3;166.3;7296;-
CDF;193311;-;4;84;895.9;0.4;-9.5;96.0;105.5;2430;-
CDF;193312;-;19;49;898.0;-5.6;-18.5;94.8;23.4;6210;-
CDF;193401;-;25;66;906.9;-3.1;-14.0;95.7;140.0;4128;-
CDF;193402;-;34;33;908.3;-2.3;-14.5;82.0;27.7;10242;-
CDF;193403;-;8;67;893.7;0.8;-13.5;90.7;131.5;5430;-
CDF;193404;-;0;52;897.1;7.5;-2.0;77.8;40.2;9678;-
CDF;193405;-;0;43;904.9;11.1;1.0;79.6;43.7;14436;-
CDF;193406;-;0;53;904.4;13.6;2.0;76.8;142.7;12258;-
CDF;193407;-;0;40;905.5;16.1;5.0;79.3;133.7;16428;-
CDF;193408;-;0;61;903.5;13.0;5.0;87.5;162.1;9426;-
CDF;193409;-;0;47;907.5;12.9;2.0;87.5;42.2;10104;-
CDF;193410;-;0;55;905.8;6.5;-3.0;90.5;146.3;8460;-
CDF;193411;-;0;47;901.1;1.3;-10.0;86.9;47.2;8028;-
CDF;193412;-;0;78;897.6;3.5;-5.0;90.4;124.7;2790;-
CDF;193501;-;31;76;903.2;-4.9;-15.5;97.4;102.5;3150;-
CDF;193502;-;37;74;897.1;-1.5;-18.5;92.3;177.9;4020;-
CDF;193503;-;33;50;904.7;0.3;-15.5;81.5;64.0;9366;-
CDF;193504;-;4;84;898.4;4.2;-5.5;87.0;221.3;4770;-
CDF;193505;-;0;55;900.7;8.6;-4.0;76.2;89.9;9822;-
CDF;193506;-;0;49;906.0;15.0;4.2;73.3;91.3;14292;-
CDF;193507;-;0;41;907.7;16.4;3.6;70.9;90.2;16103;-
CDF;193508;-;0;51;904.4;14.1;3.7;80.8;180.4;11160;-
CDF;193509;-;0;48;905.8;12.3;0.5;81.0;159.5;11784;-
CDF;193510;-;0;84;901.2;6.2;-4.5;92.4;217.4;2736;-
CDF;193511;-;0;61;898.6;3.3;-6.5;89.3;125.6;5274;-
CDF;193512;-;39;81;891.8;-1.9;-18.1;94.2;320.2;1062;-
CDF;193601;-;9;80;894.7;2.4;-9.9;91.0;242.4;2376;-
CDF;193602;-;5;65;893.0;-0.6;-12.5;88.0;101.2;5400;-
CDF;193603;-;0;53;897.6;3.5;-8.5;76.4;37.3;8658;-
CDF;193604;-;5;72;896.9;4.4;-7.5;86.9;163.7;5532;-
CDF;193605;-;0;57;899.2;10.4;0.7;82.1;115.7;9270;-
CDF;193606;-;0;69;904.4;12.7;0.0;89.7;179.2;6642;-
CDF;193607;-;0;70;904.5;13.9;4.8;88.2;269.3;8766;-
CDF;193608;-;0;43;907.9;14.4;5.4;88.9;92.7;12456;-
CDF;193609;-;0;65;905.6;11.3;-1.3;93.2;199.8;7584;-
CDF;193610;-;1;67;903.9;3.3;-4.3;96.0;125.3;6630;-
CDF;193611;-;0;67;901.2;2.1;-6.0;88.7;147.7;4806;-
CDF;193612;-;4;53;907.6;-0.3;-11.6;86.7;151.8;5532;-
CDF;193701;-;0;61;900.8;1.3;-7.0;78.6;134.8;5022;-
CDF;193702;-;8;80;895.8;1.2;-7.9;84.2;321.3;2022;-
CDF;193703;-;16;70;891.6;0.6;-10.2;79.1;219.2;4824;-
CDF;193704;-;3;68;898.4;5.2;-6.0;78.4;173.9;7092;-
CDF;193705;-;0;51;904.3;11.7;0.1;72.6;153.4;10392;-
CDF;193706;-;0;66;905.3;13.7;2.7;74.7;203.1;10500;-
CDF;193707;-;0;49;905.7;15.7;5.5;73.4;37.6;12576;-
CDF;193708;-;0;50;905.3;14.7;6.4;76.7;142.1;10596;-
CDF;193709;-;0;59;903.0;10.8;3.0;82.2;180.5;8070;-
CDF;193710;-;0;53;902.3;7.6;-1.9;77.0;57.2;7134;-
CDF;193711;-;0;51;900.8;1.9;-9.0;79.1;89.4;6660;-
CDF;193712;-;13;72;896.4;-2.3;-12.6;82.0;78.5;3834;-
CDF;193801;-;19;72;901.8;-1.0;-15.0;82.2;223.2;2748;-
CDF;193802;-;42;49;906.6;-2.7;-16.7;77.8;142.7;6780;-
CDF;193803;-;13;27;911.0;3.4;-4.5;72.7;48.8;13080;-
CDF;193804;-;0;36;904.2;2.2;-7.5;71.2;21.1;12912;-
CDF;193805;-;0;58;900.8;8.3;-3.5;74.0;126.1;9282;-
CDF;193806;-;0;50;907.1;14.5;3.0;71.8;177.4;14046;-
CDF;193807;-;0;55;905.7;14.4;5.5;74.3;199.3;11988;-
CDF;193808;-;0;57;903.5;14.2;4.0;77.3;152.7;9672;-
CDF;193809;-;0;59;905.2;11.8;2.5;80.0;91.1;8208;-
CDF;193810;-;0;44;903.6;6.9;-5.0;79.2;69.1;9378;-
CDF;193811;-;0;53;904.3;5.1;-5.0;80.4;55.4;6732;-
CDF;193812;-;9;74;896.8;-2.4;-16.6;81.6;152.9;3216;-
CDF;193901;-;40;67;895.7;-0.1;-14.0;81.3;183.8;3924;-
CDF;193902;-;16;52;906.0;-1.4;-13.3;77.7;46.3;7434;-
CDF;193903;-;39;74;898.8;-1.5;-10.4;81.0;288.7;5148;-
CDF;193904;-;4;68;900.4;6.2;0.0;81.2;167.7;6468;-
CDF;193905;-;0;83;899.2;6.9;0.5;84.6;203.0;5436;-
CDF;193906;-;0;55;903.2;13.5;1.8;86.4;158.0;9804;-
CDF;193907;-;0;56;905.2;13.6;3.5;81.2;207.5;11958;-
CDF;193908;-;0;56;904.9;14.6;6.0;78.0;135.4;10122;-
CDF;193909;-;0;56;903.7;10.7;-0.5;79.8;119.5;8340;-
CDF;193910;-;4;88;898.0;5.8;-6.1;81.8;354.6;2154;-
CDF;193911;-;1;72;903.7;4.7;-8.5;75.6;211.5;3360;-
CDF;193912;-;2;58;899.3;-1.9;-18.5;79.0;65.1;4278;-
CDF;194001;-;0;48;897.5;-5.3;-24.5;81.3;71.0;6900;-
CDF;194002;-;7;62;898.4;0.1;-20.8;78.2;115.0;4746;-
CDF;194003;-;3;59;900.6;2.0;-13.8;75.6;132.6;7698;-
CDF;194004;-;0;66;900.0;5.4;-5.0;74.4;150.7;7476;-
CDF;194005;-;0;56;900.7;9.9;0.4;69.8;87.4;10128;-
CDF;194006;-;0;57;903.3;13.2;3.4;68.6;108.3;10416;-
CDF;194007;-;0;63;904.6;13.5;4.5;70.4;195.1;10374;-
CDF;194008;-;0;41;908.0;12.9;2.0;73.1;110.1;13458;-
CDF;194009;-;0;60;905.2;11.1;0.1;78.5;274.8;8514;-
CDF;194010;-;0;58;899.4;6.4;-6.8;79.5;74.8;5754;-
CDF;194011;-;0;71;900.8;2.9;-6.0;78.4;226.3;4206;-
CDF;194012;-;56;54;902.4;-6.5;-18.2;81.6;303.9;4260;-
CDF;194101;-;64;66;891.7;-4.3;-16.0;75.2;110.1;3336;-
CDF;194102;-;61;68;891.6;-1.5;-15.5;75.4;214.9;3666;-
CDF;194103;-;43;49;898.8;1.8;-9.5;45.2;79.0;8202;-
CDF;194104;-;0;58;897.5;3.8;-7.5;73.8;90.1;9018;-
CDF;194105;-;0;63;899.2;6.3;-4.0;76.5;154.2;8238;-
CDF;194106;-;0;49;905.6;13.8;2.5;73.6;149.7;12558;-
CDF;194107;-;0;47;905.5;16.5;5.9;72.5;60.6;13698;-
CDF;194108;-;0;62;904.2;13.2;4.5;78.6;165.9;10032;-
CDF;194109;-;0;33;909.0;10.4;1.5;79.2;31.6;13056;-
CDF;194110;-;4;69;905.7;5.4;-7.0;85.0;195.2;5628;-
CDF;194111;-;11;62;901.2;1.5;-10.0;86.8;80.1;4518;-
CDF;194112;-;10;61;908.3;-2.6;-19.4;81.7;92.7;4998;-
CDF;194201;-;41;68;897.1;-6.4;-21.0;82.5;281.3;4392;-
CDF;194202;-;116;66;896.4;-6.0;-18.5;81.0;47.8;4536;-
CDF;194203;-;28;49;899.5;3.7;-9.8;76.1;97.1;8352;-
CDF;194204;-;0;54;899.8;6.2;-2.0;70.7;131.2;9576;-
CDF;194205;-;0;53;903.1;9.7;-4.0;69.8;164.4;10650;-
CDF;194206;-;0;40;905.3;13.8;1.2;67.3;129.5;14460;-
CDF;194207;-;0;58;906.1;14.5;3.4;72.2;161.7;12240;-
CDF;194208;-;0;47;906.3;15.0;5.6;69.9;166.6;12252;-
CDF;194209;-;0;46;905.1;13.1;1.0;73.8;187.5;11658;-
CDF;194210;-;0;53;905.5;9.4;0.6;77.5;105.9;7650;-
CDF;194211;-;0;53;904.9;0.4;-11.5;80.7;43.3;6054;-
CDF;194212;-;0;55;903.7;0.2;-9.5;79.5;59.8;4632;-
CDF;194301;-;45;60;898.6;-0.4;-15.0;80.7;223.4;4548;-
CDF;194302;-;48;52;908.7;-0.1;-10.0;76.9;90.0;6378;-
CDF;194303;-;6;45;903.4;4.1;-6.0;73.5;37.3;9414;-
CDF;194304;-;1;49;907.8;6.9;-4.0;71.3;96.9;9882;-
CDF;194305;-;0;52;905.3;11.1;-1.5;70.8;171.6;11592;-
CDF;194306;-;0;55;907.8;12.0;1.0;71.2;150.9;11616;-
CDF;194307;-;0;46;905.2;15.8;4.1;66.2;235.8;13344;-
CDF;194308;-;0;40;906.9;15.7;5.3;66.8;60.2;15132;-
CDF;194309;-;0;63;904.7;12.4;-1.6;75.0;145.3;7254;-
CDF;194310;-;0;41;903.9;9.3;-0.5;77.0;15.3;9750;-
CDF;194311;-;5;70;900.6;0.1;-10.0;86.9;245.8;3594;-
CDF;194312;-;13;48;904.4;-0.6;-8.0;83.1;46.4;5268;-
CDF;194401;-;10;60;910.5;-0.2;-15.6;80.3;126.9;5220;-
CDF;194402;-;50;78;897.5;-4.9;-17.5;84.2;210.5;2874;-
CDF;194403;-;55;65;900.9;-1.8;-15.0;76.9;85.1;6066;-
CDF;194404;-;4;59;903.9;7.1;-4.5;68.4;43.7;9324;-
CDF;194405;-;0;47;905.2;9.5;-3.0;64.7;47.6;12504;-
CDF;194406;-;0;61;902.3;12.0;2.6;69.9;114.2;9306;-
CDF;194407;-;0;58;904.1;14.8;3.5;69.9;112.5;11478;-
CDF;194408;-;0;39;905.9;18.0;8.0;69.9;215.6;14106;-
CDF;194409;-;0;57;906.8;10.8;-0.5;77.9;195.8;7032;-
CDF;194410;-;0;80;898.2;5.2;-3.0;81.5;140.9;3396;-
CDF;194411;-;17;82;899.4;1.6;-10.5;87.0;396.7;2334;-
CDF;194412;-;4;50;900.9;-1.9;-11.5;75.1;172.6;5238;-
CDF;194501;-;42;61;895.0;-7.0;-21.0;83.9;221.4;3905;-
CDF;194502;-;31;56;910.1;2.0;-4.5;80.0;162.5;5070;-
CDF;194503;-;7;49;911.2;3.3;-6.5;75.6;104.1;8598;-
CDF;194504;-;0;45;904.8;7.7;-3.0;66.2;101.2;13332;-
CDF;194505;-;0;51;902.6;12.4;-4.5;65.0;173.3;13128;-
CDF;194506;-;0;43;908.1;15.8;3.1;58.2;113.6;16122;-
CDF;194507;-;0;38;906.1;16.9;5.0;59.7;84.4;17814;-
CDF;194508;-;0;51;902.2;14.0;4.6;70.0;171.7;11604;-
CDF;194509;-;0;51;907.1;12.3;0.0;74.4;122.2;10548;-
CDF;194510;-;0;40;907.0;7.1;-1.0;76.7;69.7;10464;-
CDF;194511;-;11;52;901.6;0.1;-11.2;83.3;80.1;5790;-
CDF;194512;-;15;78;898.1;-0.8;-15.2;85.7;220.2;2136;-
CDF;194601;-;12;40;905.1;-3.7;-15.3;76.4;106.2;5598;-
CDF;194602;-;29;86;903.8;0.7;-7.0;84.4;174.0;1967;-
CDF;194603;-;11;55;899.0;2.9;-8.5;74.9;50.2;7542;-
CDF;194604;-;0;46;903.0;8.3;-2.5;64.3;42.0;11082;-
CDF;194605;-;0;60;899.1;10.9;-0.7;69.0;128.8;8382;-
CDF;194606;-;0;66;905.4;12.4;4.0;71.1;193.0;8178;-
CDF;194607;-;0;45;907.6;16.1;6.1;65.6;73.2;13782;-
CDF;194608;-;0;50;904.5;14.3;4.4;67.1;168.6;12006;-
CDF;194609;-;0;45;906.5;12.1;3.4;73.6;149.1;10800;-
CDF;194610;-;0;49;902.7;6.4;-2.2;78.4;63.1;8040;-
CDF;194611;-;0;55;899.1;2.5;-5.6;77.9;75.2;6000;-
CDF;194612;-;14;67;898.8;-3.9;-17.5;88.2;77.5;2556;-
CDF;194701;-;26;48;900.0;-4.7;-20.0;78.0;91.2;6162;-
CDF;194702;-;18;58;888.9;-2.1;-11.5;75.6;33.4;4530;-
CDF;194703;-;5;74;894.7;3.6;-16.0;65.3;200.0;3684;-
CDF;194704;-;0;47;907.7;8.1;-3.0;69.5;61.9;11310;-
CDF;194705;-;0;62;902.9;12.3;0.1;84.7;35.7;7914;-
CDF;194706;-;0;45;905.9;15.8;2.6;79.9;121.1;15054;-
CDF;194707;-;0;42;906.2;17.7;5.0;79.8;107.0;15618;-
CDF;194708;-;0;32;905.8;17.7;8.0;77.9;82.8;16026;-
CDF;194709;-;0;38;907.5;13.8;2.0;81.2;75.6;12432;-
CDF;194710;-;0;45;906.3;8.1;-3.5;86.8;50.9;9624;-
CDF;194711;-;1;71;902.6;4.2;-12.5;92.8;191.1;4068;-
CDF;194712;-;24;85;899.8;-1.3;-9.0;94.6;142.4;2046;-
CDF;194801;-;11;79;894.2;1.3;-7.5;90.4;225.7;2796;-
CDF;194802;-;1;65;905.4;-1.0;-18.5;86.8;78.3;4572;-
CDF;194803;-;0;30;912.7;6.0;-4.5;79.3;24.3;12018;-
CDF;194804;-;0;58;900.2;6.4;-2.5;79.7;103.0;9774;-
CDF;194805;-;0;52;901.0;11.3;0.0;83.2;129.5;12060;-
CDF;194806;-;0;62;904.3;12.7;3.0;80.0;155.4;10290;-
CDF;194807;-;0;68;905.6;12.4;4.0;87.8;233.9;7464;-
CDF;194808;-;0;60;904.5;14.8;5.0;86.0;196.7;10032;-
CDF;194809;-;0;41;906.4;11.5;0.5;82.7;91.0;11802;-
CDF;194810;-;0;50;905.3;7.7;-4.0;85.8;63.7;9432;-
CDF;194811;-;0;39;909.7;3.8;-7.0;80.9;62.8;8394;-
CDF;194812;-;2;44;906.7;0.2;-13.5;83.0;47.9;7104;-
CDF;194901;-;32;48;908.2;-1.4;-14.0;86.9;101.4;6744;-
CDF;194902;-;16;32;912.1;-0.9;-12.7;80.4;16.7;8862;-
CDF;194903;-;18;53;902.9;-0.2;-16.5;80.9;70.0;9060;-
CDF;194904;-;0;52;905.8;8.8;-6.7;79.0;114.0;11100;-
CDF;194905;-;0;71;900.8;8.4;-2.0;85.2;113.3;6162;-
CDF;194906;-;0;35;906.1;13.5;2.0;74.1;58.7;17622;-
CDF;194907;-;0;29;907.6;17.6;6.0;67.0;38.3;19140;-
CDF;194908;-;0;39;908.2;16.0;4.5;73.7;61.3;14154;-
CDF;194909;-;0;42;907.4;15.5;5.5;78.3;63.8;10656;-
CDF;194910;-;0;41;907.2;9.3;-2.8;81.8;80.1;9684;-
CDF;194911;-;4;77;896.6;1.9;-7.0;86.8;91.9;3288;-
CDF;194912;-;1;67;902.1;1.5;-9.5;87.6;91.3;3972;-
CDF;195001;-;9;65;903.8;-1.7;-12.6;85.2;57.7;4536;-
CDF;195002;-;11;69;900.6;1.4;-9.0;82.4;133.4;3810;-
CDF;195003;-;2;44;904.9;3.2;-13.0;80.2;13.0;-;-
CDF;195004;-;0;75;896.9;3.6;-3.5;81.9;116.4;5004;-
CDF;195005;-;0;54;903.5;11.9;1.5;58.7;180.0;11652;-
CDF;195006;-;0;37;907.0;16.7;6.5;53.8;84.3;15558;-
CDF;195007;-;0;41;905.8;18.0;8.0;67.8;128.2;15930;-
CDF;195008;-;0;54;904.1;15.3;6.0;74.9;175.1;11412;-
CDF;195009;-;0;65;904.5;11.1;1.5;80.7;123.5;6816;-
CDF;195010;-;0;44;905.9;7.0;-7.0;80.3;48.3;9078;-
CDF;195011;-;3;82;898.5;2.6;-5.5;88.5;450.6;2340;-
CDF;195012;-;18;75;892.9;-3.7;-14.5;85.1;65.3;2814;-
CDF;195101;-;33;74;897.6;-0.4;-10.0;89.1;133.9;2760;-
CDF;195102;-;32;76;894.1;-0.1;-7.7;83.5;122.3;3774;-
CDF;195103;-;36;67;895.0;0.4;-12.0;87.2;149.5;5754;-
CDF;195104;-;1;57;902.1;5.5;-4.5;76.3;64.1;9138;-
CDF;195105;-;0;66;898.7;9.0;0.0;81.3;121.2;7830;-
CDF;195106;-;0;62;904.3;13.2;6.0;79.8;174.9;9648;-
CDF;195107;-;0;45;907.1;15.5;6.5;77.4;139.9;14712;-
CDF;195108;-;0;59;903.8;14.5;4.5;80.4;130.2;9168;-
CDF;195109;-;0;52;905.6;12.8;2.0;83.5;90.6;9090;-
CDF;195110;-;0;50;903.4;7.1;-2.0;84.4;58.9;8856;-
CDF;195111;-;0;74;897.5;4.3;-4.0;81.9;208.7;3875;-
CDF;195112;-;1;42;905.0;0.5;-8.1;80.3;61.1;6882;-
CDF;195201;-;36;73;898.1;-2.9;-16.5;88.3;156.2;3672;-
CDF;195202;-;92;63;901.3;-3.3;-12.5;88.1;103.1;5412;-
CDF;195203;-;33;70;898.1;3.3;-8.5;84.2;141.5;5448;-
CDF;195204;-;0;49;903.1;7.9;-7.0;72.5;80.6;10392;-
CDF;195205;-;0;45;903.9;11.1;1.5;67.7;46.2;15102;-
CDF;195206;-;0;43;906.5;14.8;3.5;65.8;69.6;14790;-
CDF;195207;-;0;31;906.9;18.2;3.7;61.5;78.2;17742;-
CDF;195208;-;0;50;904.0;16.2;3.0;65.9;113.6;13188;-
CDF;195209;-;0;72;902.1;8.5;0.5;78.9;135.5;5310;-
CDF;195210;-;0;73;901.9;6.4;-2.5;81.6;217.4;4200;-
CDF;195211;-;20;84;897.5;1.3;-10.5;84.9;246.0;2322;-
CDF;195212;-;38;72;897.6;-1.7;-10.5;84.0;187.8;2838;-
CDF;195301;-;42;51;902.1;-4.7;-13.5;83.9;20.8;6282;-
CDF;195302;-;88;65;901.0;-2.2;-19.0;83.9;78.7;5364;-
CDF;195303;-;40;21;911.0;3.0;-7.0;68.1;10.4;13194;-
CDF;195304;-;0;52;899.8;7.4;-3.0;75.7;81.3;9528;-
CDF;195305;-;0;43;903.6;12.1;-2.0;70.2;97.6;12936;-
CDF;195306;-;0;74;900.3;12.4;1.5;80.3;245.0;5964;-
CDF;195307;-;0;57;905.3;15.9;5.0;73.8;117.6;10578;-
CDF;195308;-;0;39;907.7;15.5;6.0;72.7;45.1;12786;-
CDF;195309;-;0;57;905.1;12.9;4.4;77.9;127.4;9072;-
CDF;195310;-;0;54;904.8;9.0;0.0;80.2;43.6;7452;-
CDF;195311;-;0;24;909.3;3.4;-7.0;71.5;40.4;11070;-
CDF;195312;-;2;54;906.8;2.8;-7.8;81.6;56.8;4926;-
CDF;195401;-;41;79;899.8;-4.0;-17.0;85.6;119.0;2310;-
CDF;195402;-;22;61;894.3;-2.3;-17.5;84.5;81.3;4920;-
CDF;195403;-;18;50;896.2;3.6;-8.0;80.5;46.0;8406;-
CDF;195404;-;2;69;903.1;3.9;-4.0;84.3;81.4;6762;-
CDF;195405;-;0;59;901.4;9.5;0.0;76.4;78.5;10950;-
CDF;195406;-;0;60;903.8;13.9;5.5;77.3;53.3;11868;-
CDF;195407;-;0;65;904.3;13.1;4.0;78.9;84.1;11520;-
CDF;195408;-;0;72;902.7;13.5;5.5;81.4;236.0;9372;-
CDF;195409;-;0;63;906.3;12.2;-1.0;80.9;222.2;9150;-
CDF;195410;-;0;46;906.2;7.8;-2.5;81.7;104.2;9804;-
CDF;195411;-;0;65;901.9;4.7;-5.0;82.0;84.1;5820;-
CDF;195412;-;15;63;902.4;1.1;-5.5;89.3;229.2;5622;-
CDF;195501;-;12;71;895.5;1.0;-13.0;84.5;239.3;3204;-
CDF;195502;-;22;77;890.6;-1.3;-13.0;85.3;191.4;3342;-
CDF;195503;-;24;51;897.8;0.3;-12.0;77.5;40.1;9234;-
CDF;195504;-;0;38;906.3;6.4;-3.5;69.7;22.7;13962;-
CDF;195505;-;0;56;904.2;9.3;-0.5;72.5;160.4;13116;-
CDF;195506;-;0;65;904.4;13.9;2.5;75.8;168.7;10578;-
CDF;195507;-;0;63;905.0;15.7;5.5;78.5;99.6;10056;-
CDF;195508;-;0;51;905.8;14.5;5.0;77.6;122.6;12642;-
CDF;195509;-;0;54;905.9;11.1;2.0;81.0;98.8;9294;-
CDF;195510;-;0;46;902.2;6.2;-4.5;79.1;45.5;9744;-
CDF;195511;-;3;47;903.9;2.0;-13.0;81.4;31.3;7278;-
CDF;195512;-;1;68;900.0;2.8;-3.0;86.0;198.0;3744;-
CDF;195601;-;7;70;899.3;0.5;-8.5;84.6;138.2;3845;-
CDF;195602;-;11;64;897.0;-10.2;-24.0;74.1;14.4;6324;-
CDF;195603;-;0;55;900.7;2.5;-11.5;73.9;62.2;8141;-
CDF;195604;-;2;62;897.5;4.1;-8.5;75.7;147.6;9102;-
CDF;195605;-;0;54;907.2;11.2;0.2;70.8;155.5;12864;-
CDF;195606;-;0;74;906.0;11.2;2.5;75.3;94.7;7788;-
CDF;195607;-;0;62;905.3;14.4;6.5;76.4;247.8;11766;-
CDF;195608;-;0;67;902.7;12.9;5.0;78.3;222.3;9780;-
CDF;195609;-;0;46;906.1;13.3;6.0;78.3;133.1;11496;-
CDF;195610;-;2;57;907.1;6.0;-1.5;82.5;141.1;8004;-
CDF;195611;-;2;67;903.2;0.2;-6.2;87.9;78.8;5010;-
CDF;195612;-;4;64;906.8;0.9;-11.5;82.5;39.2;4836;-
CDF;195701;-;13;52;906.4;-2.5;-16.0;78.7;57.7;6174;-
CDF;195702;-;15;74;898.9;2.7;-6.5;82.4;250.3;4878;-
CDF;195703;-;0;46;903.4;6.6;-4.0;72.1;44.1;10818;-
CDF;195704;-;0;58;902.5;6.5;-4.5;74.5;50.0;8478;-
CDF;195705;-;0;70;901.6;7.4;-5.0;75.8;71.7;8160;-
CDF;195706;-;0;63;905.2;14.3;5.0;75.8;203.0;10584;-
CDF;195707;-;0;65;905.5;15.7;6.0;74.3;174.5;11718;-
CDF;195708;-;0;57;905.3;13.8;5.0;76.4;115.2;11526;-
CDF;195709;-;0;57;905.4;10.9;2.0;80.4;175.8;9210;-
CDF;195710;-;0;25;906.0;7.4;-6.5;76.1;38.6;13926;-
CDF;195711;-;0;65;902.8;3.1;-3.5;83.6;43.9;5520;-
CDF;195712;-;3;54;900.5;-0.5;-10.0;80.1;58.4;6216;-
CDF;195801;-;40;66;900.1;-1.1;-13.0;85.0;151.9;4206;-
CDF;195802;-;24;69;900.7;1.8;-13.0;78.7;200.0;4512;-
CDF;195803;-;33;58;895.5;-0.5;-12.0;75.1;75.7;8304;-
CDF;195804;-;3;64;900.2;3.4;-5.5;73.6;87.1;8778;-
CDF;195805;-;0;58;904.9;12.8;1.0;64.6;121.2;11076;-
CDF;195806;-;0;63;903.1;12.9;4.0;68.3;144.0;11478;-
CDF;195807;-;0;57;905.0;16.1;6.7;62.3;119.3;12990;-
CDF;195808;-;0;58;904.6;16.0;7.5;51.8;126.6;12108;-
CDF;195809;-;0;47;906.5;14.3;3.9;77.5;53.9;10824;-
CDF;195810;-;0;58;907.5;7.1;-0.2;82.7;163.0;8592;-
CDF;195811;-;0;65;903.8;2.6;-3.0;88.1;57.8;5196;-
CDF;195812;-;2;64;894.4;1.6;-9.0;78.6;92.5;4950;-
CDF;195901;-;39;62;898.4;-0.9;-11.2;76.4;173.4;4530;9.3
CDF;195902;-;9;22;911.7;1.5;-7.0;67.4;3.1;11712;12.3
CDF;195903;-;0;68;900.1;5.6;-1.5;75.9;137.9;6822;15.6
CDF;195904;-;0;52;897.3;7.1;-3.0;64.9;143.9;10920;20.0
CDF;195905;-;0;52;900.5;11.2;0.6;72.6;41.4;12690;22.5
CDF;195906;-;0;65;905.2;14.0;2.3;76.2;188.4;10812;23.6
CDF;195907;-;0;38;905.1;18.3;8.5;63.1;37.6;17100;28.2
CDF;195908;-;0;48;904.7;15.1;6.4;72.7;98.8;13116;25.4
CDF;195909;-;0;32;904.8;13.6;5.6;71.3;55.3;12798;22.6
CDF;195910;-;1;48;903.7;7.5;-1.0;75.3;103.2;9282;17.3
CDF;195911;-;2;60;898.4;2.4;-4.7;77.0;55.6;5778;11.7
CDF;195912;-;4;68;893.4;1.5;-6.5;81.0;167.1;3882;7.4
CDF;196001;-;5;65;898.7;-0.9;-15.6;75.8;101.3;5460;10.1
CDF;196002;-;13;69;895.3;1.3;-12.5;73.5;96.7;5820;17.2
CDF;196003;-;0;68;895.6;4.6;-3.2;68.4;84.2;6696;15.2
CDF;196004;-;0;64;901.5;5.9;-2.0;68.8;44.9;9408;18.2
CDF;196005;-;0;51;902.5;12.0;-2.3;64.3;90.2;13056;21.8
CDF;196006;-;0;53;904.9;14.8;5.1;65.9;204.7;13638;25.6
CDF;196007;-;0;70;902.7;13.4;4.5;68.1;134.3;10650;24.4
CDF;196008;-;0;63;901.7;14.6;5.9;69.0;166.2;10554;26.8
CDF;196009;-;0;60;901.3;10.5;0.5;77.0;167.4;8424;20.4
CDF;196010;-;1;74;894.3;7.4;-2.0;76.9;154.2;4134;19.2
CDF;196011;-;0;77;897.4;4.8;-2.9;79.8;145.2;3234;16.0
CDF;196012;-;9;67;893.1;-1.2;-12.4;81.6;66.8;3744;10.9
CDF;196101;-;32;71;897.9;-0.7;-10.6;81.9;104.8;3606;6.7
CDF;196102;-;18;58;906.8;3.6;-3.3;75.7;132.7;7242;14.8
CDF;196103;-;1;36;908.0;4.4;-5.3;70.3;39.1;12954;16.8
CDF;196104;-;0;66;896.6;9.2;1.3;73.9;147.1;7578;19.8
CDF;196105;-;0;70;900.0;9.1;0.5;73.6;67.4;9918;21.9
CDF;196106;-;0;60;903.2;14.3;4.5;72.2;127.6;11208;25.9
CDF;196107;-;0;51;903.4;14.4;6.5;69.9;155.4;14160;26.4
CDF;196108;-;0;48;905.6;14.6;5.4;69.2;118.0;13722;26.2
CDF;196109;-;0;38;905.0;15.6;3.5;70.1;45.8;12312;26.2
CDF;196110;-;0;54;900.8;8.9;-1.5;76.1;112.5;8994;19.5
CDF;196111;-;1;59;896.8;2.7;-4.0;75.9;54.0;5952;11.8
CDF;196112;-;0;65;898.5;1.8;-11.5;74.3;192.7;4722;11.6
CDF;196201;-;8;78;902.8;0.8;-12.1;77.0;174.3;3048;7.5
CDF;196202;-;19;66;903.6;-1.6;-10.5;77.3;123.4;5232;6.6
CDF;196203;-;11;63;893.5;-0.7;-12.1;72.2;153.4;7200;10.1
CDF;196204;-;8;60;900.5;5.7;-3.5;67.0;99.0;10932;20.2
CDF;196205;-;0;67;902.3;8.5;-2.5;68.9;164.5;9534;23.7
CDF;196206;-;0;41;907.1;13.1;0.6;58.4;57.3;17112;26.6
CDF;196207;-;0;53;904.6;14.8;3.3;58.7;85.4;14094;29.0
CDF;196208;-;0;33;906.1;16.4;6.9;46.7;106.1;18402;29.0
CDF;196209;-;0;47;904.4;12.2;0.5;63.2;80.8;12048;26.3
CDF;196210;-;0;35;905.1;8.7;-3.5;77.0;24.3;12306;21.5
CDF;196211;-;9;64;896.4;1.1;-9.4;81.1;35.7;4650;15.8
CDF;196212;-;45;56;897.2;-3.5;-18.2;81.6;186.3;5136;8.4
CDF;196301;-;70;63;897.5;-5.4;-19.8;77.5;50.6;4758;6.0
CDF;196302;-;96;56;891.1;-4.1;-19.0;76.2;46.8;6852;6.1
CDF;196303;-;55;64;899.3;1.9;-10.2;73.4;142.4;7992;12.5
CDF;196304;-;4;66;897.8;7.2;-5.0;73.2;81.6;7470;18.3
CDF;196305;-;0;62;901.9;9.5;-1.2;72.6;64.3;9672;21.0
CDF;196306;-;0;69;901.6;13.5;4.9;74.2;234.0;9426;26.4
CDF;196307;-;0;41;906.2;16.6;8.1;69.2;69.6;15240;26.4
CDF;196308;-;0;64;901.8;14.0;3.7;73.0;206.1;10080;25.8
CDF;196309;-;0;61;905.1;12.9;2.8;76.2;106.7;8226;22.5
CDF;196310;-;0;41;906.2;7.9;-1.2;74.8;61.9;10434;18.3
CDF;196311;-;0;66;896.8;6.3;-0.5;77.7;228.0;5298;16.0
CDF;196312;-;2;41;899.6;-1.6;-13.2;74.0;4.7;7836;9.5
CDF;196401;-;9;39;910.1;-2.1;-10.3;77.8;26.5;8568;7.0
CDF;196402;-;6;67;900.7;1.8;-9.6;78.7;31.3;5748;13.2
CDF;196403;-;2;79;895.4;2.2;-8.8;83.3;102.8;3378;12.8
CDF;196404;-;0;64;900.7;7.6;-0.4;70.6;97.4;8832;19.2
CDF;196405;-;0;56;904.6;12.8;2.9;67.4;112.2;11664;24.1
CDF;196406;-;0;47;904.2;15.3;7.2;67.3;70.8;13416;26.8
CDF;196407;-;0;34;906.7;18.0;7.0;60.1;13.0;18054;30.2
CDF;196408;-;0;47;904.4;14.9;6.8;67.8;79.9;12480;26.4
CDF;196409;-;0;42;907.4;13.5;1.5;70.6;90.2;10980;25.2
CDF;196410;-;0;69;901.2;6.1;-3.0;80.9;139.0;5838;19.6
CDF;196411;-;0;63;903.8;3.8;-2.6;84.9;76.6;4968;12.3
CDF;196412;-;19;65;898.3;-0.5;-14.2;81.3;46.9;3474;8.0
CDF;196501;-;39;76;897.0;-0.3;-11.5;84.4;125.3;1800;9.5
CDF;196502;-;59;65;902.8;-4.2;-12.0;79.0;56.6;6180;8.5
CDF;196503;-;32;62;900.6;2.5;-12.8;76.3;145.1;7296;17.0
CDF;196504;-;2;74;897.9;4.9;-2.5;79.1;158.2;5064;18.2
CDF;196505;-;0;64;901.9;10.0;2.0;71.1;167.2;9240;22.3
CDF;196506;-;0;63;904.0;14.5;2.3;70.9;109.4;10542;28.6
CDF;196507;-;0;71;903.6;14.1;6.3;70.7;181.0;9504;25.4
CDF;196508;-;0;61;904.4;14.3;5.1;71.9;89.5;10182;28.0
CDF;196509;-;0;61;900.8;10.6;2.6;74.8;201.1;7956;20.8
CDF;196510;-;0;29;906.2;8.7;1.0;75.6;33.0;12534;20.5
CDF;196511;-;5;80;895.5;2.9;-11.1;82.5;179.6;2550;15.2
CDF;196512;-;11;83;896.0;1.7;-5.9;84.5;259.7;1650;11.5
CDF;196601;-;38;61;897.4;-2.1;-18.0;77.5;120.3;3402;11.0
CDF;196602;-;3;71;895.2;4.8;-4.6;77.0;161.9;3918;13.6
CDF;196603;-;8;62;904.4;1.4;-13.5;75.9;121.6;8460;11.2
CDF;196604;-;0;70;898.3;7.8;-1.4;75.6;136.0;7200;18.0
CDF;196605;-;0;59;904.4;11.2;2.8;70.1;148.4;12024;24.9
CDF;196606;-;0;58;904.8;14.8;4.1;74.4;126.7;12924;27.2
CDF;196607;-;0;61;903.3;13.9;6.5;75.2;96.8;11046;26.5
CDF;196608;-;0;66;903.8;14.0;4.5;75.8;198.4;10422;29.8
CDF;196609;-;0;42;906.0;13.6;1.2;78.6;58.9;11526;27.7
CDF;196610;-;0;69;897.6;10.5;-2.2;80.9;122.0;6942;22.5
CDF;196611;-;12;81;899.2;1.1;-10.1;82.1;104.5;2070;15.0
CDF;196612;-;34;82;899.1;0.0;-10.2;89.7;213.1;1530;8.2
CDF;196701;-;24;60;904.0;-1.1;-17.2;81.0;92.4;4848;12.4
CDF;196702;-;0;56;903.1;1.9;-7.5;72.4;83.4;6762;12.1
CDF;196703;-;2;69;905.2;3.8;-3.0;77.7;115.3;7116;15.2
CDF;196704;-;0;53;900.1;5.3;-7.0;70.2;54.7;11772;17.6
CDF;196705;-;0;60;901.2;10.4;-3.0;69.9;194.2;11070;27.5
CDF;196706;-;0;54;906.7;13.0;3.5;71.3;62.4;11742;28.5
CDF;196707;-;0;43;907.4;17.9;7.8;67.4;117.1;15852;28.0
CDF;196708;-;0;52;905.4;15.2;7.4;74.0;129.3;11652;27.5
CDF;196709;-;0;60;903.4;12.1;3.0;76.0;95.6;8394;25.2
CDF;196710;-;0;52;904.4;10.7;1.0;73.9;87.4;10296;20.5
CDF;196711;-;1;57;902.3;4.4;-8.5;77.6;123.8;6342;15.1
CDF;196712;-;18;65;901.4;-2.5;-16.3;82.9;114.2;4512;7.2
CDF;196801;-;81;68;901.8;-2.3;-21.2;84.0;194.2;3864;7.0
CDF;196802;-;79;69;896.4;1.1;-8.0;79.0;66.4;5394;9.8
CDF;196803;-;53;52;902.3;2.4;-9.0;72.9;82.4;8496;17.0
CDF;196804;-;0;58;901.5;7.7;-5.0;67.5;153.2;11310;23.0
CDF;196805;-;0;72;902.2;9.6;0.0;72.2;92.7;9168;19.0
CDF;196806;-;0;61;905.5;13.4;5.0;81.2;62.7;12066;27.5
CDF;196807;-;0;61;907.1;15.6;6.0;71.9;138.8;14046;29.6
CDF;196808;-;0;68;903.3;13.7;6.0;81.6;309.0;9084;23.5
CDF;196809;-;0;61;903.7;11.5;1.5;83.0;233.8;8238;22.1
CDF;196810;-;0;47;906.6;10.8;0.5;79.9;68.4;9552;20.0
CDF;196811;-;1;65;898.3;3.6;-6.0;83.5;76.0;5496;18.3
CDF;196812;-;10;64;895.3;-0.2;-12.6;86.0;121.6;4278;9.0
CDF;196901;-;44;58;899.2;0.6;-10.5;83.7;61.6;4278;8.4
CDF;196902;-;75;74;892.8;-2.3;-14.8;83.9;105.7;3324;9.0
CDF;196903;-;23;65;895.4;2.7;-6.6;80.3;88.5;6642;12.0
CDF;196904;-;1;67;900.7;5.6;-3.0;77.5;157.3;7290;20.5
CDF;196905;-;0;58;900.9;11.6;0.5;73.3;112.5;11544;26.0
CDF;196906;-;0;65;901.9;11.7;0.0;79.0;209.0;9012;24.0
CDF;196907;-;0;52;908.8;16.8;4.5;72.9;109.4;14340;27.5
CDF;196908;-;0;59;903.9;14.5;1.7;75.8;142.0;11388;25.5
CDF;196909;-;0;58;904.5;13.1;3.0;80.2;88.6;9318;21.5
CDF;196910;-;0;28;908.3;9.2;-1.0;73.8;1.7;13608;19.5
CDF;196911;-;5;74;897.6;3.7;-12.0;81.4;133.6;4440;15.0
CDF;196912;-;48;57;895.9;-4.8;-14.4;84.3;86.4;4338;6.1
CDF;197001;-;37;65;894.3;0.1;-13.0;79.9;87.8;3942;8.3
CDF;197002;-;65;91;895.9;-0.7;-15.5;85.6;389.7;1086;8.2
CDF;197003;-;80;71;896.5;-0.2;-11.5;80.9;118.6;4968;10.0
CDF;197004;-;50;79;900.4;3.7;-6.0;77.1;186.2;6318;19.0
CDF;197005;-;0;64;902.3;9.7;0.5;68.2;113.1;9822;20.6
CDF;197006;-;0;65;904.8;15.1;6.5;68.8;122.6;10584;25.5
CDF;197007;-;0;64;905.0;15.2;3.8;67.7;179.5;12594;27.0
CDF;197008;-;0;59;904.1;15.5;5.0;73.6;157.2;10038;28.2
CDF;197009;-;0;37;906.7;13.2;0.1;71.4;99.7;13188;23.4
CDF;197010;-;0;52;904.5;8.2;-3.5;77.3;139.7;8622;20.0
CDF;197011;-;0;61;899.0;6.5;-1.8;74.3;130.3;5814;15.8
CDF;197012;-;4;63;900.6;0.1;-11.0;79.1;56.0;4992;9.9
CDF;197101;-;8;49;895.1;0.0;-19.0;73.4;64.7;5694;7.8
CDF;197102;-;11;56;900.8;0.6;-9.5;75.2;73.1;7134;8.6
CDF;197103;-;15;65;894.7;-0.1;-16.5;74.1;61.3;6240;11.0
CDF;197104;-;0;49;895.3;9.6;0.5;63.5;35.9;12930;20.0
CDF;197105;-;0;69;896.8;12.3;2.7;73.5;101.8;8454;23.0
CDF;197106;-;0;79;899.5;12.3;4.1;74.4;156.0;7692;21.3
CDF;197107;-;0;40;904.2;17.4;4.5;66.0;43.7;18438;26.7
CDF;197108;-;0;54;902.3;16.9;8.0;74.2;150.4;13548;28.0
CDF;197109;-;0;38;907.1;12.3;2.1;72.4;37.4;13350;20.2
CDF;197110;-;0;38;911.4;8.8;-3.8;75.9;23.6;11592;22.5
CDF;197111;-;16;68;899.9;0.5;-12.8;85.2;180.8;3960;16.4
CDF;197112;-;27;40;909.7;-0.2;-9.0;75.9;46.8;7104;9.0
CDF;197201;-;16;65;897.8;-0.5;-11.0;81.4;47.4;4164;9.1
CDF;197202;-;17;60;896.5;2.1;-13.0;78.6;41.9;5490;12.2
CDF;197203;-;1;51;899.7;3.7;-5.5;77.5;68.1;8706;17.2
CDF;197204;-;0;78;897.8;4.0;-5.2;82.0;131.1;5448;17.5
CDF;197205;-;0;79;901.2;8.0;-1.0;78.6;119.2;5808;20.0
CDF;197206;-;0;63;903.5;11.3;1.0;75.2;157.2;10296;22.5
CDF;197207;-;0;61;906.0;13.8;1.5;78.0;81.9;10008;28.0
CDF;197208;-;0;64;906.1;13.7;2.8;76.3;105.7;11160;26.5
CDF;197209;-;0;41;904.9;8.5;-2.0;77.5;44.0;10524;20.5
CDF;197210;-;0;41;904.6;6.9;-3.0;72.5;57.6;10620;21.0
CDF;197211;-;3;56;904.6;3.1;-12.0;81.8;300.9;6306;18.2
CDF;197212;-;7;28;907.5;0.1;-11.0;76.1;38.3;8046;10.8
CDF;197301;-;9;51;905.3;-1.2;-12.8;80.1;55.0;5760;9.1
CDF;197302;-;60;68;899.9;-3.0;-15.2;86.3;104.8;4452;8.5
CDF;197303;-;64;58;906.4;0.2;-14.0;79.5;39.1;8298;13.0
CDF;197304;-;13;68;900.4;2.0;-9.0;77.4;111.6;9018;16.0
CDF;197305;-;0;60;904.2;10.6;1.0;73.5;131.2;11574;21.2
CDF;197306;-;0;54;906.3;13.3;3.8;77.0;210.4;11796;25.5
CDF;197307;-;0;61;904.9;14.0;5.6;78.4;141.6;10488;26.2
CDF;197308;-;0;48;907.9;16.3;4.5;76.0;58.9;12180;27.2
CDF;197309;-;0;44;905.7;12.5;-0.1;75.2;56.5;11376;27.0
CDF;197310;-;0;56;905.1;6.5;-4.5;76.7;85.2;7686;20.8
CDF;197311;-;2;56;907.4;2.8;-12.5;80.8;175.9;6432;16.0
CDF;197312;-;22;69;901.2;-1.3;-16.0;78.9;91.2;3366;8.3
CDF;197401;-;8;64;907.9;2.2;-6.0;78.5;64.7;4458;12.4
CDF;197402;-;4;75;896.1;1.1;-5.2;78.5;113.8;3426;12.0
CDF;197403;-;5;80;899.4;4.4;-6.0;76.4;69.3;4410;19.5
CDF;197404;-;0;49;897.7;5.7;-3.5;72.8;31.4;11388;17.0
CDF;197405;-;0;63;901.0;8.1;-1.5;74.8;136.5;8718;20.0
CDF;197406;-;0;63;902.7;11.2;1.4;73.6;114.3;11514;23.5
CDF;197407;-;0;54;906.5;13.5;3.0;70.6;65.0;14910;26.0
CDF;197408;-;0;51;905.6;15.2;3.0;72.1;65.7;12036;31.2
CDF;197409;-;0;69;895.0;10.6;-1.9;72.1;146.3;7596;22.4
CDF;197410;-;8;89;890.9;0.6;-4.9;84.3;250.2;1314;8.2
CDF;197411;-;16;78;893.6;1.7;-6.4;85.6;164.5;2526;11.7
CDF;197412;-;8;76;901.1;1.0;-9.4;84.1;138.7;2802;8.4
CDF;197501;-;4;63;897.3;2.0;-6.4;73.7;150.1;5328;9.7
CDF;197502;-;2;40;898.2;1.1;-10.3;65.0;19.4;9894;11.9
CDF;197503;-;7;85;886.0;-0.3;-7.9;86.4;91.2;2538;10.2
CDF;197504;-;10;64;893.1;4.1;-7.0;77.1;84.5;9054;17.0
CDF;197505;-;0;71;893.4;8.2;-1.9;79.0;87.3;8400;23.0
CDF;197506;-;0;66;896.5;10.6;0.0;77.2;144.9;11190;23.0
CDF;197507;-;0;55;898.2;14.8;3.8;71.3;77.6;14988;28.0
CDF;197508;-;0;63;898.5;15.0;5.4;75.7;162.3;10992;26.9
CDF;197509;-;0;74;897.9;12.9;4.7;75.8;155.7;6750;27.1
CDF;197510;-;0;56;898.7;5.9;-1.7;75.6;47.1;8550;17.9
CDF;197511;-;2;76;893.7;1.4;-9.0;85.3;176.7;3138;11.9
CDF;197512;-;9;51;898.1;-1.5;-13.1;79.3;48.6;5496;13.5
CDF;197601;-;10;74;896.7;-1.5;-15.0;79.4;95.0;3012;12.4
CDF;197602;-;39;56;895.2;1.1;-7.0;77.0;60.9;7890;11.3
CDF;197603;-;25;53;894.0;0.6;-11.7;75.2;45.0;10206;13.0
CDF;197604;-;1;50;892.0;4.6;-5.7;73.3;28.7;13086;16.8
CDF;197605;-;0;59;895.8;10.2;-1.6;71.4;68.7;13026;22.0
CDF;197606;-;0;40;899.8;15.5;1.9;62.5;29.6;19716;27.2
CDF;197607;-;0;64;897.8;15.4;5.6;73.7;144.7;12138;26.9
CDF;197608;-;0;54;898.6;13.2;3.4;72.1;85.3;14070;23.3
CDF;197609;-;0;65;895.4;9.7;1.8;80.0;112.8;6930;21.1
CDF;197610;-;0;70;889.0;7.9;-3.9;77.4;80.1;6264;21.3
CDF;197611;-;2;80;894.5;1.0;-6.8;81.6;106.3;3636;11.5
CDF;197612;-;23;65;887.1;-1.7;-13.5;78.6;151.6;3582;9.0
CDF;197701;-;39;81;889.9;-1.1;-9.7;83.4;169.8;2760;6.7
CDF;197702;-;9;81;889.0;1.5;-11.4;77.9;243.1;2814;11.0
CDF;197703;-;1;74;896.6;4.3;-8.5;68.6;67.7;7026;16.3
CDF;197704;-;3;84;893.4;2.7;-8.3;85.4;190.0;5640;19.0
CDF;197705;-;0;74;893.1;8.2;-3.3;81.0;101.2;9510;20.5
CDF;197706;-;0;75;894.8;11.4;2.4;80.7;205.2;8772;24.7
CDF;197707;-;0;66;895.7;13.6;3.6;80.3;230.2;11700;24.4
CDF;197708;-;0;69;894.8;12.7;4.6;83.6;143.0;10272;22.4
CDF;197709;-;0;54;900.9;9.8;-2.2;82.7;30.4;10368;22.6
CDF;197710;-;0;58;898.0;9.4;-1.2;78.8;97.5;8646;19.2
CDF;197711;-;14;76;892.2;1.5;-11.7;87.4;173.3;3372;18.9
CDF;197712;-;19;58;896.6;1.2;-9.8;75.5;133.9;5400;11.7
CDF;197801;-;41;79;889.5;-2.1;-10.5;88.3;139.1;2430;8.2
CDF;197802;-;113;83;884.5;-1.3;-13.2;86.2;194.8;2910;13.2
CDF;197803;-;24;81;892.0;1.6;-7.6;81.0;186.4;4476;13.5
CDF;197804;-;2;74;887.6;3.0;-7.4;81.2;93.9;7122;12.5
CDF;197805;-;0;79;892.8;7.5;-0.1;80.8;139.0;7404;18.0
CDF;197806;-;0;70;895.2;10.9;0.3;74.8;118.3;10536;22.4
CDF;197807;-;0;68;897.7;13.2;4.4;82.3;154.9;9738;25.2
CDF;197808;-;0;59;898.7;12.6;3.3;82.9;159.5;12732;23.1
CDF;197809;-;0;51;899.5;10.5;0.7;82.4;97.4;12078;22.2
CDF;197810;-;0;53;900.2;7.0;-1.1;82.0;41.4;10188;21.3
CDF;197811;-;2;36;902.7;3.0;-9.2;74.8;12.9;10158;15.3
CDF;197812;-;7;70;885.6;1.2;-10.6;81.3;163.6;3774;13.7
CDF;197901;-;27;73;888.4;-4.0;-19.6;85.9;162.6;3006;7.1
CDF;197902;-;6;81;886.4;-0.4;-10.8;87.6;132.2;4236;7.4
CDF;197903;-;2;85;888.0;1.7;-6.8;88.8;192.6;2970;11.8
CDF;197904;-;3;79;890.2;2.6;-7.8;81.4;98.0;6312;14.8
CDF;197905;-;1;66;896.1;8.7;-6.4;72.1;115.6;11154;23.7
CDF;197906;-;0;70;898.3;12.8;2.0;83.5;130.8;10788;22.7
CDF;197907;-;0;61;900.2;13.8;2.9;77.2;84.1;14238;26.2
CDF;197908;-;0;68;896.5;12.4;3.3;82.4;153.0;10650;24.7
CDF;197909;-;0;54;899.7;11.3;0.0;84.0;56.5;10698;22.8
CDF;197910;-;0;68;892.8;9.1;0.9;82.1;94.5;6636;22.8
CDF;197911;-;5;68;894.5;1.3;-8.0;85.5;183.6;3852;17.7
CDF;197912;-;10;80;892.7;1.1;-7.7;86.6;186.4;2502;15.0
CDF;198001;-;56;68;896.4;-3.9;-16.3;85.1;122.2;4266;6.4
CDF;198002;-;20;59;902.2;0.6;-8.8;80.8;101.8;7530;9.9
CDF;198003;-;12;76;893.1;1.2;-8.9;82.3;98.2;4962;13.4
CDF;198004;-;6;78;899.5;2.0;-5.8;80.8;101.7;5430;13.8
CDF;198005;-;0;71;895.8;7.2;-2.5;75.6;156.3;7098;19.0
CDF;198006;-;0;80;899.7;10.2;1.0;79.0;252.7;4488;23.0
CDF;198007;-;0;71;900.4;11.8;0.0;76.9;187.2;6582;26.1
CDF;198008;-;0;56;903.4;14.1;1.4;76.5;96.8;10242;28.3
CDF;198009;-;0;40;905.6;11.8;2.4;76.1;77.3;13566;23.9
CDF;198010;-;0;66;897.6;5.7;-5.5;81.7;172.5;7416;20.2
CDF;198011;-;3;69;898.4;0.4;-14.6;81.7;67.5;5460;16.7
CDF;198012;-;61;68;901.8;-3.8;-19.2;84.3;121.1;5568;6.0
CDF;198101;56;139;69;902.7;-4.8;-19.2;86.1;137.8;5321;5.0
CDF;198102;101;133;54;899.7;-4.7;-19.5;81.4;57.5;7495;8.6
CDF;198103;112;58;83;895.8;3.2;-11.9;82.7;165.0;4573;15.3
CDF;198104;171;0;66;899.2;6.0;-5.5;76.4;35.1;9558;18.1
CDF;198105;164;1;79;897.3;8.2;-0.6;79.2;142.3;5987;22.1
CDF;198106;208;0;64;903.1;11.5;-0.4;77.5;75.5;8442;24.7
CDF;198107;167;0;74;903.7;12.7;1.4;82.2;141.3;7020;27.8
CDF;198108;214;0;49;904.6;14.1;1.1;78.5;43.2;13701;27.4
CDF;198109;120;0;70;902.0;11.6;-0.9;83.7;138.6;5937;22.2
CDF;198110;72;1;78;898.4;6.5;-4.0;85.3;229.0;3532;21.0
CDF;198111;70;3;48;907.1;1.7;-11.5;82.5;96.6;8673;19.2
CDF;198112;36;73;89;886.7;-1.7;-22.4;89.3;254.6;2167;7.8
CDF;198201;48;32;73;900.8;0.2;-11.6;88.0;143.1;4823;11.8
CDF;198202;92;21;55;900.7;-0.8;-18.1;82.6;31.4;7798;10.6
CDF;198203;124;27;74;899.6;0.2;-11.5;81.4;110.6;6148;10.8
CDF;198204;215;6;49;899.7;3.7;-6.1;72.0;40.1;13782;15.3
CDF;198205;206;0;56;903.5;9.2;-2.6;75.4;132.2;10613;21.5
CDF;198206;195;0;69;901.9;12.8;3.1;81.4;195.6;7691;24.6
CDF;198207;220;0;54;903.5;16.1;4.3;75.7;195.3;11897;28.2
CDF;198208;173;0;65;902.7;13.5;1.8;81.4;129.6;8897;25.9
CDF;198209;145;0;51;904.3;13.0;1.6;80.4;77.6;10534;25.7
CDF;198210;80;0;69;898.1;6.7;-1.8;84.5;166.9;5395;18.3
CDF;198211;58;2;58;900.3;3.6;-7.9;81.3;116.6;5933;16.2
CDF;198212;38;5;70;898.4;-0.1;-11.7;86.5;167.6;3797;9.1
CDF;198301;48;6;65;910.2;-0.1;-13.6;85.0;159.1;4617;12.0
CDF;198302;87;36;60;897.7;-4.0;-16.9;83.1;83.6;5444;7.6
CDF;198303;128;9;59;900.6;1.4;-11.7;82.2;83.8;8300;13.6
CDF;198304;146;3;81;894.7;5.0;-5.9;78.4;151.8;4741;16.7
CDF;198305;139;0;81;896.0;6.5;-0.2;82.6;306.3;4151;21.1
CDF;198306;222;0;59;904.4;13.0;1.5;76.0;97.1;8968;25.6
CDF;198307;265;0;26;904.2;18.9;3.0;66.8;77.2;17325;33.6
CDF;198308;174;0;58;903.3;14.4;3.5;78.4;174.8;8752;24.4
CDF;198309;146;0;51;903.4;11.7;2.4;78.6;169.8;10057;24.1
CDF;198310;97;0;54;906.3;7.0;-4.2;79.3;78.7;8522;22.6
CDF;198311;74;0;36;900.6;2.0;-8.6;81.2;161.4;10189;16.6
CDF;198312;49;3;51;900.0;-0.4;-11.9;78.6;87.7;6832;14.4
CDF;198401;40;34;79;897.2;-1.6;-17.2;86.0;177.7;2348;8.9
CDF;198402;81;92;66;900.1;-3.4;-16.7;84.2;133.6;5967;3.7
CDF;198403;154;107;48;896.1;-1.5;-18.2;78.3;62.1;10221;8.0
CDF;198404;201;52;53;899.1;3.3;-10.3;74.0;27.9;11775;18.8
CDF;198405;133;0;85;892.2;5.7;-2.5;83.4;160.4;3695;16.4
CDF;198406;226;0;59;901.9;11.1;0.3;76.4;77.2;11211;23.9
CDF;198407;245;0;46;904.4;14.4;0.8;70.7;61.7;14753;29.9
CDF;198408;174;0;54;902.9;13.6;4.9;77.2;59.3;10151;27.3
CDF;198409;113;0;75;898.0;9.5;0.8;83.0;225.1;5680;25.6
CDF;198410;93;0;58;902.4;7.7;-2.4;77.8;111.1;8428;18.2
CDF;198411;55;0;64;895.1;5.2;-4.0;78.8;91.7;6059;19.3
CDF;198412;44;2;63;903.3;0.2;-12.3;83.1;87.5;6236;13.1
CDF;198501;53;31;70;891.8;-7.2;-29.9;85.1;96.2;4877;5.8
CDF;198502;87;13;60;899.8;-0.9;-14.1;76.0;73.8;6619;11.0
CDF;198503;123;21;73;895.5;-0.2;-12.8;79.3;66.1;6239;12.8
CDF;198504;170;2;66;896.7;5.0;-6.1;74.3;138.6;8659;18.8
CDF;198505;161;0;76;895.9;8.5;-3.6;79.7;234.1;6004;21.6
CDF;198506;210;0;70;900.5;10.7;0.5;75.1;145.8;8400;22.5
CDF;198507;236;0;49;903.8;15.6;4.4;72.5;98.1;13645;29.5
CDF;198508;211;0;48;903.0;13.9;4.4;71.7;106.5;13812;27.7
CDF;198509;176;0;34;906.5;12.3;1.2;73.6;70.7;15350;23.1
CDF;198510;121;0;34;906.3;8.1;-6.9;72.2;12.5;13111;23.1
CDF;198511;47;6;80;895.7;-1.7;-13.7;86.5;76.1;3561;15.1
CDF;198512;46;3;56;900.7;1.4;-12.7;77.4;64.9;6048;15.2
CDF;198601;42;42;85;893.9;-2.2;-20.8;85.5;232.0;2364;6.4
CDF;198602;86;65;59;889.7;-6.2;-25.6;81.4;43.3;5417;4.6
CDF;198603;128;48;65;897.8;0.8;-13.2;79.1;87.5;7906;9.2
CDF;198604;117;9;85;892.6;2.4;-12.9;83.8;155.9;3312;13.3
CDF;198605;178;0;73;902.5;10.8;-0.1;77.8;158.5;7904;24.4
CDF;198606;220;0;56;901.7;12.6;-1.1;75.7;95.5;12561;27.5
CDF;198607;234;0;51;903.6;14.3;1.8;70.6;83.4;14116;26.8
CDF;198608;186;0;58;901.6;13.6;1.8;74.5;158.0;11084;30.2
CDF;198609;160;0;50;904.3;11.5;1.4;75.8;43.8;12085;23.6
CDF;198610;107;0;50;903.9;8.5;-4.1;78.3;124.1;10880;23.0
CDF;198611;66;1;49;904.8;3.6;-6.4;78.6;86.1;8265;14.6
CDF;198612;41;27;68;902.7;-0.6;-15.8;85.9;169.3;4522;12.2
CDF;198701;56;71;61;896.8;-6.7;-28.7;86.1;75.4;5858;6.6
CDF;198702;70;54;79;895.5;-1.3;-16.1;87.9;125.4;3640;10.0
CDF;198703;128;47;68;897.6;-1.9;-14.9;79.9;123.8;6774;9.3
CDF;198704;178;17;51;900.5;5.9;-8.8;73.2;99.0;11431;19.5
CDF;198705;173;1;70;898.8;6.2;-2.0;79.5;173.3;8418;19.1
CDF;198706;168;0;78;901.2;10.7;1.3;80.4;277.0;6338;25.8
CDF;198707;196;0;64;902.1;14.7;2.2;78.2;217.4;9611;25.9
CDF;198708;187;0;56;902.3;14.2;1.0;75.4;93.9;11299;27.9
CDF;198709;152;0;50;904.0;13.7;1.0;74.5;219.0;11381;27.9
CDF;198710;80;0;71;899.2;9.2;-0.2;76.6;105.7;5614;20.4
CDF;198711;53;7;68;898.8;2.5;-11.1;83.6;160.3;4955;17.0
CDF;198712;41;3;59;901.8;1.7;-11.2;81.4;96.2;5901;14.3
CDF;198801;41;4;74;895.6;2.0;-9.7;81.9;140.5;3915;11.4
CDF;198802;77;48;71;896.9;-1.4;-12.9;81.5;142.0;4982;10.2
CDF;198803;102;95;90;896.3;-0.3;-18.6;88.2;338.6;2895;9.9
CDF;198804;171;23;61;897.2;5.8;-7.8;77.9;66.1;8723;18.0
CDF;198805;158;0;78;897.4;10.4;2.1;79.9;121.6;6559;22.3
CDF;198806;211;0;64;899.7;12.1;2.6;78.6;142.2;10117;21.6
CDF;198807;224;0;51;902.5;14.2;4.7;76.1;112.8;13175;29.2
CDF;198808;192;0;55;901.9;14.8;3.0;76.3;149.6;12478;27.6
CDF;198809;141;0;64;903.9;11.0;1.9;80.3;122.6;8917;22.3
CDF;198810;90;0;63;901.7;9.1;-2.2;79.4;166.4;7623;22.6
CDF;198811;66;6;46;903.1;1.5;-16.2;79.2;55.1;8106;15.3
CDF;198812;39;13;70;905.6;0.2;-12.6;86.3;179.5;4441;8.9
CDF;198901;71;13;29;911.3;0.4;-9.2;74.5;30.7;11083;13.0
CDF;198902;85;18;58;902.2;1.5;-6.7;76.0;123.4;7100;11.7
CDF;198903;134;20;59;900.2;4.2;-6.8;72.5;81.7;10334;19.6
CDF;198904;113;2;85;892.2;4.0;-2.5;81.6;149.3;3837;16.5
CDF;198905;227;0;50;903.0;11.0;-0.4;68.9;77.2;14771;22.4
CDF;198906;232;0;60;901.8;11.6;0.9;71.0;49.7;12861;24.2
CDF;198907;214;0;59;904.8;15.2;3.5;74.5;94.3;11879;28.7
CDF;198908;197;0;56;902.0;14.1;2.1;76.6;141.2;12782;28.5
CDF;198909;129;0;64;903.4;10.9;0.9;81.5;66.0;8666;24.2
CDF;198910;97;0;50;904.6;8.1;-2.0;75.3;92.5;9800;22.1
CDF;198911;71;0;40;898.6;2.1;-9.0;72.0;76.0;9907;15.2
CDF;198912;49;0;36;897.4;1.8;-8.9;70.6;109.2;8743;18.6
CDF;199001;59;3;46;904.6;-0.2;-11.0;73.6;59.3;8735;10.7
CDF;199002;76;5;63;900.5;4.0;-3.5;74.5;259.8;6764;16.6
CDF;199003;140;3;60;909.1;3.7;-11.8;72.6;37.7;10521;19.7
CDF;199004;134;1;80;896.7;3.9;-3.2;78.2;103.1;5729;18.1
CDF;199005;223;0;60;902.6;11.2;0.1;72.3;147.2;13235;20.2
CDF;199006;176;0;78;900.5;11.6;2.6;81.1;257.6;7277;25.8
CDF;199007;243;0;44;904.5;15.3;1.7;70.2;53.9;15419;29.5
CDF;199008;204;0;51;905.3;15.3;2.5;68.5;47.9;14667;27.9
CDF;199009;157;0;64;902.7;10.3;0.4;77.9;150.0;10881;22.2
CDF;199010;93;0;63;898.4;9.0;-0.7;80.8;146.2;7995;22.1
CDF;199011;47;-;78;897.2;1.8;-9.5;86.0;166.0;4130;10.7
CDF;199012;43;-;73;898.6;-2.5;-12.8;84.9;95.1;4788;8.6
CDF;199101;58;-;55;904.4;-2.0;-17.3;81.0;67.4;7384;13.0
CDF;199102;98;-;58;897.4;-3.2;-22.3;79.2;23.0;8019;13.4
CDF;199103;107;-;70;896.4;4.7;-5.3;77.3;89.0;6415;15.0
CDF;199104;171;0;65;898.4;3.8;-11.7;71.9;54.0;9562;16.9
CDF;199105;199;0;69;901.4;6.2;-2.7;73.0;92.5;10976;19.9
CDF;199106;199;0;70;900.8;11.3;1.0;74.5;188.1;8583;23.4
CDF;199107;239;0;48;902.9;16.3;5.7;74.2;147.8;14846;27.4
CDF;199108;225;0;44;905.0;16.3;4.3;69.7;22.3;16969;28.7
CDF;199109;142;0;55;902.3;13.3;3.6;76.1;124.5;10180;24.1
CDF;199110;93;0;61;900.4;6.5;-6.8;79.6;117.3;7612;20.1
CDF;199111;44;1;69;898.1;2.2;-5.5;81.9;137.4;4103;14.5
CDF;199112;50;3;31;908.3;-1.8;-11.4;77.4;157.1;8439;9.1
CDF;199201;66;10;40;908.2;-2.7;-16.1;77.6;20.9;8953;9.0
CDF;199202;95;11;45;906.6;-0.4;-16.9;76.5;100.5;8015;11.0
CDF;199203;108;1;71;899.6;2.3;-4.4;79.5;149.5;5887;12.8
CDF;199204;177;0;64;896.9;5.0;-3.3;72.6;124.1;9883;21.5
CDF;199205;203;0;53;902.4;11.0;-2.9;73.9;80.6;11557;25.1
CDF;199206;184;0;73;898.6;12.1;1.3;80.4;132.2;7617;24.0
CDF;199207;210;0;56;903.6;15.5;7.2;78.5;126.3;11009;27.5
CDF;199208;206;0;49;902.8;16.9;5.3;70.8;108.3;13371;29.2
CDF;199209;140;0;58;904.4;11.5;0.0;78.6;95.7;8978;23.6
CDF;199210;61;2;88;893.4;4.9;-7.5;87.1;196.0;3037;17.2
CDF;199211;46;2;71;901.9;4.7;-13.7;82.8;270.4;4834;17.4
CDF;199212;39;0;53;900.2;0.2;-10.5;82.0;85.2;5567;9.9
CDF;199301;47;1;53;907.9;1.7;-16.1;79.2;96.8;6029;13.0
CDF;199302;101;6;35;906.8;-1.7;-19.5;71.1;29.8;10089;11.2
CDF;199303;146;4;49;902.3;1.1;-11.2;71.7;22.5;10885;17.0
CDF;199304;162;1;74;895.9;6.6;-8.6;74.5;120.0;7597;20.0
CDF;199305;191;0;73;898.8;10.5;-0.8;77.9;100.3;8980;24.9
CDF;199306;216;0;60;902.2;13.4;3.6;78.9;147.2;11140;25.4
CDF;199307;212;0;66;903.6;13.7;3.7;77.4;127.0;10245;28.3
CDF;199308;219;0;49;904.1;14.7;1.1;76.1;162.8;14830;27.3
CDF;199309;114;0;73;897.9;10.1;-0.7;82.6;239.5;6220;23.7
CDF;199310;64;0;76;897.3;6.1;-3.5;82.9;195.6;4585;17.6
CDF;199311;62;4;53;899.9;-0.1;-17.3;79.3;35.7;6255;15.6
CDF;199312;30;16;94;896.7;1.2;-10.1;85.8;211.8;1052;10.9
CDF;199401;45;7;75;898.6;-0.8;-19.2;82.9;219.2;4212;7.7
CDF;199402;74;8;74;895.8;0.1;-12.4;79.3;77.4;3875;11.9
CDF;199403;111;0;75;903.8;5.6;-3.9;76.2;120.0;6758;17.9
CDF;199404;143;7;81;895.5;3.4;-7.1;82.6;168.6;5906;19.6
CDF;199405;166;0;73;898.1;10.1;2.2;79.5;191.7;7571;20.4
CDF;199406;226;0;66;904.4;13.4;0.0;76.5;89.3;11521;26.4
CDF;199407;236;0;51;903.8;17.8;5.6;73.4;126.1;13914;30.0
CDF;199408;196;0;53;902.3;16.1;5.2;75.8;85.3;12702;27.7
CDF;199409;110;0;78;900.2;10.9;0.7;83.4;192.8;5467;24.4
CDF;199410;96;0;58;900.5;8.1;-4.6;76.8;116.8;8901;20.7
CDF;199411;54;0;63;903.6;6.1;-2.4;84.9;53.9;5993;16.5
CDF;199412;35;2;76;903.7;1.4;-8.2;83.4;185.5;3777;10.2
CDF;199501;47;47;70;899.8;-2.2;-19.8;79.4;279.7;4366;6.9
CDF;199502;72;9;76;899.5;1.9;-8.5;83.2;185.1;4670;12.1
CDF;199503;136;10;60;898.1;0.1;-14.2;73.7;206.8;8548;12.8
CDF;199504;152;1;69;899.5;5.3;-2.7;78.2;62.0;8223;18.0
CDF;199505;200;0;59;900.0;9.6;-4.0;73.0;197.4;11321;21.8
CDF;199506;198;0;65;901.3;11.3;1.0;77.6;67.7;8919;25.2
CDF;199507;233;0;54;902.7;17.1;7.1;76.1;131.2;14512;30.0
CDF;199508;177;0;64;902.6;14.6;0.8;78.5;141.4;10785;25.9
CDF;199509;116;0;73;899.1;8.8;-3.5;82.2;164.4;5998;19.6
CDF;199510;104;0;49;906.7;10.9;0.9;81.1;22.3;9649;23.1
CDF;199511;59;2;54;900.6;2.3;-16.0;77.7;127.2;6567;18.1
CDF;199512;35;5;75;896.0;0.0;-13.9;81.1;160.0;3307;10.2
CDF;199601;59;0;38;894.6;1.5;-8.8;74.8;24.3;8577;11.6
CDF;199602;78;30;71;894.1;-2.8;-20.0;79.2;65.8;5015;7.4
CDF;199603;145;7;54;896.7;0.0;-14.6;72.9;32.4;10129;15.1
CDF;199604;178;0;61;898.9;6.2;-4.0;69.7;20.8;10169;20.3
CDF;199605;175;0;71;897.7;9.1;1.2;78.8;135.9;8459;23.7
CDF;199606;235;0;55;905.0;13.5;2.7;74.1;115.3;12715;26.1
CDF;199607;221;0;55;903.7;13.9;2.0;74.4;144.0;13007;25.0
CDF;199608;174;0;64;902.1;13.3;4.4;81.5;150.9;10093;25.6
CDF;199609;139;0;59;899.4;8.1;-0.3;80.5;74.0;9329;21.3
CDF;199610;79;0;65;902.3;6.9;-3.9;81.1;134.1;6827;18.3
CDF;199611;47;10;76;895.9;2.0;-12.5;84.9;239.1;3942;18.1
CDF;199612;44;23;53;894.0;-1.2;-15.1;83.3;73.4;4935;8.6
CDF;199701;54;4;55;901.1;-1.1;-12.8;82.3;52.7;6451;9.6
CDF;199702;78;1;53;905.7;1.8;-8.6;76.1;119.9;6871;11.6
CDF;199703;134;0;53;906.8;4.4;-8.3;75.2;41.5;9975;16.3
CDF;199704;212;0;38;901.5;4.7;-5.3;65.4;91.8;15257;16.1
CDF;199705;220;0;55;900.0;10.3;-1.4;70.4;102.7;13084;23.7
CDF;199706;181;0;78;897.2;12.3;3.0;76.9;192.3;6966;25.2
CDF;199707;197;0;65;903.8;13.5;3.6;80.2;176.7;10842;24.9
CDF;199708;190;0;55;903.7;16.4;6.4;77.2;107.6;12053;27.1
CDF;199709;186;0;35;906.0;12.7;0.9;77.1;51.3;15371;24.8
CDF;199710;104;0;44;901.1;7.0;-8.8;78.4;53.6;10422;20.9
CDF;199711;62;0;54;893.4;3.5;-6.2;79.5;93.9;6075;16.0
CDF;199712;33;5;80;896.6;0.0;-12.9;87.0;181.7;2429;11.2
CDF;199801;56;15;58;900.4;-0.6;-16.5;80.9;115.9;6203;15.4
CDF;199802;110;9;30;907.6;1.3;-14.2;72.7;35.9;11232;14.8
CDF;199803;127;1;66;904.9;2.1;-11.5;72.5;50.3;8328;17.9
CDF;199804;160;2;79;891.0;4.5;-6.4;79.6;119.1;6351;16.4
CDF;199805;230;0;47;900.0;10.7;-3.3;70.3;51.4;14725;24.2
CDF;199806;222;0;62;902.9;13.3;-0.6;74.4;73.0;10925;28.2
CDF;199807;216;0;58;901.5;14.8;3.7;74.8;92.0;11116;29.8
CDF;199808;200;0;49;904.1;14.6;0.2;74.5;127.0;13977;29.8
CDF;199809;125;0;66;898.4;10.5;0.0;83.4;267.4;7324;23.2
CDF;199810;67;0;79;900.4;6.6;-1.7;84.8;181.6;3507;17.9
CDF;199811;57;14;68;900.2;-1.4;-20.5;84.6;125.9;5429;14.7
CDF;199812;46;16;61;903.4;-1.3;-18.2;80.1;64.3;5490;10.0
CDF;199901;55;13;61;899.7;0.0;-13.5;80.1;89.6;6386;14.2
CDF;199902;72;83;78;899.0;-2.6;-15.6;86.9;246.3;3598;9.4
CDF;199903;133;29;63;896.0;2.3;-13.2;76.7;81.8;7913;13.5
CDF;199904;155;1;75;898.2;5.0;-7.1;80.0;209.1;6747;18.6
CDF;199905;182;0;71;900.7;12.0;1.2;78.8;188.9;9229;24.6
CDF;199906;223;0;66;903.3;11.6;2.0;74.3;150.2;11049;24.8
CDF;199907;228;0;54;902.4;15.4;5.8;78.1;147.2;13702;27.4
CDF;199908;175;0;66;900.7;14.7;5.0;80.6;97.8;9490;28.3
CDF;199909;139;0;57;899.5;13.4;4.5;79.9;141.3;9485;24.4
CDF;199910;96;0;57;901.3;7.5;-2.1;83.2;141.3;8492;19.4
CDF;199911;61;4;61;902.5;-0.1;-14.1;84.0;78.1;6212;17.2
CDF;199912;35;9;77;897.6;-0.6;-19.5;85.2;209.4;2789;11.5
CDF;200001;60;20;54;905.9;-2.8;-21.9;87.6;49.9;6472;5.7
CDF;200002;75;7;68;905.5;0.5;-16.9;84.1;184.5;5159;11.6
CDF;200003;119;1;60;902.8;2.2;-12.5;79.4;49.9;8039;13.6
CDF;200004;158;0;67;892.7;6.3;-4.0;74.5;88.2;8505;21.6
CDF;200005;200;0;64;901.2;10.9;-0.5;79.0;139.7;10327;22.2
CDF;200006;242;0;52;905.3;14.2;2.5;75.5;61.7;13994;26.9
CDF;200007;199;0;68;900.1;12.5;0.8;80.4;193.5;10186;27.1
CDF;200008;194;0;48;904.3;15.5;5.9;77.2;96.4;13582;27.8
CDF;200009;159;0;52;901.0;12.1;1.9;80.8;97.5;11791;23.5
CDF;200010;82;0;67;899.9;7.7;-2.8;84.5;137.6;6268;19.0
CDF;200011;51;0;63;893.2;3.3;-5.4;82.9;136.2;4779;16.3
CDF;200012;38;1;68;896.1;2.4;-10.3;80.7;108.7;4517;13.1
CDF;200101;46;1;75;895.5;0.3;-11.3;81.9;117.9;4263;9.4
CDF;200102;86;2;66;900.2;0.2;-16.9;78.0;77.8;6473;14.0
CDF;200103;84;3;86;891.5;4.5;-11.9;85.5;305.6;3631;17.5
CDF;200104;149;1;82;897.3;3.5;-4.7;80.8;204.5;4974;16.9
CDF;200105;193;0;66;900.6;11.7;-1.0;77.7;112.9;11779;23.5
CDF;200106;228;0;59;902.6;12.0;-0.5;75.3;148.8;12830;27.7
CDF;200107;240;0;59;901.8;15.3;4.4;76.0;182.7;13176;25.7
CDF;200108;210;0;48;903.4;15.9;3.3;76.8;133.8;14491;27.3
CDF;200109;107;0;85;900.0;8.4;0.2;85.8;197.9;4800;19.3
CDF;200110;109;0;46;904.2;11.3;2.2;78.5;103.0;10168;23.5
CDF;200111;66;1;57;903.2;0.5;-9.1;84.7;120.1;7092;13.3
CDF;200112;47;6;61;902.6;-3.0;-24.3;83.2;68.5;7102;7.7
CDF;200201;61;8;48;906.8;-1.0;-16.0;77.7;41.3;8085;16.7
CDF;200202;66;6;80;900.1;2.5;-16.7;80.8;131.0;3472;14.7
CDF;200203;136;1;53;900.8;4.0;-7.1;73.3;106.8;10032;15.5
CDF;200204;181;0;63;897.5;5.8;-3.7;70.0;45.7;10345;17.7
CDF;200205;182;0;67;899.2;9.2;-1.3;76.1;168.5;9522;24.0
CDF;200206;246;0;52;902.6;15.5;3.2;71.8;73.2;14618;30.3
CDF;200207;204;0;60;901.7;14.5;2.5;77.6;150.9;10772;25.5
CDF;200208;168;0;67;901.3;14.3;4.1;81.3;303.6;8664;25.2
CDF;200209;138;0;67;902.1;10.5;-0.7;81.9;97.1;8053;20.5
CDF;200210;95;0;70;899.1;8.3;-3.0;78.8;198.6;7821;19.4
CDF;200211;43;1;83;894.6;4.5;-3.0;87.2;375.8;3418;13.0
CDF;200212;34;0;76;897.9;2.4;-8.4;86.9;131.7;3141;10.4
CDF;200301;52;8;68;897.5;-2.3;-22.3;83.5;106.0;4739;10.3
CDF;200302;110;46;51;900.0;-4.5;-25.9;76.4;40.3;8484;10.1
CDF;200303;170;2;37;904.7;4.1;-5.5;66.5;33.0;13832;16.0
CDF;200304;190;0;53;898.5;6.2;-9.8;68.0;87.2;11477;19.3
CDF;200305;192;0;69;902.9;11.3;-2.5;75.4;102.3;9299;24.0
CDF;200306;273;0;53;903.2;18.8;7.1;64.8;51.9;16098;29.3
CDF;200307;234;0;48;903.2;16.3;3.9;69.5;99.7;14154;30.4
CDF;200308;228;0;39;904.4;18.9;4.0;63.4;81.1;16810;32.5
CDF;200309;164;0;47;905.0;11.2;0.7;75.7;80.1;11850;24.7
CDF;200310;95;0;63;896.6;4.5;-16.1;83.6;187.2;7681;20.2
CDF;200311;64;1;42;900.1;4.3;-4.8;79.8;60.0;7191;17.2
CDF;200312;48;4;47;900.6;0.0;-14.9;79.9;51.2;6295;12.9
CDF;200401;45;20;84;894.6;-1.4;-17.4;86.8;206.7;2779;9.3
CDF;200402;98;13;51;901.3;-1.4;-17.1;78.0;35.2;8530;13.3
CDF;200403;134;5;64;902.1;1.0;-11.8;75.8;70.0;7406;17.5
CDF;200404;168;2;68;896.5;5.6;-2.9;75.2;59.0;8203;16.8
CDF;200405;213;0;59;899.0;8.4;0.3;72.8;56.2;11838;21.8
CDF;200406;215;0;66;903.9;13.1;2.6;74.7;129.6;10936;26.3
CDF;200407;220;0;58;903.4;14.7;2.7;73.5;70.3;11878;27.2
CDF;200408;172;0;68;901.2;15.1;5.7;79.2;255.5;9235;27.0
CDF;200409;150;0;54;905.7;12.3;1.7;78.7;102.8;10074;24.0
CDF;200410;81;0;69;897.7;9.7;1.0;82.4;192.0;5421;22.8
CDF;200411;48;0;77;902.8;2.0;-8.3;85.5;43.5;3385;15.2
CDF;200412;45;6;56;900.9;-0.4;-16.5;83.3;69.4;6543;12.9
CDF;200501;60;16;53;904.8;-1.8;-19.4;82.4;90.5;6633;12.0
CDF;200502;89;40;71;898.1;-4.4;-19.5;85.1;87.2;5132;6.2
CDF;200503;144;25;51;899.2;1.3;-22.1;78.6;43.6;10159;16.6
CDF;200504;146;2;74;898.0;6.0;-9.2;74.6;130.0;7129;22.4
CDF;200505;198;0;69;901.9;10.6;-1.2;72.8;115.9;11258;26.1
CDF;200506;245;0;61;904.1;15.3;2.1;67.9;76.4;14962;28.9
CDF;200507;207;0;63;902.6;15.3;4.4;73.2;79.0;11685;29.9
CDF;200508;176;0;66;903.1;13.5;2.9;77.5;135.0;11079;25.7
CDF;200509;142;0;69;903.7;12.6;2.9;81.1;88.5;8458;24.1
CDF;200510;112;0;53;903.5;10.2;1.1;76.7;78.7;10613;20.3
CDF;200511;70;3;55;899.9;1.9;-12.8;78.9;47.8;8218;16.5
CDF;200512;45;28;70;898.6;-3.7;-22.1;84.3;105.8;4573;4.7
CDF;200601;69;39;50;902.4;-3.8;-17.9;78.0;27.6;8533;8.3
CDF;200602;79;51;76;895.4;-2.5;-18.6;81.3;75.0;4838;6.1
CDF;200603;128;55;74;893.8;0.1;-18.7;81.8;227.2;6393;14.4
CDF;200604;159;3;72;898.5;5.1;-8.1;79.8;149.2;7624;18.3
CDF;200605;165;0;83;901.7;9.8;-0.9;78.0;223.2;7105;20.4
CDF;200606;262;0;60;905.1;14.4;0.3;70.7;64.7;14761;25.7
CDF;200607;250;0;48;905.6;19.0;9.4;69.7;49.0;15901;29.3
CDF;200608;154;0;78;899.7;11.5;1.9;83.5;275.7;6859;21.1
CDF;200609;147;0;69;901.9;14.6;5.1;80.1;193.9;9338;24.6
CDF;200610;98;0;62;900.7;10.9;0.7;78.3;89.1;8754;22.6
CDF;200611;63;0;60;903.3;5.5;-7.0;77.1;100.1;7031;17.1
CDF;200612;55;2;44;906.4;1.2;-10.8;76.9;92.8;8406;12.7
CDF;200701;46;6;75;904.1;1.4;-15.3;86.0;138.1;3855;14.0
CDF;200702;82;5;68;896.0;3.0;-6.2;77.4;122.1;6313;14.5
CDF;200703;142;7;61;898.5;2.4;-8.0;79.2;167.4;9091;13.4
CDF;200704;233;0;41;902.4;10.3;-3.7;65.1;19.1;16218;22.2
CDF;200705;192;0;75;897.9;11.1;-1.1;77.3;237.3;9178;25.2
CDF;200706;207;0;75;899.6;13.8;4.2;80.1;222.7;8498;26.3
CDF;200707;216;0;64;901.9;14.4;4.6;76.2;206.3;10522;29.8
CDF;200708;181;0;65;901.3;14.3;5.9;79.2;229.5;9819;26.7
CDF;200709;162;0;57;904.1;10.1;0.8;79.7;82.0;10797;21.4
CDF;200710;122;0;54;904.6;7.2;-2.6;79.7;19.7;11228;22.3
CDF;200711;56;4;67;901.5;1.5;-10.8;80.8;123.9;5354;14.2
CDF;200712;48;22;56;904.2;-2.6;-16.7;83.3;168.7;6474;8.0
CDF;200801;57;7;66;902.5;1.5;-14.1;76.9;93.5;6831;13.7
CDF;200802;100;2;40;907.1;2.2;-14.5;68.6;72.2;9929;16.6
CDF;200803;117;11;81;892.8;1.1;-18.2;78.2;123.5;4615;16.1
CDF;200804;147;1;81;894.8;5.1;-7.0;77.0;151.6;5880;18.8
CDF;200805;194;0;70;898.4;11.9;0.7;70.8;55.8;9167;25.2
CDF;200806;210;0;67;902.1;14.0;2.3;76.7;108.5;9785;26.9
CDF;200807;233;0;58;902.5;15.2;5.7;73.7;189.7;12494;26.8
CDF;200808;201;0;64;901.8;14.7;3.2;76.8;134.1;11375;25.4
CDF;200809;149;0;65;901.6;10.4;-0.8;78.1;125.8;9333;24.2
CDF;200810;94;1;68;902.1;7.9;-2.5;81.2;133.0;7188;19.7
CDF;200811;58;7;71;897.8;2.6;-13.9;82.4;56.6;5029;13.9
CDF;200812;45;32;68;898.7;-1.7;-14.0;84.7;96.6;4609;7.1
CDF;200901;69;42;44;894.9;-4.9;-17.5;82.7;35.4;8407;6.3
CDF;200902;87;63;73;895.8;-2.2;-18.4;83.0;93.5;3935;11.9
CDF;200903;139;73;70;897.9;1.2;-9.9;77.6;118.5;6479;11.3
CDF;200904;200;11;64;897.3;7.7;-1.1;73.9;33.9;10657;18.1
CDF;200905;225;0;62;903.5;12.5;-0.5;69.6;44.3;11190;27.6
CDF;200906;245;0;61;901.5;13.5;3.6;74.1;103.1;11646;25.1
CDF;200907;224;0;63;902.8;15.6;6.3;74.0;108.1;10687;26.2
CDF;200908;229;0;45;904.2;17.0;4.2;70.6;69.5;14934;30.7
CDF;200909;156;0;53;904.4;12.9;2.0;78.1;65.6;10509;27.7
CDF;200910;103;0;61;901.7;7.4;-4.3;75.9;61.5;8787;25.4
CDF;200911;48;1;71;895.9;5.6;-2.8;78.7;147.9;3583;17.6
CDF;200912;32;7;83;890.8;-0.6;-21.7;83.7;162.4;1885;8.9
CDF;201001;56;20;72;894.0;-4.5;-16.7;84.2;51.7;4952;4.1
CDF;201002;82;37;80;887.8;-1.5;-21.4;80.1;82.2;3441;9.8
CDF;201003;135;4;64;898.7;1.3;-14.1;71.4;98.6;7877;15.9
CDF;201004;208;1;53;900.9;6.8;-6.5;69.7;33.9;12196;22.0
CDF;201005;158;0;82;897.9;8.3;-0.5;80.2;148.6;5509;23.0
CDF;201006;204;0;67;900.2;13.8;4.3;76.6;71.8;9107;26.5
CDF;201007;243;0;52;904.1;17.0;5.2;72.2;66.2;13988;29.1
CDF;201008;180;0;66;902.1;14.0;3.5;78.3;249.7;8696;27.5
CDF;201009;159;0;60;900.9;10.4;-1.6;78.4;60.4;9744;20.5
CDF;201010;107;0;56;897.9;6.9;-6.0;78.8;69.3;9375;21.8
CDF;201011;46;6;82;891.3;2.4;-18.9;85.4;120.8;2695;17.4
CDF;201012;41;10;76;893.4;-2.7;-18.1;84.0;102.8;2959;11.5
CDF;201101;59;3;62;900.1;-0.9;-13.2;81.8;63.8;6024;11.7
CDF;201102;93;4;54;900.0;0.7;-12.5;78.4;37.5;7484;13.8
CDF;201103;140;2;51;902.1;4.2;-7.2;70.4;30.9;10621;16.4
CDF;201104;226;0;39;901.8;9.1;-3.2;65.9;43.6;15094;21.8
CDF;201105;240;0;55;903.4;11.7;-1.8;68.7;57.4;14010;25.4
CDF;201106;212;0;65;902.7;13.3;4.0;76.2;114.2;8856;28.3
CDF;201107;220;0;64;899.7;13.0;4.0;75.2;134.1;10496;27.8
CDF;201108;226;0;55;902.4;16.1;3.2;74.6;84.5;13493;30.3
CDF;201109;182;0;48;904.0;13.7;1.9;78.1;59.3;13141;25.4
CDF;201110;124;0;44;904.7;7.9;-4.2;79.3;104.3;11546;22.1
CDF;201111;81;0;36;903.2;5.3;-5.3;73.9;7.6;10390;17.0
CDF;201112;31;15;80;900.8;1.1;-12.6;87.9;285.9;2370;12.2
CDF;201201;48;43;-;904.2;-0.5;-11.4;85.8;170.7;3930;6.9
CDF;201202;114;43;-;904.2;-6.2;-21.4;77.9;28.2;8562;12.1
CDF;201203;188;14;-;907.7;5.1;-7.8;66.3;25.0;15537;17.2
CDF;201204;144;0;-;890.4;5.6;-3.7;77.1;125.0;5128;23.7
CDF;201205;226;0;-;900.5;10.9;-2.7;73.2;80.8;11407;25.6
CDF;201206;234;0;-;901.0;14.4;2.6;76.5;181.1;10499;27.6
CDF;201207;235;0;-;902.7;14.5;5.1;76.2;165.8;11797;29.0
CDF;201208;220;0;-;903.9;16.3;4.6;74.7;155.7;13590;31.9
CDF;201209;138;0;-;901.8;11.6;0.1;81.0;131.4;8299;24.1
CDF;201210;104;1;-;897.7;8.3;-9.1;80.3;151.1;8442;23.5
CDF;201211;62;3;-;897.1;4.2;-5.6;82.3;187.7;5997;14.1
CDF;201212;38;34;-;897.3;-0.3;-17.0;84.5;246.6;2339;13.3
CDF;201301;53;13;-;896.7;-1.6;-16.4;84.9;75.9;3775;10.7
CDF;201302;88;40;-;894.8;-4.3;-20.9;82.7;114.0;4228;6.5
CDF;201303;119;20;-;889.3;0.6;-13.5;78.4;72.9;4652;10.6
CDF;201304;154;3;-;897.9;6.2;-6.7;77.4;120.9;6574;20.5
CDF;201305;159;0;-;896.6;7.4;-0.3;81.9;205.3;4758;20.1
CDF;201306;222;0;-;903.2;12.8;2.4;75.9;135.6;10087;29.8
CDF;201307;263;0;-;905.1;17.5;5.5;73.0;118.5;15614;29.9
CDF;201308;236;0;-;904.2;15.4;4.9;74.2;68.7;14671;29.1
CDF;201309;152;0;-;902.1;12.3;2.0;80.2;138.2;9088;25.9
CDF;201310;88;0;-;901.7;9.7;-0.7;82.4;147.4;6361;21.2
CDF;201311;52;6;-;898.4;1.6;-13.2;85.3;151.8;3700;13.4
CDF;201312;58;11;-;904.5;0.1;-10.5;77.9;110.6;8041;11.7
CDF;201401;51;6;-;893.5;1.2;-14.0;82.6;80.9;3935;12.3
CDF;201402;85;13;-;893.2;1.5;-7.0;80.3;116.6;5298;9.6
CDF;201403;167;5;-;899.7;4.3;-10.5;69.8;35.8;12408;18.9
CDF;201404;174;0;-;898.5;7.5;-2.3;73.6;97.6;9591;18.3
CDF;201405;210;0;-;900.6;9.1;1.0;76.2;174.4;9787;22.4
CDF;201406;267;0;-;902.3;14.6;3.0;68.1;72.1;14919;29.5
CDF;201407;195;0;-;901.1;14.8;4.3;80.7;338.9;8996;28.5
CDF;201408;176;0;-;901.2;12.9;3.2;81.6;148.1;7546;25.4
CDF;201409;162;0;-;903.0;12.6;2.1;80.9;56.7;10060;22.6
CDF;201410;113;0;-;902.4;10.3;-0.3;81.8;92.6;9892;22.4
CDF;201411;61;1;-;895.4;6.3;-2.6;80.6;87.7;5977;18.4
CDF;201412;32;6;-;902.5;0.6;-18.6;86.8;86.3;2345;14.0
CDF;201501;49;20;-;900.5;-0.7;-13.9;85.2;162.3;3675;10.5
CDF;201502;102;55;-;897.1;-2.5;-12.3;81.4;67.9;7507;8.3
CDF;201503;142;21;-;902.4;3.0;-8.1;75.4;120.2;10296;13.9
CDF;201504;211;0;-;903.5;7.1;-6.9;65.3;132.8;12780;20.9
CDF;201505;219;0;-;901.6;10.6;0.5;73.4;148.0;10940;24.8
CDF;201506;262;0;-;904.5;14.9;2.8;73.6;150.1;13915;27.0
CDF;201507;282;0;-;903.7;18.3;3.1;65.3;88.5;17294;32.5
CDF;201508;207;0;-;902.9;16.5;4.8;73.2;62.0;12798;31.0
CDF;201509;154;0;-;901.9;10.2;0.9;77.8;116.8;9576;21.1
CDF;201510;99;0;-;901.0;6.9;-2.2;83.5;39.6;7160;19.6
CDF;201511;68;6;-;905.2;4.9;-13.7;81.5;132.6;6772;20.5
CDF;201512;59;0;-;910.9;3.7;-5.7;80.1;21.9;8669;15.2
CDF;201601;49;14;-;897.9;0.5;-20.1;86.2;214.7;3739;10.2
CDF;201602;64;9;-;895.9;0.9;-13.0;85.6;154.3;2933;11.1
CDF;201603;140;15;-;896.1;1.5;-15.3;77.5;75.2;7800;16.9
CDF;201604;153;0;-;896.7;5.6;-6.2;79.0;183.4;6478;18.0
CDF;201605;197;0;-;898.5;9.3;-2.2;77.3;191.0;9197;21.1
CDF;201606;203;0;-;901.1;13.2;4.0;82.7;218.3;7440;29.1
CDF;201607;253;0;-;904.9;16.1;4.3;75.0;76.7;14240;30.4
CDF;201608;229;0;-;906.1;15.8;3.0;72.7;54.7;14644;29.3
CDF;201609;165;0;-;904.7;13.7;3.2;78.2;81.7;11419;25.3
CDF;201610;101;0;-;903.2;6.8;-4.1;81.2;95.6;8161;19.4
CDF;201611;59;6;-;898.4;3.0;-10.8;82.3;128.7;4792;16.1
CDF;201612;65;0;-;910.4;0.7;-8.0;72.0;3.3;10437;13.1
CDF;201701;65;25;-;902.5;-4.6;-18.1;81.0;76.8;6691;8.1
CDF;201702;96;12;-;900.0;2.5;-8.4;77.4;70.3;7185;13.9
CDF;201703;151;2;-;901.0;5.8;-6.4;74.0;102.4;10556;17.8
CDF;201704;215;1;-;902.5;5.4;-5.8;71.2;55.9;12674;20.0
CDF;201705;216;0;-;901.9;10.9;-2.2;75.1;117.1;11382;25.2
CDF;201706;270;0;-;902.3;16.2;1.9;72.1;69.3;14671;29.9
CDF;201707;227;0;-;903.1;16.0;7.1;75.8;138.8;10989;28.3
CDF;201708;213;0;-;904.5;16.3;4.8;74.8;89.8;12504;27.6
CDF;201709;145;0;-;901.8;9.7;0.2;81.2;84.0;7924;21.3
CDF;201710;114;0;-;906.5;8.3;-1.6;79.0;65.5;10182;22.1
CDF;201711;54;6;-;900.3;2.0;-9.9;84.3;133.9;4078;14.1
CDF;201712;45;29;-;899.4;-1.4;-14.2;87.6;177.1;4362;8.2
CDF;201801;45;5;-;899.0;2.5;-5.9;85.3;273.5;2830;12.1
CDF;201802;82;7;-;894.8;-3.9;-17.8;82.5;58.2;3884;6.7
CDF;201803;103;6;-;887.8;1.6;-10.0;83.3;159.2;3935;9.8
CDF;201804;209;0;-;898.1;9.7;-5.3;67.5;31.0;12051;22.9
CDF;201805;193;0;-;899.9;11.7;1.7;78.9;159.9;9384;22.7
CDF;201806;264;0;-;902.4;15.0;4.4;75.1;98.9;13439;26.2
CDF;201807;265;0;-;902.7;17.3;5.9;70.1;125.3;16370;27.5
CDF;201808;218;0;-;904.2;16.8;1.9;72.6;80.2;13885;29.1
CDF;201809;177;0;-;906.3;13.1;2.7;74.7;38.6;12588;25.6
CDF;201810;124;1;-;901.5;8.9;-1.8;72.9;21.7;11626;21.4
CDF;201811;63;0;-;899.0;4.3;-6.2;82.4;42.6;5618;17.8
CDF;201812;37;5;-;903.9;1.7;-13.1;85.1;258.8;3588;9.7