stn;time;gre000m0;hto000m0;nto000m0;prestam0;rre150m0;tre200m0;ure200m0;sre000m0;tre200mn;tre200mx
SMA;186401;-;-;76;968.5;23.6;-5.7;93.8;-;-;-
SMA;186402;-;-;-;957.0;31.8;-0.6;88.1;-;-;-
SMA;186403;-;-;50;952.4;51.9;5.4;79.1;-;-;-
SMA;186404;-;-;36;960.9;54.1;8.0;74.3;-;-;-
SMA;186405;-;-;48;958.5;90.8;13.6;80.2;-;-;-
SMA;186406;-;-;65;960.9;173.0;15.9;84.9;-;-;-
SMA;186407;-;-;49;961.7;86.8;18.0;81.5;-;-;-
SMA;186408;-;-;39;962.8;38.2;16.3;81.1;-;-;-
SMA;186409;-;-;47;962.9;80.2;13.9;84.5;-;-;-
SMA;186410;-;-;60;955.6;17.9;7.7;83.8;-;-;-
SMA;186411;-;-;82;956.5;79.7;3.4;88.5;-;-;-
SMA;186412;-;-;89;961.2;3.7;-3.4;95.7;-;-;-
SMA;186501;-;-;78;951.3;58.5;0.9;86.8;-;-;-
SMA;186502;-;-;76;956.8;51.0;-2.0;90.0;-;-;-
SMA;186503;-;-;74;952.7;52.8;-0.3;85.5;-;-;-
SMA;186504;-;-;30;963.5;4.5;13.1;71.0;-;-;-
SMA;186505;-;-;48;961.4;69.3;16.5;75.2;-;-;-
SMA;186506;-;-;46;964.3;51.1;17.2;69.3;-;-;-
SMA;186507;-;-;47;962.0;89.2;20.1;75.9;-;-;-
SMA;186508;-;-;68;960.4;201.0;16.8;84.7;-;-;-
SMA;186509;-;-;16;968.5;0.0;16.4;72.5;-;-;-
SMA;186510;-;-;62;954.0;79.8;10.3;81.5;-;-;-
SMA;186511;-;-;73;960.5;63.8;5.1;87.7;-;-;-
SMA;186512;-;-;85;970.0;16.0;-1.1;93.5;-;-;-
SMA;186601;-;-;63;964.8;74.7;2.6;85.6;-;-;-
SMA;186602;-;-;76;957.6;163.4;4.6;80.9;-;-;-
SMA;186603;-;-;80;951.2;113.5;4.6;82.5;-;-;-
SMA;186604;-;-;61;959.4;120.3;10.3;74.3;-;-;-
SMA;186605;-;-;63;959.7;119.5;11.0;69.2;-;-;-
SMA;186606;-;-;51;961.6;41.1;18.7;68.2;-;-;-
SMA;186607;-;-;55;961.1;62.0;18.5;67.1;-;-;-
SMA;186608;-;-;73;959.7;244.5;15.7;80.8;-;-;-
SMA;186609;-;-;63;959.8;105.4;15.3;81.1;-;-;-
SMA;186610;-;-;74;964.0;31.0;9.0;90.5;-;-;-
SMA;186611;-;-;77;961.8;109.8;4.5;89.1;-;-;-
SMA;186612;-;-;-;965.0;122.3;2.5;87.8;-;-;-
SMA;186701;-;-;-;953.6;123.5;-0.3;93.1;-;-;-
SMA;186702;-;-;64;967.7;72.8;5.6;80.4;-;-;-
SMA;186703;-;-;79;953.0;107.2;4.6;87.0;-;-;-
SMA;186704;-;-;77;959.1;145.6;9.4;78.5;-;-;-
SMA;186705;-;-;50;959.2;125.8;14.1;79.1;-;-;-
SMA;186706;-;-;60;962.6;221.6;16.9;78.9;-;-;-
SMA;186707;-;-;59;961.7;52.6;17.4;80.3;-;-;-
SMA;186708;-;-;56;962.7;192.2;18.6;80.2;-;-;-
SMA;186709;-;-;53;965.2;140.1;15.2;86.9;-;-;-
SMA;186710;-;-;78;961.6;193.3;7.7;90.6;-;-;-
SMA;186711;-;-;64;967.5;28.1;1.8;90.4;-;-;-
SMA;186712;-;-;90;959.0;54.6;-1.8;92.5;-;-;-
SMA;186801;-;-;77;960.1;33.7;-1.6;88.8;-;-;-
SMA;186802;-;-;50;968.9;6.2;3.2;78.4;-;-;-
SMA;186803;-;-;66;961.4;64.0;3.5;80.3;-;-;-
SMA;186804;-;-;69;959.9;92.8;8.5;74.6;-;-;-
SMA;186805;-;-;39;962.0;10.6;18.9;65.5;-;-;-
SMA;186806;-;-;58;964.4;104.8;18.5;69.5;-;-;-
SMA;186807;-;-;60;961.6;100.1;19.2;75.4;-;-;-
SMA;186808;-;-;54;962.0;84.8;18.5;75.3;-;-;-
SMA;186809;-;-;42;959.3;93.3;16.6;80.3;-;-;-
SMA;186810;-;-;78;961.6;186.1;9.8;87.1;-;-;-
SMA;186811;-;-;78;960.3;52.2;1.5;90.6;-;-;-
SMA;186812;-;-;84;957.9;121.6;5.9;84.4;-;-;-
SMA;186901;-;-;74;967.3;19.5;-0.8;90.2;-;-;-
SMA;186902;-;-;68;966.3;18.8;5.8;77.8;-;-;-
SMA;186903;-;-;85;948.7;45.0;1.4;84.8;-;-;-
SMA;186904;-;-;47;961.0;90.6;11.3;69.0;-;-;-
SMA;186905;-;-;76;956.5;125.5;15.2;72.3;-;-;-
SMA;186906;-;-;57;962.6;143.3;14.6;70.5;-;-;-
SMA;186907;-;-;46;963.7;149.1;20.7;74.5;-;-;-
SMA;186908;-;-;60;964.4;235.4;16.5;77.6;-;-;-
SMA;186909;-;-;43;962.2;100.8;15.4;78.6;-;-;-
SMA;186910;-;-;65;963.7;73.8;7.0;85.2;-;-;-
SMA;186911;-;-;83;960.7;68.4;4.7;83.0;-;-;-
SMA;186912;-;-;88;956.8;44.6;-1.1;92.9;-;-;-
SMA;187001;-;-;75;962.6;8.7;-1.5;91.9;-;-;-
SMA;187002;-;-;69;956.3;18.4;-2.2;81.8;-;-;-
SMA;187003;-;-;75;958.3;74.3;2.6;85.6;-;-;-
SMA;187004;-;-;49;965.1;8.8;9.2;67.8;-;-;-
SMA;187005;-;-;52;963.3;56.4;15.3;67.9;-;-;-
SMA;187006;-;-;54;963.8;64.6;18.1;65.2;-;-;-
SMA;187007;-;-;49;961.6;106.8;20.8;66.7;-;-;-
SMA;187008;-;-;70;958.5;113.9;16.1;74.7;-;-;-
SMA;187009;-;-;54;965.6;92.6;12.9;79.0;-;-;-
SMA;187010;-;-;75;958.7;215.9;9.1;81.0;-;-;-
SMA;187011;-;-;89;957.0;65.1;3.8;87.4;-;-;-
SMA;187012;-;-;89;954.2;84.8;-3.5;94.4;-;-;-
SMA;187101;-;-;92;955.8;36.0;-4.2;97.1;-;-;-
SMA;187102;-;-;67;966.1;35.8;1.8;84.3;-;-;-
SMA;187103;-;-;54;963.5;31.7;5.0;77.8;-;-;-
SMA;187104;-;-;77;958.5;125.5;9.7;74.0;-;-;-
SMA;187105;-;-;36;960.3;31.3;12.9;62.3;-;-;-
SMA;187106;-;-;67;958.3;157.8;13.8;74.8;-;-;-
SMA;187107;-;-;48;962.0;114.3;19.2;72.8;-;-;-
SMA;187108;-;-;42;964.0;111.5;18.5;74.8;-;-;-
SMA;187109;-;-;39;959.9;39.7;16.3;77.9;-;-;-
SMA;187110;-;-;74;962.2;147.5;7.2;86.6;-;-;-
SMA;187111;-;-;89;957.1;37.3;0.7;90.8;-;-;-
SMA;187112;-;-;85;965.4;7.6;-6.4;92.4;-;-;-
SMA;187201;-;-;79;956.9;40.2;0.4;87.4;-;-;-
SMA;187202;-;-;63;961.7;76.8;1.2;82.5;-;-;-
SMA;187203;-;-;62;956.8;40.8;6.2;75.1;-;-;-
SMA;187204;-;-;57;957.6;81.4;10.2;72.4;-;-;-
SMA;187205;-;-;72;958.5;257.7;12.6;77.4;-;-;-
SMA;187206;-;-;62;961.4;200.2;16.3;77.4;-;-;-
SMA;187207;-;-;41;961.4;131.7;19.6;72.2;-;-;-
SMA;187208;-;-;58;961.5;230.2;16.5;80.3;-;-;-
SMA;187209;-;-;43;962.0;24.2;15.1;78.0;-;-;-
SMA;187210;-;-;66;956.4;103.4;10.3;83.8;-;-;-
SMA;187211;-;-;70;958.2;124.5;6.5;85.9;-;-;-
SMA;187212;-;-;77;955.0;116.9;3.0;88.3;-;-;-
SMA;187301;-;-;72;960.6;29.7;1.2;87.5;-;-;-
SMA;187302;-;-;82;960.9;32.7;0.8;87.0;-;-;-
SMA;187303;-;-;67;955.3;156.2;6.9;82.1;-;-;-
SMA;187304;-;-;70;956.2;206.4;7.7;77.2;-;-;-
SMA;187305;-;-;63;960.0;146.3;11.1;77.3;-;-;-
SMA;187306;-;-;52;961.7;62.4;17.4;70.4;-;-;-
SMA;187307;-;-;39;963.8;176.4;20.8;71.9;-;-;-
SMA;187308;-;-;45;963.9;126.7;19.5;73.3;-;-;-
SMA;187309;-;-;52;963.2;105.7;13.8;80.8;-;-;-
SMA;187310;-;-;72;960.0;136.0;10.1;86.5;-;-;-
SMA;187311;-;-;75;959.1;87.9;4.4;86.5;-;-;-
SMA;187312;-;-;69;971.5;18.6;-0.2;90.1;-;-;-
SMA;187401;-;-;73;968.6;30.2;-0.1;88.5;-;-;-
SMA;187402;-;-;59;964.3;15.8;0.0;83.3;-;-;-
SMA;187403;-;-;52;968.0;42.5;4.2;78.2;-;-;-
SMA;187404;-;-;53;958.4;124.4;10.7;72.6;-;-;-
SMA;187405;-;-;61;958.4;146.4;10.1;72.8;-;-;-
SMA;187406;-;-;58;964.2;118.9;17.5;71.8;-;-;-
SMA;187407;-;-;46;963.4;204.3;21.1;74.0;-;-;-
SMA;187408;-;-;46;963.6;112.6;16.2;78.0;-;-;-
SMA;187409;-;-;40;963.8;51.0;15.7;80.5;-;-;-
SMA;187410;-;-;56;962.2;28.5;8.5;88.9;-;-;-
SMA;187411;-;-;82;960.1;88.0;0.8;88.6;-;-;-
SMA;187412;-;-;83;953.0;116.2;-1.7;86.0;-;-;-
SMA;187501;-;-;78;965.8;129.3;1.6;85.5;-;-;-
SMA;187502;-;-;76;959.4;19.3;-3.2;85.7;-;-;-
SMA;187503;-;-;63;962.7;72.9;2.3;80.8;-;-;-
SMA;187504;-;-;39;961.5;19.4;9.3;60.2;-;-;-
SMA;187505;-;-;47;963.1;152.5;15.7;70.0;-;-;-
SMA;187506;-;-;61;962.2;163.3;17.5;74.8;-;-;-
SMA;187507;-;-;64;961.8;149.0;17.2;78.0;-;-;-
SMA;187508;-;-;46;964.5;77.2;19.4;75.8;-;-;-
SMA;187509;-;-;48;965.7;138.8;15.5;78.6;-;-;-
SMA;187510;-;-;70;958.1;187.6;7.9;86.8;-;-;-
SMA;187511;-;-;88;957.0;196.0;3.7;84.9;-;-;-
SMA;187512;-;-;87;965.4;15.9;-2.8;92.5;-;-;-
SMA;187601;-;-;81;969.2;15.3;-2.7;88.4;-;-;-
SMA;187602;-;-;78;959.8;190.6;2.0;85.4;-;-;-
SMA;187603;-;-;76;952.7;286.7;4.5;82.5;-;-;-
SMA;187604;-;-;60;958.6;182.9;8.9;77.8;-;-;-
SMA;187605;-;-;62;961.1;169.9;10.2;75.1;-;-;-
SMA;187606;-;-;58;960.5;430.1;16.5;79.0;-;-;-
SMA;187607;-;-;40;965.6;106.4;19.7;71.5;-;-;-
SMA;187608;-;-;49;963.0;159.2;18.7;73.5;-;-;-
SMA;187609;-;-;57;961.1;232.8;13.1;80.2;-;-;-
SMA;187610;-;-;62;961.9;15.2;11.1;87.2;-;-;-
SMA;187611;-;-;72;960.6;103.6;2.4;88.9;-;-;-
SMA;187612;-;-;75;953.5;95.0;3.8;86.1;-;-;-
SMA;187701;-;-;63;963.5;75.6;2.5;81.3;-;-;-
SMA;187702;-;-;81;962.1;114.1;3.5;83.7;-;-;-
SMA;187703;-;-;71;954.7;94.4;2.9;80.2;-;-;-
SMA;187704;-;-;62;954.2;126.4;8.2;76.5;-;-;-
SMA;187705;-;-;72;958.4;121.4;10.9;76.8;-;-;-
SMA;187706;-;-;34;964.6;46.5;19.9;68.5;-;-;-
SMA;187707;-;-;59;963.8;188.0;17.7;79.2;-;-;-
SMA;187708;-;-;52;963.0;118.0;18.7;79.3;-;-;-
SMA;187709;-;-;58;963.4;47.5;11.7;83.2;-;-;-
SMA;187710;-;-;65;965.3;39.4;6.9;82.7;-;-;-
SMA;187711;-;-;74;959.8;84.2;5.7;86.6;-;-;-
SMA;187712;-;-;82;963.8;94.5;0.9;86.9;-;-;-
SMA;187801;-;-;75;966.5;71.9;-2.4;86.5;-;-;-
SMA;187802;-;-;72;971.4;32.5;0.8;86.4;-;-;-
SMA;187803;-;-;74;961.9;95.2;3.2;81.6;-;-;-
SMA;187804;-;-;66;957.5;139.9;8.9;77.7;-;-;-
SMA;187805;-;-;58;959.4;165.7;14.5;75.0;-;-;-
SMA;187806;-;-;62;962.1;299.0;16.2;78.2;-;-;-
SMA;187807;-;-;58;963.0;114.5;17.6;77.4;-;-;-
SMA;187808;-;-;64;959.6;143.7;17.5;83.4;-;-;-
SMA;187809;-;-;63;963.5;123.8;14.0;86.0;-;-;-
SMA;187810;-;-;65;960.2;79.6;9.8;84.7;-;-;-
SMA;187811;-;-;75;955.4;62.1;2.0;87.2;-;-;-
SMA;187812;-;-;77;954.4;95.3;-2.6;89.1;-;-;-
SMA;187901;-;-;75;960.6;58.8;-1.1;86.4;-;-;-
SMA;187902;-;-;76;949.7;153.6;1.7;87.2;-;-;-
SMA;187903;-;-;59;961.2;33.8;4.5;79.8;-;-;-
SMA;187904;-;-;71;951.1;105.6;6.9;77.2;-;-;-
SMA;187905;-;-;74;959.7;111.6;9.2;78.5;-;-;-
SMA;187906;-;-;52;961.8;118.2;17.0;74.0;-;-;-
SMA;187907;-;-;59;961.2;180.9;15.7;80.4;-;-;-
SMA;187908;-;-;49;962.2;80.2;19.0;79.3;-;-;-
SMA;187909;-;-;63;963.2;141.3;14.1;86.7;-;-;-
SMA;187910;-;-;69;965.1;83.6;7.4;87.2;-;-;-
SMA;187911;-;-;78;964.0;102.0;0.2;86.4;-;-;-
SMA;187912;-;-;71;970.8;62.3;-8.6;90.5;-;-;-
SMA;188001;-;-;79;971.8;26.9;-5.2;84.8;-;-;-
SMA;188002;-;-;61;961.5;61.4;0.4;84.1;-;-;-
SMA;188003;-;-;34;965.1;29.3;6.9;71.7;-;-;-
SMA;188004;-;-;74;957.1;151.4;9.2;81.0;-;-;-
SMA;188005;-;-;56;960.2;72.3;12.1;76.5;-;-;-
SMA;188006;-;-;59;960.3;106.4;15.7;76.0;-;-;-
SMA;188007;-;-;43;962.9;129.8;19.5;75.3;-;-;-
SMA;188008;-;-;61;960.6;150.5;16.8;82.8;-;-;-
SMA;188009;-;-;54;964.5;121.7;14.7;85.2;-;-;-
SMA;188010;-;-;72;959.7;197.0;9.0;88.9;-;-;-
SMA;188011;-;-;75;963.4;38.5;4.7;85.7;-;-;-
SMA;188012;-;-;76;964.2;97.4;5.0;84.5;-;-;-
SMA;188101;-;-;63;956.4;32.7;-3.4;80.0;-;-;-
SMA;188102;-;-;68;957.9;80.7;1.9;84.1;-;-;-
SMA;188103;-;-;55;960.5;108.5;5.5;75.9;-;-;-
SMA;188104;-;-;72;957.4;116.7;7.8;82.0;-;-;-
SMA;188105;-;-;47;963.5;66.1;12.4;72.7;-;-;-
SMA;188106;-;-;57;961.8;121.8;16.2;74.5;-;-;-
SMA;188107;-;-;31;964.9;74.1;21.1;68.5;-;-;-
SMA;188108;-;-;51;961.9;241.0;17.8;77.8;-;-;-
SMA;188109;-;-;62;962.2;209.9;12.6;86.6;-;4.4;22.2
SMA;188110;-;-;72;959.8;59.0;5.5;86.9;-;-1.0;19.0
SMA;188111;-;-;62;968.3;9.5;5.1;89.5;-;-1.0;15.3
SMA;188112;-;-;74;965.0;38.9;0.1;88.4;-;-8.0;9.0
SMA;188201;-;-;85;975.8;19.7;-1.0;90.8;-;-7.2;7.0
SMA;188202;-;-;62;971.7;15.5;0.8;83.4;-;-9.0;12.5
SMA;188203;-;-;39;964.4;28.9;6.6;77.6;-;-2.5;19.0
SMA;188204;-;-;50;957.8;84.5;8.8;72.3;-;-5.6;23.0
SMA;188205;-;-;48;962.8;84.0;13.8;72.9;-;0.0;28.0
SMA;188206;-;-;59;962.4;197.4;15.7;74.3;-;4.7;29.5
SMA;188207;-;-;63;961.9;131.0;16.6;80.5;-;8.7;32.0
SMA;188208;-;-;66;962.7;128.0;15.7;80.7;-;8.0;31.0
SMA;188209;-;-;82;958.6;193.8;12.6;87.8;-;4.1;26.3
SMA;188210;-;-;74;960.0;179.9;9.9;89.9;-;0.3;22.0
SMA;188211;-;-;75;957.5;162.1;5.1;84.6;-;-4.3;14.3
SMA;188212;-;-;85;956.2;170.6;1.2;89.2;-;-9.3;12.0
SMA;188301;-;-;71;962.2;57.2;0.3;87.6;-;-11.6;13.0
SMA;188302;-;-;59;969.0;45.2;2.8;88.1;-;-3.4;12.7
SMA;188303;-;-;66;954.9;42.0;0.1;86.9;-;-12.6;17.0
SMA;188304;-;-;62;959.1;76.4;7.9;74.8;-;-1.0;22.8
SMA;188305;-;-;53;959.6;146.7;13.5;74.6;-;0.8;27.6
SMA;188306;-;-;64;961.4;168.2;15.8;82.5;-;6.0;30.0
SMA;188307;-;-;66;961.9;153.0;16.8;80.1;-;8.3;31.0
SMA;188308;-;-;38;965.2;48.9;16.6;79.5;-;5.4;31.1
SMA;188309;-;-;66;961.0;111.5;13.3;86.6;-;4.8;22.8
SMA;188310;-;-;66;964.2;112.3;7.6;90.0;-;-1.0;18.7
SMA;188311;-;-;71;962.8;82.0;4.3;88.3;-;-4.0;13.3
SMA;188312;-;-;81;965.2;78.0;-0.1;90.7;-;-14.0;7.5
SMA;188401;-;-;74;969.8;47.7;1.9;90.0;3018;-4.1;12.0
SMA;188402;-;-;66;963.8;51.7;2.2;86.7;4500;-6.0;12.8
SMA;188403;-;-;46;960.6;25.3;5.6;80.1;10212;-3.7;19.0
SMA;188404;-;-;69;953.0;51.9;7.6;80.3;7950;0.0;21.6
SMA;188405;-;-;45;963.2;105.4;14.3;72.2;13788;2.3;29.0
SMA;188406;-;-;66;961.5;142.8;13.3;80.5;9000;3.0;27.8
SMA;188407;-;-;49;963.9;172.1;19.1;77.4;14406;7.7;34.0
SMA;188408;-;-;36;963.9;129.5;17.9;80.1;15300;6.3;31.0
SMA;188409;-;-;51;965.5;86.4;13.9;87.8;10344;5.0;25.7
SMA;188410;-;-;78;965.0;43.1;8.2;85.8;4602;0.0;17.2
SMA;188411;-;-;76;966.8;22.7;1.7;93.6;2904;-9.0;11.6
SMA;188412;-;-;74;960.4;112.7;0.6;91.5;2292;-9.0;11.1
SMA;188501;-;-;80;960.6;8.0;-4.1;95.0;2220;-10.0;8.2
SMA;188502;-;-;62;960.0;83.9;3.7;89.0;5742;-5.0;14.2
SMA;188503;-;-;70;960.6;109.1;3.5;85.5;6168;-5.0;13.0
SMA;188504;-;-;49;953.8;46.2;9.7;73.5;11988;-1.6;24.6
SMA;188505;-;-;65;959.3;187.3;10.5;79.8;10596;0.0;30.5
SMA;188506;-;-;37;962.7;84.9;18.4;69.9;18606;5.8;30.5
SMA;188507;-;-;37;965.9;105.0;19.1;77.4;18006;10.0;30.0
SMA;188508;-;-;55;960.9;75.3;16.9;79.4;13314;6.5;30.0
SMA;188509;-;-;56;962.9;194.6;13.0;88.0;10446;0.0;27.0
SMA;188510;-;-;72;956.3;172.2;7.2;88.0;5880;-2.2;19.0
SMA;188511;-;-;87;960.2;76.8;4.2;90.4;2058;-3.3;15.5
SMA;188512;-;-;80;967.8;119.1;-0.3;94.3;2040;-14.0;12.8
SMA;188601;-;-;76;953.6;47.7;-1.7;91.2;2592;-10.3;6.0
SMA;188602;-;-;83;962.1;40.8;-2.4;92.5;1992;-8.0;9.0
SMA;188603;-;-;49;961.2;61.0;2.5;79.7;10422;-12.0;19.0
SMA;188604;-;-;56;958.6;108.5;10.0;74.9;10026;0.0;23.2
SMA;188605;-;-;41;961.8;72.2;13.5;68.2;16998;-0.2;30.2
SMA;188606;-;-;79;959.7;225.9;14.5;82.1;7332;7.0;28.7
SMA;188607;-;-;47;962.7;174.5;18.3;76.2;16236;6.7;33.3
SMA;188608;-;-;53;962.8;193.3;17.4;84.1;13452;8.0;31.0
SMA;188609;-;-;48;964.7;62.1;15.9;83.5;12180;2.9;30.0
SMA;188610;-;-;70;960.4;109.3;9.8;88.9;6492;0.0;21.1
SMA;188611;-;-;78;961.6;84.1;4.4;90.4;2526;-3.6;12.5
SMA;188612;-;-;81;955.0;145.9;0.9;88.0;2094;-10.1;11.8
SMA;188701;-;-;83;963.8;10.6;-4.0;91.9;2418;-10.0;4.0
SMA;188702;-;-;47;969.8;8.8;-1.7;83.4;8424;-13.0;9.0
SMA;188703;-;-;75;961.6;109.6;0.9;88.6;5178;-14.0;10.8
SMA;188704;-;-;48;958.7;63.2;8.3;70.3;12276;-4.0;23.8
SMA;188705;-;-;73;959.9;199.2;10.2;82.3;8051;1.0;25.2
SMA;188706;-;-;35;965.1;43.4;17.9;68.3;18666;4.5;31.1
SMA;188707;-;-;50;963.9;154.3;20.0;76.3;15833;8.3;32.0
SMA;188708;-;-;39;962.2;122.8;16.9;77.2;15983;5.0;31.0
SMA;188709;-;-;54;961.3;118.9;12.1;84.8;10506;0.0;25.1
SMA;188710;-;-;71;962.3;46.6;5.0;87.1;5334;-5.5;16.0
SMA;188711;-;-;78;954.2;44.2;2.2;92.2;3246;-5.0;10.0
SMA;188712;-;-;80;958.0;131.9;-1.4;87.5;1956;-17.7;12.0
SMA;188801;-;-;81;968.8;35.0;-3.1;90.8;3108;-18.0;6.6
SMA;188802;-;-;86;954.9;37.6;-1.1;86.6;1776;-;-
SMA;188803;-;-;71;951.9;137.9;2.8;80.8;6114;-;-
SMA;188804;-;-;75;956.3;149.8;6.5;82.1;6336;-3.0;23.0
SMA;188805;-;-;41;963.0;73.2;14.4;65.0;16944;1.8;30.2
SMA;188806;-;-;59;960.5;190.2;16.7;76.6;12858;7.0;34.5
SMA;188807;-;-;72;959.1;275.8;15.7;79.8;10956;7.7;31.0
SMA;188808;-;-;56;964.3;162.2;15.9;81.0;12264;7.7;31.3
SMA;188809;-;-;71;965.1;246.5;13.8;89.1;6486;6.0;25.0
SMA;188810;-;-;52;964.0;107.6;5.8;87.1;8898;-3.5;16.0
SMA;188811;-;-;80;961.2;56.1;4.2;87.6;3918;-3.2;15.6
SMA;188812;-;-;70;964.6;32.5;-1.3;93.4;3486;-8.0;9.6
SMA;188901;-;-;81;965.0;24.2;-2.5;89.9;2310;-9.5;8.7
SMA;188902;-;-;81;955.4;99.2;-1.5;88.1;2472;-15.5;12.0
SMA;188903;-;-;69;959.2;67.4;1.3;85.2;5910;-12.0;15.0
SMA;188904;-;-;70;953.0;76.0;7.3;76.3;8898;-1.5;22.3
SMA;188905;-;-;68;957.2;104.3;14.7;75.3;9504;4.4;30.4
SMA;188906;-;-;63;960.1;180.7;17.7;76.6;10272;10.4;31.5
SMA;188907;-;-;54;961.3;135.6;17.5;73.4;15390;8.6;33.0
SMA;188908;-;-;56;962.6;127.0;16.1;79.2;13056;6.5;30.5
SMA;188909;-;-;58;961.9;106.5;12.1;83.2;10188;0.0;28.5
SMA;188910;-;-;81;956.4;144.8;7.9;91.8;4110;0.5;17.0
SMA;188911;-;-;84;968.9;67.1;2.9;94.5;1770;-;13.5
SMA;188912;-;-;90;967.2;44.8;-2.4;87.9;1002;-;9.0
SMA;189001;-;-;70;963.6;112.6;0.7;91.8;3905;-7.5;-
SMA;189002;-;-;73;962.3;4.2;-3.4;90.2;4710;-11.5;-
SMA;189003;-;-;53;955.8;33.6;3.9;80.0;10266;-12.5;-
SMA;189004;-;-;61;952.0;123.9;7.8;74.6;10194;-2.0;-
SMA;189005;-;-;56;953.2;159.5;14.4;74.3;13404;4.5;-
SMA;189006;-;-;60;961.6;130.0;15.3;77.0;12930;5.5;-
SMA;189007;-;-;61;959.5;95.8;16.3;78.4;13008;7.0;-
SMA;189008;-;-;65;958.9;231.9;16.5;83.6;11532;4.5;-
SMA;189009;-;-;49;965.7;34.5;12.7;83.7;12264;4.0;-
SMA;189010;-;-;55;962.8;136.5;6.3;85.3;8334;-5.0;24.0
SMA;189011;-;-;83;956.5;59.7;3.1;83.2;2250;-9.5;13.5
SMA;189012;-;-;89;956.4;10.5;-5.6;82.9;954;-12.5;5.0
SMA;189101;-;-;68;961.5;31.9;-5.4;77.4;4644;-16.0;9.0
SMA;189102;-;-;33;971.6;10.8;-2.2;78.0;10272;-13.5;10.0
SMA;189103;-;-;64;953.9;83.8;3.7;69.4;7314;-7.5;15.0
SMA;189104;-;-;64;955.5;83.5;6.4;67.6;8994;-4.5;21.0
SMA;189105;-;-;64;953.3;97.1;12.7;68.2;9114;1.0;23.0
SMA;189106;-;-;55;959.0;124.3;16.4;64.5;12462;5.0;30.5
SMA;189107;-;-;64;959.7;250.0;16.6;70.1;10698;9.5;32.5
SMA;189108;-;-;55;959.2;158.2;16.1;69.9;12678;7.5;26.5
SMA;189109;-;-;43;963.2;91.1;14.4;77.6;13482;2.5;26.5
SMA;189110;-;-;52;956.9;59.3;9.7;80.7;8736;-6.0;20.0
SMA;189111;-;-;73;956.6;69.6;2.9;81.6;5226;-8.0;11.0
SMA;189112;-;-;74;964.4;139.7;1.4;79.8;4008;-12.5;11.5
SMA;189201;-;-;83;955.7;72.3;-1.2;81.9;1620;-11.0;9.5
SMA;189202;-;-;69;952.2;66.5;1.9;76.1;4224;-12.5;11.0
SMA;189203;-;-;54;955.4;41.1;1.4;71.5;9264;-13.0;18.0
SMA;189204;-;-;51;956.4;81.3;8.7;70.8;10980;-3.0;21.0
SMA;189205;-;-;52;958.8;27.3;13.5;61.8;13026;-0.5;30.2
SMA;189206;-;-;58;960.1;118.8;16.6;69.7;11208;6.0;30.0
SMA;189207;-;-;43;959.4;130.8;17.7;68.5;16043;8.5;29.0
SMA;189208;-;-;36;960.2;74.4;19.0;67.8;16884;7.5;32.5
SMA;189209;-;-;61;961.9;169.4;14.7;85.5;8964;5.5;25.0
SMA;189210;-;-;74;953.8;150.9;8.5;83.0;4458;-2.5;22.5
SMA;189211;-;-;79;962.5;46.5;5.8;90.5;2874;-3.5;17.5
SMA;189212;-;-;81;958.2;29.7;-1.5;85.5;2460;-9.5;10.5
SMA;189301;-;-;79;958.5;46.6;-5.9;85.8;2406;-20.0;8.5
SMA;189302;-;-;67;956.3;61.2;2.4;79.1;4440;-9.5;10.5
SMA;189303;-;-;34;963.2;29.5;5.9;67.0;13488;-6.5;17.5
SMA;189304;-;-;20;960.5;0.0;12.3;54.0;19254;-2.0;25.0
SMA;189305;-;-;53;958.9;113.8;13.1;71.0;13344;-1.0;25.5
SMA;189306;-;-;44;958.4;92.2;16.6;68.7;15900;4.5;28.5
SMA;189307;-;-;63;958.1;134.4;18.0;73.8;12396;10.0;29.0
SMA;189308;-;-;29;961.7;19.5;18.7;67.4;18858;7.0;31.0
SMA;189309;-;-;59;958.1;105.4;14.5;80.0;9588;4.0;26.5
SMA;189310;-;-;52;959.8;71.9;10.2;85.3;8046;0.0;19.5
SMA;189311;-;-;82;956.3;107.2;2.9;85.8;1944;-4.5;13.5
SMA;189312;-;-;79;962.9;20.6;-0.6;89.3;2358;-10.0;10.0
SMA;189401;-;-;71;959.7;31.1;-2.1;85.6;3378;-18.5;8.0
SMA;189402;-;-;57;964.2;41.0;1.4;79.0;5724;-13.0;13.0
SMA;189403;-;-;43;958.3;32.5;5.4;72.7;11664;-3.5;18.5
SMA;189404;-;-;49;955.2;64.5;11.1;66.6;12132;1.0;24.5
SMA;189405;-;-;66;954.8;112.8;12.1;79.1;10224;4.5;26.0
SMA;189406;-;-;51;960.6;59.7;15.7;72.1;13788;6.5;28.0
SMA;189407;-;-;49;959.6;172.5;18.5;70.6;15462;9.0;33.5
SMA;189408;-;-;52;960.7;127.6;16.8;76.5;11844;9.0;32.0
SMA;189409;-;-;61;960.4;128.9;12.6;78.6;8442;4.0;27.0
SMA;189410;-;-;68;957.4;116.7;9.4;82.2;5940;0.0;18.5
SMA;189411;-;-;83;961.8;23.2;4.5;86.4;2280;-5.0;15.5
SMA;189412;-;-;70;960.9;64.4;-0.5;83.4;3342;-8.0;7.5
SMA;189501;-;-;81;947.3;52.4;-4.6;83.1;2814;-18.0;9.5
SMA;189502;-;-;66;954.2;18.8;-7.0;80.2;5148;-17.5;4.0
SMA;189503;-;-;63;952.5;87.3;2.3;77.8;6798;-11.5;16.0
SMA;189504;-;-;52;955.6;76.8;9.8;69.9;11502;-1.0;23.5
SMA;189505;-;-;53;958.5;98.4;12.6;70.5;13884;0.5;27.0
SMA;189506;-;-;58;959.8;84.8;16.2;72.6;13254;5.5;31.5
SMA;189507;-;-;46;959.4;49.5;18.6;68.7;16704;7.5;34.5
SMA;189508;-;-;40;961.1;105.6;17.4;73.1;16103;7.5;30.0
SMA;189509;-;-;17;964.8;13.0;17.3;70.1;17208;5.0;32.5
SMA;189510;-;-;55;956.1;106.0;8.1;78.8;8202;-2.0;25.0
SMA;189511;-;-;74;960.9;88.0;6.5;85.7;3120;-3.5;22.0
SMA;189512;-;-;84;954.3;109.6;1.8;84.3;2316;-7.0;11.5
SMA;189601;-;-;73;967.7;22.9;-1.6;85.7;2874;-13.5;8.0
SMA;189602;-;-;72;967.5;10.2;-1.4;86.2;3990;-8.0;11.0
SMA;189603;-;-;68;955.8;118.5;7.0;72.8;6912;-2.5;21.0
SMA;189604;-;-;71;960.9;138.9;6.3;75.4;6534;-3.0;19.0
SMA;189605;-;-;55;958.8;90.8;11.3;69.8;12294;2.0;26.5
SMA;189606;-;-;57;957.9;106.4;16.5;73.3;11592;7.5;27.0
SMA;189607;-;-;52;959.9;143.4;18.0;73.7;14808;7.5;30.5
SMA;189608;-;-;70;958.8;119.6;14.9;78.9;8472;5.5;26.0
SMA;189609;-;-;66;957.5;159.2;13.8;81.5;9420;5.5;27.5
SMA;189610;-;-;64;954.3;120.0;8.0;84.5;6792;-1.0;21.5
SMA;189611;-;-;79;958.8;36.2;2.1;84.6;2724;-7.5;12.0
SMA;189612;-;-;89;955.6;45.4;0.2;88.9;570;-7.5;7.0
SMA;189701;-;-;82;952.7;19.1;-1.7;84.4;1440;-9.0;5.5
SMA;189702;-;-;68;964.6;128.7;4.5;80.2;4566;-3.0;16.0
SMA;189703;-;-;69;954.9;88.6;7.0;72.9;4986;-1.5;23.0
SMA;189704;-;-;71;955.0;87.5;8.6;73.9;7632;-1.0;24.5
SMA;189705;-;-;65;955.4;143.6;10.9;75.5;10152;0.0;27.0
SMA;189706;-;-;48;960.5;87.8;18.3;68.2;14916;5.5;32.0
SMA;189707;-;-;55;959.4;90.7;18.4;72.4;12888;9.5;32.0
SMA;189708;-;-;56;959.1;192.3;17.4;78.0;11994;8.0;30.5
SMA;189709;-;-;69;960.3;198.6;13.0;83.2;6882;3.0;26.5
SMA;189710;-;-;71;963.8;22.7;7.5;84.8;5532;-1.5;23.0
SMA;189711;-;-;72;966.5;11.1;3.3;85.6;4266;-8.0;15.5
SMA;189712;-;-;76;962.0;48.4;-0.1;84.6;2874;-9.0;13.0
SMA;189801;-;-;84;970.4;16.6;1.0;88.2;2340;-7.5;12.0
SMA;189802;-;-;67;957.9;102.8;1.2;75.8;4818;-11.0;12.5
SMA;189803;-;-;70;950.9;42.4;3.7;77.7;5622;-3.0;14.5
SMA;189804;-;-;58;956.1;101.9;8.9;74.2;8562;-1.0;21.0
SMA;189805;-;-;71;954.7;172.4;12.1;74.8;8166;2.0;27.0
SMA;189806;-;-;60;959.1;150.1;15.1;76.8;10188;3.5;30.5
SMA;189807;-;-;52;961.5;74.9;16.8;73.4;14280;6.5;31.5
SMA;189808;-;-;33;962.2;75.3;19.1;71.0;18276;7.0;34.0
SMA;189809;-;-;29;962.9;31.9;15.7;74.4;14550;2.5;31.5
SMA;189810;-;-;75;956.5;103.4;10.8;87.8;4218;3.5;21.0
SMA;189811;-;-;87;956.7;103.4;5.4;90.4;1668;-1.5;16.0
SMA;189812;-;-;76;966.6;54.1;1.1;86.9;3036;-10.5;9.5
SMA;189901;-;-;78;957.9;126.7;2.3;83.6;2232;-6.5;13.0
SMA;189902;-;-;35;959.2;23.8;3.4;72.8;10056;-9.0;18.5
SMA;189903;-;-;47;960.2;25.1;5.1;63.9;10074;-9.0;20.5
SMA;189904;-;-;72;955.9;159.0;8.2;74.1;7296;-2.5;22.0
SMA;189905;-;-;64;958.8;98.9;12.1;70.6;10392;1.0;26.0
SMA;189906;-;-;46;958.8;36.7;16.3;66.9;15438;6.0;29.0
SMA;189907;-;-;52;962.3;74.7;18.1;73.5;15138;8.5;33.5
SMA;189908;-;-;34;962.0;46.7;19.4;64.6;18672;6.5;33.0
SMA;189909;-;-;63;958.4;122.8;13.9;76.9;8118;3.5;31.0
SMA;189910;-;-;56;963.2;72.1;9.3;83.5;7811;-1.0;22.5
SMA;189911;-;-;68;967.8;15.7;4.3;85.2;4818;-5.0;21.5
SMA;189912;-;-;80;956.4;67.5;-2.2;82.8;2322;-14.5;12.0
SMA;190001;-;-;85;957.0;136.1;1.6;85.4;1776;-7.0;10.5
SMA;190002;-;-;79;949.1;69.0;3.3;79.8;2868;-5.0;19.5
SMA;190003;-;-;64;955.1;66.1;0.9;75.6;6156;-14.0;15.0
SMA;190004;-;-;58;958.0;71.4;7.7;71.3;9984;-4.0;23.5
SMA;190005;-;-;66;956.2;82.8;11.6;74.9;10704;0.0;28.0
SMA;190006;-;-;47;958.7;86.7;17.4;71.1;15156;9.0;29.0
SMA;190007;-;-;47;961.0;151.0;19.2;74.3;16146;8.5;33.5
SMA;190008;-;-;50;959.8;106.3;16.4;76.5;12036;8.5;28.5
SMA;190009;-;-;51;963.9;60.2;15.7;82.8;10038;9.0;25.5
SMA;190010;-;-;61;961.8;66.6;9.5;83.7;6762;2.0;25.0
SMA;190011;-;-;80;953.3;57.2;4.9;88.2;1967;-2.0;13.5
SMA;190012;-;-;85;962.7;91.9;2.4;89.1;2286;-4.0;12.0
SMA;190101;-;-;68;953.4;38.8;-1.9;81.7;4332;-13.5;9.5
SMA;190102;-;-;64;948.5;29.8;-4.1;77.9;5538;-17.0;12.0
SMA;190103;-;-;69;941.7;71.0;3.0;73.0;5670;-7.0;18.0
SMA;190104;-;-;57;948.3;193.8;9.0;71.8;10356;0.0;22.5
SMA;190105;-;-;40;949.7;23.8;13.9;62.0;16470;2.0;31.0
SMA;190106;-;-;56;951.9;163.9;16.8;70.1;13080;5.0;32.0
SMA;190107;-;-;46;950.7;93.8;18.6;71.7;15522;9.5;30.0
SMA;190108;-;-;48;952.8;99.0;16.5;77.7;13206;6.5;29.5
SMA;190109;-;-;71;948.3;109.7;14.2;85.1;6534;4.0;27.5
SMA;190110;-;-;78;948.5;68.3;8.6;84.8;3744;0.5;20.5
SMA;190111;-;-;80;954.2;42.8;1.7;81.4;2790;-5.5;14.5
SMA;190112;-;-;77;943.2;71.9;1.0;86.4;2508;-6.0;11.0
SMA;190201;-;-;73;956.0;55.3;1.2;82.4;3540;-6.5;10.5
SMA;190202;-;-;81;943.8;72.0;0.0;82.6;2550;-7.0;9.0
SMA;190203;-;-;52;947.4;77.2;4.8;72.5;8322;-4.0;19.5
SMA;190204;-;-;58;946.8;32.9;10.7;71.4;9048;-1.5;23.5
SMA;190205;-;-;73;948.5;152.8;8.8;74.3;6612;0.0;28.5
SMA;190206;-;-;53;948.9;127.3;15.3;68.5;12804;6.0;31.0
SMA;190207;-;-;45;952.4;141.5;18.2;69.7;16698;6.5;33.5
SMA;190208;-;-;55;950.9;178.1;16.6;78.3;11628;7.5;30.5
SMA;190209;-;-;58;952.6;97.0;13.7;82.3;8598;3.0;29.0
SMA;190210;-;-;77;950.3;108.2;8.4;84.5;3384;1.5;19.0
SMA;190211;-;-;78;948.7;19.0;2.7;86.0;3114;-7.0;14.0
SMA;190212;-;-;82;952.4;80.8;-0.8;84.7;2052;-11.0;10.5
SMA;190301;-;-;68;954.4;57.2;-0.6;82.3;4122;-10.0;12.5
SMA;190302;-;-;54;959.7;27.5;2.8;74.7;5850;-7.5;17.0
SMA;190303;-;-;49;951.8;54.6;6.1;69.7;9684;-4.0;21.0
SMA;190304;-;-;75;944.9;52.3;5.3;72.4;5160;-3.5;19.0
SMA;190305;-;-;45;947.5;47.7;13.2;64.7;15762;1.0;28.0
SMA;190306;-;-;67;948.5;96.2;14.9;72.8;9450;6.0;32.0
SMA;190307;-;-;60;951.2;159.0;16.6;73.9;11334;7.0;30.5
SMA;190308;-;-;45;952.3;168.9;17.1;73.6;14220;8.0;31.0
SMA;190309;-;-;48;953.4;70.1;14.2;80.5;11184;3.5;30.5
SMA;190310;-;-;63;948.2;121.7;10.1;79.5;7092;-1.5;25.5
SMA;190311;-;-;85;951.3;107.6;4.3;85.6;1812;-1.5;12.0
SMA;190312;-;-;86;944.1;27.7;-1.0;88.7;852;-8.5;8.5
SMA;190401;-;-;89;952.2;46.0;-1.7;90.3;1020;-10.5;10.5
SMA;190402;-;-;80;941.4;114.7;1.9;79.2;3000;-8.0;11.5
SMA;190403;-;-;74;946.4;54.4;4.4;80.1;5154;-4.5;17.5
SMA;190404;-;-;65;949.8;92.2;10.4;69.8;8028;-1.0;26.5
SMA;190405;-;-;53;951.8;126.1;14.1;70.6;12768;2.5;31.0
SMA;190406;-;-;50;951.5;115.4;17.0;70.7;13752;6.5;31.5
SMA;190407;-;-;32;953.2;36.5;20.5;64.0;18384;11.0;34.0
SMA;190408;-;-;42;952.9;81.8;18.7;65.5;15450;8.5;32.5
SMA;190409;-;-;71;951.9;99.7;12.3;81.8;5604;0.0;23.0
SMA;190410;-;-;75;952.8;60.0;9.1;86.0;3792;1.0;20.5
SMA;190411;-;-;67;952.4;63.1;2.8;83.8;4356;-8.5;14.5
SMA;190412;-;-;83;951.0;55.0;1.4;86.3;1728;-4.0;14.0
SMA;190501;-;-;67;958.5;50.8;-2.6;80.0;4530;-16.8;12.0
SMA;190502;-;-;61;955.0;26.6;1.4;77.4;5148;-8.0;9.5
SMA;190503;-;-;68;946.7;128.7;5.4;76.5;5220;-3.0;20.5
SMA;190504;-;-;67;945.7;123.2;8.7;72.3;9408;-2.5;21.5
SMA;190505;-;-;61;949.9;107.0;11.6;72.8;10644;2.5;28.0
SMA;190506;-;-;55;949.0;104.3;17.1;71.4;14334;8.5;32.0
SMA;190507;-;-;36;952.8;97.3;20.5;68.1;19800;9.0;36.0
SMA;190508;-;-;55;950.9;240.1;17.3;80.0;12084;7.5;31.5
SMA;190509;-;-;74;950.5;147.9;14.1;85.4;6498;8.0;28.0
SMA;190510;-;-;70;950.0;106.4;4.5;80.4;5028;-5.5;14.0
SMA;190511;-;-;79;943.5;82.7;3.6;84.1;2502;-5.0;23.0
SMA;190512;-;-;84;957.9;44.2;0.2;88.8;1752;-7.5;12.0
SMA;190601;-;-;70;954.0;68.9;0.5;77.9;4224;-10.8;13.0
SMA;190602;-;-;76;944.6;70.4;0.1;76.3;3144;-10.0;15.0
SMA;190603;-;-;55;948.4;87.3;3.5;69.0;9012;-5.5;20.5
SMA;190604;-;-;60;950.2;24.5;8.4;66.0;9600;-3.0;22.0
SMA;190605;-;-;60;946.9;154.0;13.5;71.5;12264;1.5;30.5
SMA;190606;-;-;55;952.3;97.6;15.1;71.3;13806;3.5;32.5
SMA;190607;-;-;52;952.1;177.8;18.1;76.2;14226;6.0;31.0
SMA;190608;-;-;37;953.9;58.9;17.9;72.9;17184;7.0;34.0
SMA;190609;-;-;42;955.1;23.6;13.5;72.9;12546;0.0;31.0
SMA;190610;-;-;55;950.0;29.3;11.1;82.7;9090;1.5;23.0
SMA;190611;-;-;76;950.5;47.8;5.4;83.5;2742;-2.0;15.5
SMA;190612;-;-;81;947.3;88.6;-1.8;82.9;1620;-18.5;8.5
SMA;190701;-;-;76;958.3;93.8;-1.3;82.8;3210;-18.0;11.0
SMA;190702;-;-;78;948.9;28.3;-1.8;78.8;3072;-11.2;10.0
SMA;190703;-;-;50;955.1;84.6;3.4;71.2;9786;-5.5;18.5
SMA;190704;-;-;67;942.2;103.8;7.0;73.6;7811;-2.0;20.5
SMA;190705;-;-;56;948.6;63.6;13.7;65.6;11940;0.5;30.5
SMA;190706;-;-;60;950.8;121.5;15.8;68.4;12690;5.4;30.0
SMA;190707;-;-;56;951.8;138.6;15.9;70.4;13860;6.2;30.0
SMA;190708;-;-;43;953.8;85.6;17.8;70.1;16428;6.7;31.0
SMA;190709;-;-;53;954.2;39.4;14.4;80.5;8982;5.6;26.5
SMA;190710;-;-;65;945.8;49.4;10.1;84.1;6282;2.6;25.0
SMA;190711;-;-;74;951.1;25.2;4.8;84.4;2862;-2.7;15.0
SMA;190712;-;-;73;947.2;116.8;2.7;83.7;3294;-6.6;12.7
SMA;190801;-;-;86;955.2;32.1;-3.1;87.8;2322;-13.7;10.0
SMA;190802;-;-;69;952.7;91.0;0.9;79.8;4260;-11.0;10.0
SMA;190803;-;-;68;947.0;45.1;3.3;74.7;6276;-6.2;16.0
SMA;190804;-;-;72;944.8;81.5;6.2;74.2;7422;-0.9;21.5
SMA;190805;-;-;56;952.5;123.9;14.6;69.0;13464;0.2;30.5
SMA;190806;-;-;43;951.4;84.7;18.4;66.4;16434;5.5;32.8
SMA;190807;-;-;53;951.6;175.4;17.6;71.8;15048;9.9;33.0
SMA;190808;-;-;57;951.6;79.9;15.8;69.8;14424;7.2;29.5
SMA;190809;-;-;65;954.0;145.9;13.0;82.1;7704;2.5;26.5
SMA;190810;-;-;50;955.3;11.9;8.6;83.7;9144;-3.4;24.0
SMA;190811;-;-;87;952.8;56.8;2.2;87.0;1482;-3.7;11.7
SMA;190812;-;-;82;949.6;54.8;-0.1;84.5;2472;-13.0;10.0
SMA;190901;-;-;76;954.5;35.1;-2.5;80.9;3078;-13.2;10.8
SMA;190902;-;-;59;950.2;24.0;-1.5;72.2;6564;-11.0;10.0
SMA;190903;-;-;62;938.5;69.2;2.4;73.7;6846;-10.5;16.9
SMA;190904;-;-;42;950.5;72.5;9.9;64.8;14298;-4.0;26.5
SMA;190905;-;-;46;952.2;48.5;12.2;65.9;16290;-1.2;30.0
SMA;190906;-;-;68;948.9;209.0;14.5;72.2;10668;5.2;31.0
SMA;190907;-;-;63;951.1;152.7;15.5;73.8;12156;7.1;30.5
SMA;190908;-;-;53;951.9;128.2;16.7;77.7;12960;6.7;30.6
SMA;190909;-;-;59;950.5;66.1;13.4;80.7;10278;5.0;27.0
SMA;190910;-;-;68;950.6;72.8;10.6;82.1;7512;0.7;25.5
SMA;190911;-;-;77;948.3;31.3;2.7;78.3;3714;-6.4;12.8
SMA;190912;-;-;85;944.5;112.5;2.3;82.5;2358;-4.8;16.0
SMA;191001;-;-;81;949.3;176.3;0.9;83.3;2904;-10.0;10.5
SMA;191002;-;-;65;946.1;72.7;2.1;74.4;6468;-9.0;16.2
SMA;191003;-;-;60;952.0;33.2;4.7;74.2;8946;-4.8;17.8
SMA;191004;-;-;67;946.0;93.2;7.8;73.5;8928;-4.5;23.0
SMA;191005;-;-;69;945.2;168.1;11.5;72.2;10038;-0.5;29.0
SMA;191006;-;-;62;948.1;203.6;16.3;72.4;11520;8.0;29.5
SMA;191007;-;-;62;948.8;155.4;16.0;74.2;12930;8.0;31.7
SMA;191008;-;-;57;951.4;172.7;16.7;77.7;13008;7.6;32.0
SMA;191009;-;-;72;953.7;102.1;11.7;84.6;6456;3.2;23.5
SMA;191010;-;-;70;952.0;27.6;9.9;87.1;6060;1.7;23.5
SMA;191011;-;-;78;942.5;170.6;3.5;81.9;2802;-4.5;16.0
SMA;191012;-;-;85;946.1;85.4;2.7;85.6;1566;-5.0;12.0
SMA;191101;-;-;76;957.3;27.8;-3.7;85.0;3348;-12.0;5.4
SMA;191102;-;-;65;956.7;58.7;1.2;73.5;6144;-12.4;14.2
SMA;191103;-;-;60;945.5;54.4;4.9;72.7;8772;-3.5;22.5
SMA;191104;-;-;56;948.8;44.3;7.9;66.1;11472;-4.5;24.5
SMA;191105;-;-;63;947.5;68.2;13.3;73.0;11826;1.5;26.0
SMA;191106;-;-;58;952.1;115.6;15.6;71.2;13164;6.7;29.0
SMA;191107;-;-;24;954.9;39.6;20.8;61.3;22242;8.2;36.0
SMA;191108;-;-;32;952.0;57.3;20.9;61.1;18888;9.8;33.4
SMA;191109;-;-;49;953.2;99.6;16.2;73.2;12228;6.0;32.5
SMA;191110;-;-;71;950.3;54.2;9.3;84.3;5862;-0.5;20.0
SMA;191111;-;-;74;947.2;44.5;5.9;84.0;4986;-1.7;18.2
SMA;191112;-;-;84;949.9;71.2;2.9;85.6;2340;-3.0;13.0
SMA;191201;-;-;77;949.3;79.8;0.5;87.1;3012;-10.0;10.5
SMA;191202;-;-;60;945.4;44.1;4.3;74.3;7236;-14.4;18.0
SMA;191203;-;-;63;948.0;81.2;7.3;71.4;8118;-3.0;22.5
SMA;191204;-;-;57;950.6;43.0;7.8;66.0;10968;-3.0;21.0
SMA;191205;-;-;57;950.3;131.4;13.7;68.9;12252;-0.8;31.5
SMA;191206;-;-;61;949.2;178.4;16.1;71.3;12174;7.0;30.0
SMA;191207;-;-;53;950.1;91.5;17.0;75.0;11928;8.2;29.8
SMA;191208;-;-;73;949.0;195.6;14.2;78.9;7194;7.4;27.5
SMA;191209;-;-;72;953.4;50.5;9.1;80.1;5550;1.0;20.5
SMA;191210;-;-;82;950.8;164.4;7.5;83.1;4656;-1.3;22.0
SMA;191211;-;-;68;950.4;50.4;2.0;81.1;3942;-4.7;12.0
SMA;191212;-;-;76;955.8;43.4;1.3;88.8;3420;-5.5;14.0
SMA;191301;-;-;83;949.8;70.9;0.8;86.6;2208;-5.0;8.9
SMA;191302;-;-;40;955.2;19.3;1.0;73.1;8820;-8.2;12.8
SMA;191303;-;-;50;952.0;87.3;7.0;71.1;9048;-5.5;22.5
SMA;191304;-;-;63;945.6;63.8;8.2;70.9;8598;-6.5;26.5
SMA;191305;-;-;54;948.6;64.5;12.6;70.7;11628;0.5;29.0
SMA;191306;-;-;64;954.2;148.8;15.4;70.9;9948;7.0;29.8
SMA;191307;-;-;66;950.2;108.8;14.8;75.3;9618;6.0;28.5
SMA;191308;-;-;51;951.5;133.5;15.9;76.6;13656;7.5;28.8
SMA;191309;-;-;66;950.2;104.6;13.1;83.7;6930;4.8;27.3
SMA;191310;-;-;63;950.5;19.9;10.0;85.7;6294;0.4;20.4
SMA;191311;-;-;82;952.7;102.7;7.2;85.2;1824;0.4;17.7
SMA;191312;-;-;75;952.8;61.7;1.4;80.8;2682;-6.5;11.0
SMA;191401;-;-;87;952.6;74.5;-3.9;83.8;1752;-12.0;7.5
SMA;191402;-;-;54;949.4;33.0;2.0;81.7;6012;-11.8;15.6
SMA;191403;-;-;70;944.7;163.1;5.4;72.8;5886;-2.5;19.2
SMA;191404;-;-;45;952.9;62.7;10.9;60.8;12648;0.5;24.6
SMA;191405;-;-;75;951.2;191.3;10.8;75.1;5982;0.6;28.4
SMA;191406;-;-;56;950.0;141.8;14.7;71.1;12246;3.0;29.3
SMA;191407;-;-;59;949.1;106.7;16.4;72.5;11448;7.7;31.0
SMA;191408;-;-;47;952.7;139.0;17.1;77.2;13632;8.5;31.0
SMA;191409;-;-;55;953.6;86.1;13.3;76.3;10002;2.2;28.2
SMA;191410;-;-;62;949.3;30.9;8.5;81.2;6528;-1.3;19.0
SMA;191411;-;-;75;947.9;46.9;3.1;84.6;3180;-7.2;14.7
SMA;191412;-;-;69;946.8;56.9;3.1;81.7;4068;-4.8;16.2
SMA;191501;-;-;83;939.6;81.5;0.6;82.2;2124;-12.0;11.3
SMA;191502;-;-;70;944.2;68.3;0.8;87.3;4122;-8.4;11.8
SMA;191503;-;-;76;946.7;75.2;3.1;78.7;4350;-6.6;18.0
SMA;191504;-;-;61;948.8;101.5;7.2;74.2;9066;-1.1;23.6
SMA;191505;-;-;61;948.3;95.0;15.0;71.0;10512;4.5;27.7
SMA;191506;-;-;52;950.2;90.9;18.2;66.0;14724;7.4;30.3
SMA;191507;-;-;55;951.2;152.6;16.6;71.9;13290;6.7;29.7
SMA;191508;-;-;54;951.8;110.0;15.8;76.3;13530;6.0;29.5
SMA;191509;-;-;59;951.1;80.7;11.9;80.3;8382;4.3;25.7
SMA;191510;-;-;79;949.7;20.5;6.7;85.2;2418;-2.0;17.0
SMA;191511;-;-;77;947.1;89.9;1.7;82.1;3168;-11.0;13.5
SMA;191512;-;-;82;946.0;116.4;4.9;83.1;1734;-7.7;16.8
SMA;191601;-;-;74;959.2;61.0;3.7;83.1;3450;-4.5;13.0
SMA;191602;-;-;72;945.5;96.6;2.4;78.7;4242;-6.0;12.9
SMA;191603;-;-;71;938.6;71.5;5.1;78.9;4542;-7.9;18.2
SMA;191604;-;-;61;946.1;79.6;8.5;76.4;9666;-1.4;23.2
SMA;191605;-;-;54;949.1;67.6;13.9;70.0;12186;3.0;28.5
SMA;191606;-;-;70;948.9;200.3;13.5;76.7;8934;4.4;29.5
SMA;191607;-;-;63;951.0;136.5;16.8;77.9;11958;8.5;28.3
SMA;191608;-;-;49;950.5;115.3;16.6;76.1;12684;7.8;30.5
SMA;191609;-;-;66;949.7;84.1;11.9;82.1;7482;3.0;26.0
SMA;191610;-;-;65;952.4;135.5;9.1;83.2;6756;-1.4;25.0
SMA;191611;-;-;79;947.6;67.9;4.2;85.2;2340;-4.5;18.5
SMA;191612;-;-;86;941.1;110.9;2.2;84.8;1680;-5.2;10.7
SMA;191701;-;-;88;942.4;23.7;-1.8;81.6;1536;-11.0;10.0
SMA;191702;-;-;61;950.3;12.7;-2.1;82.1;5556;-13.0;11.5
SMA;191703;-;-;73;942.9;84.2;2.1;74.3;4776;-5.5;17.0
SMA;191704;-;-;68;947.0;70.1;5.0;71.3;7206;-1.8;22.5
SMA;191705;-;-;53;949.1;72.9;16.0;66.5;13284;5.3;30.0
SMA;191706;-;-;43;953.0;103.0;18.4;66.2;16740;7.6;30.6
SMA;191707;-;-;57;952.9;204.4;17.4;73.2;12480;8.0;31.7
SMA;191708;-;-;58;949.2;189.4;16.6;75.4;11784;8.8;30.4
SMA;191709;-;-;41;955.0;59.2;16.1;79.1;12354;7.0;28.5
SMA;191710;-;-;78;948.0;171.9;7.7;79.3;4344;-2.5;23.0
SMA;191711;-;-;79;954.7;64.7;4.4;82.5;2964;-1.7;13.8
SMA;191712;-;-;73;951.6;18.2;-3.9;80.6;2772;-14.5;9.0
SMA;191801;-;-;69;953.3;62.1;0.0;80.3;4482;-16.0;13.5
SMA;191802;-;-;62;958.8;33.0;1.0;77.7;5064;-9.2;14.5
SMA;191803;-;-;47;949.1;49.1;4.7;72.8;10812;-6.5;20.0
SMA;191804;-;-;71;943.1;63.3;8.5;76.1;5106;0.4;23.5
SMA;191805;-;-;50;950.1;42.4;14.4;67.6;13908;5.0;28.0
SMA;191806;-;-;59;951.4;170.4;13.5;70.0;13200;3.8;27.5
SMA;191807;-;-;48;951.5;77.8;17.4;72.0;15270;8.0;35.5
SMA;191808;-;-;46;952.9;79.8;17.0;72.0;13554;5.0;33.5
SMA;191809;-;-;63;949.6;175.9;14.0;79.9;8604;4.0;26.5
SMA;191810;-;-;71;950.6;48.7;7.3;85.3;4902;-0.5;19.5
SMA;191811;-;-;75;952.0;28.7;3.5;85.3;2964;-5.3;14.5
SMA;191812;-;-;81;950.2;180.3;3.8;86.2;2148;-4.0;14.5
SMA;191901;-;-;83;945.4;22.8;0.7;82.2;2208;-6.7;14.5
SMA;191902;-;-;73;943.8;74.4;-0.2;81.3;4128;-15.5;13.0
SMA;191903;-;-;72;945.0;144.9;4.4;79.6;5760;-6.4;18.3
SMA;191904;-;-;74;947.3;106.9;5.3;76.2;6384;-3.4;18.5
SMA;191905;-;-;41;951.4;37.5;12.7;62.7;16866;0.3;26.4
SMA;191906;-;-;49;954.0;95.6;16.4;63.5;15264;6.0;31.2
SMA;191907;-;-;64;950.9;135.4;14.8;74.4;11262;5.3;28.8
SMA;191908;-;-;35;953.4;40.8;18.9;66.0;16524;5.8;32.8
SMA;191909;-;-;41;952.2;39.0;15.9;76.6;12552;3.5;30.5
SMA;191910;-;-;71;952.0;66.2;6.0;82.9;4758;-3.8;20.8
SMA;191911;-;-;78;943.4;105.2;2.4;84.1;2664;-7.0;12.8
SMA;191912;-;-;85;949.0;178.7;1.8;86.2;1548;-10.3;14.2
SMA;192001;-;-;74;951.2;79.5;3.0;83.1;3828;-4.5;15.7
SMA;192002;-;-;45;958.5;15.2;3.0;75.1;8652;-6.5;13.3
SMA;192003;-;-;52;950.1;38.5;6.6;73.2;9900;-6.5;22.8
SMA;192004;-;-;73;946.3;68.8;9.3;74.7;5760;0.5;23.2
SMA;192005;-;-;61;953.6;95.2;15.4;72.7;10908;0.7;30.2
SMA;192006;-;-;62;950.6;67.6;15.7;73.4;10812;5.8;29.7
SMA;192007;-;-;50;952.4;122.9;17.5;73.5;14880;7.0;33.0
SMA;192008;-;-;56;952.5;92.1;15.5;76.0;12222;6.0;30.0
SMA;192009;-;-;68;952.3;87.1;14.0;82.7;6942;7.0;25.5
SMA;192010;-;-;70;949.5;1.5;8.5;82.2;4506;-5.5;21.6
SMA;192011;-;-;74;954.3;6.6;2.1;82.5;2898;-4.8;17.3
SMA;192012;-;-;90;950.1;59.6;0.7;85.0;648;-10.6;15.0
SMA;192101;-;-;74;954.2;53.2;4.1;81.3;3354;-5.2;13.0
SMA;192102;-;-;49;954.9;10.2;1.1;81.2;7002;-5.4;11.5
SMA;192103;-;-;37;954.2;26.2;6.2;68.6;12990;-5.2;21.2
SMA;192104;-;-;63;948.3;68.4;7.7;73.8;7746;-1.5;22.2
SMA;192105;-;-;59;948.6;76.0;14.2;74.1;11004;1.3;27.2
SMA;192106;-;-;53;952.1;98.2;16.2;68.0;13752;6.0;30.5
SMA;192107;-;-;38;952.8;50.3;20.0;61.2;18390;9.4;37.2
SMA;192108;-;-;50;950.1;96.8;17.3;71.2;13722;7.4;34.6
SMA;192109;-;-;42;954.4;90.2;15.5;78.5;12018;2.0;28.5
SMA;192110;-;-;49;956.8;42.1;11.5;84.4;9240;-2.0;24.8
SMA;192111;-;-;87;951.6;61.0;0.9;87.0;2202;-5.7;13.4
SMA;192112;-;-;86;953.6;43.4;1.0;87.2;1722;-9.3;13.2
SMA;192201;-;-;85;945.7;107.6;-0.3;87.6;1932;-11.5;11.5
SMA;192202;-;-;65;951.0;106.5;0.2;85.4;5040;-16.2;17.6
SMA;192203;-;-;65;945.4;73.7;5.1;78.3;6840;-4.3;19.7
SMA;192204;-;-;76;943.1;176.2;6.5;75.0;5280;-1.8;26.7
SMA;192205;-;-;42;954.5;69.3;15.0;62.3;15876;1.8;32.0
SMA;192206;-;-;58;950.6;141.7;16.7;70.8;12606;7.2;29.5
SMA;192207;-;-;57;951.8;148.4;16.4;72.9;13614;6.5;33.3
SMA;192208;-;-;52;951.2;139.1;16.8;74.7;13302;7.0;30.7
SMA;192209;-;-;70;949.7;94.2;11.7;81.6;6078;3.5;26.5
SMA;192210;-;-;87;947.9;138.3;6.8;86.6;2286;-0.2;22.6
SMA;192211;-;-;79;954.6;82.8;2.6;82.9;3624;-6.5;12.2
SMA;192212;-;-;88;949.9;80.5;1.0;87.1;1404;-8.0;9.0
SMA;192301;-;-;84;955.3;43.0;0.1;83.3;1740;-9.2;7.2
SMA;192302;-;-;84;943.3;80.0;3.7;81.5;2922;-2.2;11.0
SMA;192303;-;-;71;949.7;40.2;5.2;79.9;5952;-2.9;19.6
SMA;192304;-;-;62;942.8;86.3;8.4;74.0;9210;-1.0;24.0
SMA;192305;-;-;56;950.0;93.6;12.7;71.0;14070;1.6;29.8
SMA;192306;-;-;71;952.8;86.6;12.4;75.8;9558;4.1;27.0
SMA;192307;-;-;43;953.2;71.8;19.8;69.1;18078;9.7;34.8
SMA;192308;-;-;39;952.0;63.5;17.8;71.7;16902;7.3;35.6
SMA;192309;-;-;48;953.8;73.1;13.9;80.8;11526;4.0;29.0
SMA;192310;-;-;74;948.7;132.7;11.2;84.5;6120;0.0;26.0
SMA;192311;-;-;81;944.8;117.1;3.8;85.8;3408;-5.3;13.8
SMA;192312;-;-;90;948.0;147.3;0.5;85.5;1434;-11.0;7.7
SMA;192401;-;-;82;951.3;34.8;-1.7;89.0;2472;-9.2;8.7
SMA;192402;-;-;86;946.2;25.1;-1.7;80.9;2232;-11.2;8.0
SMA;192403;-;-;57;945.9;50.0;4.1;72.2;9216;-5.8;19.0
SMA;192404;-;-;81;946.4;130.5;8.5;73.5;7206;-0.8;26.7
SMA;192405;-;-;69;950.8;122.3;14.0;75.4;10860;2.2;29.7
SMA;192406;-;-;61;951.2;167.5;15.4;77.7;12084;7.0;28.0
SMA;192407;-;-;56;950.6;129.4;17.3;75.2;13014;7.7;32.3
SMA;192408;-;-;76;950.1;171.7;14.2;79.0;8610;4.0;31.6
SMA;192409;-;-;65;950.4;40.7;14.0;79.2;8814;5.0;29.0
SMA;192410;-;-;69;951.6;77.0;9.8;81.3;6378;3.3;20.5
SMA;192411;-;-;87;953.3;10.8;3.8;83.3;2562;-5.5;21.7
SMA;192412;-;-;89;954.6;23.4;0.6;88.2;1752;-7.3;10.5
SMA;192501;-;-;75;962.4;55.2;1.9;82.4;3804;-5.4;15.6
SMA;192502;-;-;63;946.9;43.8;3.8;75.4;6426;-2.0;18.3
SMA;192503;-;-;78;949.4;33.1;1.7;76.5;5082;-9.2;15.0
SMA;192504;-;-;70;945.7;99.0;8.7;76.1;8004;0.7;23.6
SMA;192505;-;-;58;947.5;59.4;13.3;68.2;11586;0.3;28.3
SMA;192506;-;-;48;951.0;66.3;16.6;61.6;16584;6.7;31.6
SMA;192507;-;-;65;950.3;159.0;17.4;73.4;12810;8.2;32.6
SMA;192508;-;-;62;951.8;123.4;16.6;79.6;11760;7.3;33.8
SMA;192509;-;-;71;951.6;125.4;11.6;79.5;8820;2.5;26.0
SMA;192510;-;-;72;950.5;29.6;9.6;83.2;5670;-2.5;22.7
SMA;192511;-;-;92;946.4;64.2;2.5;82.5;1026;-9.6;21.0
SMA;192512;-;-;84;947.6;140.3;1.0;77.7;2880;-13.8;16.0
SMA;192601;-;-;72;950.3;70.9;0.4;81.9;4164;-12.5;11.0
SMA;192602;-;-;73;949.3;38.5;5.4;84.8;4530;-1.7;15.0
SMA;192603;-;-;76;950.7;62.1;5.2;79.1;5490;-3.5;19.5
SMA;192604;-;-;58;947.4;45.2;10.4;69.0;11142;0.6;28.4
SMA;192605;-;-;72;945.7;178.9;11.2;76.6;8574;-0.3;29.6
SMA;192606;-;-;67;948.9;168.0;13.6;79.5;10398;5.2;28.3
SMA;192607;-;-;69;951.2;126.2;17.1;75.7;10560;8.9;31.5
SMA;192608;-;-;45;954.2;51.0;17.1;76.4;15186;8.0;30.6
SMA;192609;-;-;46;955.3;43.8;16.1;80.1;13290;4.5;30.0
SMA;192610;-;-;69;947.9;113.7;9.7;83.1;6186;-1.6;23.2
SMA;192611;-;-;77;945.3;43.6;5.6;89.0;4055;-5.0;21.2
SMA;192612;-;-;88;954.5;28.6;-0.5;89.1;924;-9.4;7.6
SMA;192701;-;-;89;948.7;80.9;1.0;88.4;1632;-5.5;8.1
SMA;192702;-;-;71;953.2;72.7;0.5;82.9;4890;-8.8;13.6
SMA;192703;-;-;67;946.4;115.9;5.6;76.6;7182;-2.7;19.0
SMA;192704;-;-;77;949.2;109.2;9.1;71.5;8874;-1.0;24.6
SMA;192705;-;-;60;950.1;79.7;13.6;69.7;14862;1.6;27.4
SMA;192706;-;-;59;950.3;131.9;15.9;71.3;14436;5.5;31.0
SMA;192707;-;-;61;949.7;133.0;17.9;74.5;14328;8.5;32.6
SMA;192708;-;-;62;951.5;202.0;16.4;78.3;12738;6.4;32.6
SMA;192709;-;-;68;948.8;155.0;14.1;83.2;8706;5.3;28.0
SMA;192710;-;-;61;953.4;29.3;8.8;79.6;8202;0.8;20.6
SMA;192711;-;-;83;949.6;48.3;4.3;85.8;3060;-5.7;19.2
SMA;192712;-;-;90;944.9;32.9;-0.5;85.5;1548;-16.8;12.4
SMA;192801;-;-;85;952.9;52.5;2.5;81.2;2256;-6.0;10.2
SMA;192802;-;-;57;956.5;72.5;3.3;75.3;7452;-6.5;12.0
SMA;192803;-;-;64;945.2;50.4;5.0;74.4;8034;-5.2;19.8
SMA;192804;-;-;63;944.0;78.8;8.7;70.6;10008;-0.6;25.5
SMA;192805;-;-;68;945.6;120.4;10.7;73.3;10824;0.0;28.0
SMA;192806;-;-;59;951.5;81.0;16.3;70.2;14856;5.7;31.5
SMA;192807;-;-;38;954.3;25.4;21.1;62.9;20592;10.8;36.4
SMA;192808;-;-;57;952.0;143.4;18.4;73.4;13110;9.0;33.5
SMA;192809;-;-;62;952.5;85.1;13.9;84.3;8640;2.5;29.0
SMA;192810;-;-;65;950.6;60.8;9.1;84.3;7152;-1.2;22.0
SMA;192811;-;-;82;946.6;120.8;6.0;87.0;2994;-0.4;16.3
SMA;192812;-;-;86;950.9;79.6;0.6;89.5;2010;-7.4;10.3
SMA;192901;-;-;82;954.3;34.6;-4.5;86.9;2646;-14.8;7.4
SMA;192902;-;-;64;949.6;18.6;-6.7;79.3;6330;-24.2;10.5
SMA;192903;-;-;52;956.7;25.2;4.3;74.1;11118;-10.6;19.4
SMA;192904;-;-;73;946.1;118.1;6.2;70.0;8166;-6.3;24.6
SMA;192905;-;-;57;949.1;57.2;13.7;70.6;12552;3.7;30.6
SMA;192906;-;-;64;951.5;129.4;17.0;69.4;13050;7.5;29.7
SMA;192907;-;-;48;953.4;123.0;18.8;69.6;17502;8.0;35.2
SMA;192908;-;-;55;952.5;87.6;17.4;80.0;12840;8.0;30.5
SMA;192909;-;-;36;954.7;64.2;17.1;73.5;14346;3.0;31.6
SMA;192910;-;-;74;948.5;112.3;10.3;80.2;5562;-0.6;26.2
SMA;192911;-;-;80;948.1;39.2;4.6;86.6;3738;-3.0;14.4
SMA;192912;-;-;76;950.7;110.8;3.8;79.1;3570;-9.0;14.8
SMA;193001;-;-;78;949.4;33.3;1.8;91.0;3954;-3.1;12.2
SMA;193002;-;-;67;947.9;17.9;0.4;81.9;5700;-8.5;13.7
SMA;193003;-;-;66;946.6;74.1;5.6;79.9;7092;-3.0;18.5
SMA;193004;-;-;72;941.1;168.3;9.5;74.3;8574;0.5;26.3
SMA;193005;-;-;78;948.9;181.7;12.0;76.4;8442;2.7;27.5
SMA;193006;-;-;61;950.4;80.6;19.2;71.4;16152;11.0;30.5
SMA;193007;-;-;74;948.7;250.9;16.8;76.5;11238;7.2;32.8
SMA;193008;-;-;59;952.7;129.0;17.1;79.4;12774;7.5;31.5
SMA;193009;-;-;73;951.1;69.7;14.8;82.8;7398;6.9;29.0
SMA;193010;-;-;79;949.9;143.0;9.4;84.9;4512;2.6;19.6
SMA;193011;-;-;78;950.6;117.2;7.2;79.1;4854;-3.3;19.2
SMA;193012;-;-;83;948.5;46.7;1.6;86.1;2334;-5.4;11.3
SMA;193101;-;1;78;947.3;98.0;0.4;86.2;2850;-10.7;12.5
SMA;193102;-;11;84;945.9;89.0;-0.4;82.8;3414;-10.9;9.9
SMA;193103;-;12;59;945.4;128.7;1.5;68.1;10020;-8.5;16.4
SMA;193104;-;0;67;945.8;84.9;7.8;71.8;9282;-4.6;21.5
SMA;193105;-;0;63;946.9;119.6;15.5;70.0;13062;2.4;32.4
SMA;193106;-;0;51;952.6;137.5;18.4;71.0;16740;7.4;35.6
SMA;193107;-;0;70;949.8;187.5;17.2;76.9;12198;8.3;32.4
SMA;193108;-;0;70;948.6;166.0;15.7;82.3;10008;6.4;30.6
SMA;193109;-;0;72;952.4;91.8;10.1;83.3;6714;-0.3;24.4
SMA;193110;-;0;55;953.2;65.5;8.2;80.0;10002;-0.9;22.9
SMA;193111;-;0;77;948.9;17.5;5.4;87.1;4158;-1.9;16.4
SMA;193112;-;0;79;956.9;53.5;-0.3;84.3;3690;-11.0;12.4
SMA;193201;-;0;84;960.1;50.5;0.5;90.0;2100;-10.4;11.5
SMA;193202;-;1;51;954.7;8.1;-2.8;77.8;8688;-16.0;8.5
SMA;193203;-;2;57;946.8;105.6;2.4;74.2;9072;-9.0;17.1
SMA;193204;-;0;67;944.3;69.9;7.6;69.7;9930;-1.8;24.2
SMA;193205;-;0;73;947.0;124.1;12.2;73.1;10116;2.4;30.4
SMA;193206;-;0;66;949.9;94.9;15.4;70.8;12570;6.3;29.3
SMA;193207;-;0;73;948.5;238.1;17.1;78.2;9654;8.9;30.0
SMA;193208;-;0;51;954.1;95.3;19.6;75.1;15552;11.1;34.0
SMA;193209;-;0;67;950.5;47.5;17.1;77.4;9288;9.8;29.3
SMA;193210;-;0;76;945.8;97.3;9.7;77.5;5682;1.0;20.0
SMA;193211;-;0;88;952.9;47.1;5.1;84.9;2448;0.1;14.8
SMA;193212;-;0;88;954.8;13.2;0.4;88.4;2310;-4.1;8.0
SMA;193301;-;2;82;952.9;41.0;-2.6;82.1;2358;-11.1;6.9
SMA;193302;-;2;69;948.7;59.1;1.0;77.7;5814;-10.3;16.2
SMA;193303;-;0;58;950.7;45.4;5.9;74.2;10344;-2.6;20.1
SMA;193304;-;0;65;951.0;71.3;9.3;68.6;9702;-1.2;23.6
SMA;193305;-;0;75;948.4;198.4;11.5;75.6;9306;4.0;25.2
SMA;193306;-;0;71;945.9;190.2;13.9;73.7;11016;5.9;27.2
SMA;193307;-;0;49;954.1;94.8;19.1;70.9;17268;7.4;33.5
SMA;193308;-;0;43;953.1;61.0;19.0;71.2;16650;8.5;34.6
SMA;193309;-;0;59;951.3;83.4;14.9;78.7;10614;5.5;25.9
SMA;193310;-;0;70;948.8;110.3;9.9;82.5;6348;0.3;25.9
SMA;193311;-;0;86;943.8;69.4;3.4;83.9;2082;-2.4;13.0
SMA;193312;-;1;95;948.1;7.7;-3.8;82.8;978;-13.3;5.3
SMA;193401;-;2;94;955.9;77.6;-0.2;84.1;1164;-8.9;9.4
SMA;193402;-;2;48;957.6;8.7;0.3;75.0;8160;-12.0;14.0
SMA;193403;-;0;69;941.4;52.6;4.7;77.1;7170;-3.4;18.4
SMA;193404;-;0;51;943.6;23.0;11.8;63.8;13596;-1.6;31.3
SMA;193405;-;0;52;950.9;43.0;15.2;64.2;15456;5.5;27.5
SMA;193406;-;0;59;950.1;162.9;16.7;67.6;13452;8.3;31.6
SMA;193407;-;0;47;950.9;98.2;19.1;66.9;17604;10.5;33.6
SMA;193408;-;0;68;949.1;179.5;16.5;77.6;10308;7.6;31.4
SMA;193409;-;0;54;953.4;122.2;16.0;81.1;11412;6.1;29.5
SMA;193410;-;0;68;952.7;102.2;9.6;79.5;7764;0.5;25.0
SMA;193411;-;0;75;949.5;23.4;3.1;82.5;4452;-3.6;14.0
SMA;193412;-;0;94;945.2;75.7;4.5;86.1;1170;-1.5;13.5
SMA;193501;-;5;85;952.1;45.2;-1.6;75.6;2730;-10.5;6.9
SMA;193502;-;0;80;944.8;166.6;2.4;69.5;4068;-10.9;13.8
SMA;193503;-;0;56;952.7;32.8;3.8;66.3;10896;-11.1;20.5
SMA;193504;-;0;79;945.3;136.9;7.7;67.5;6090;-1.3;24.8
SMA;193505;-;0;65;947.4;105.0;11.7;67.7;12750;-0.2;24.5
SMA;193506;-;0;54;951.8;88.5;18.5;65.4;16662;7.6;34.0
SMA;193507;-;0;44;953.0;75.8;19.8;60.5;18198;9.2;32.8
SMA;193508;-;0;53;950.4;94.9;16.8;73.5;12804;7.7;32.1
SMA;193509;-;0;51;951.8;100.9;15.0;74.2;12738;4.1;28.4
SMA;193510;-;0;88;948.0;190.4;9.3;82.7;3006;0.4;22.1
SMA;193511;-;0;76;946.4;50.8;5.5;79.7;4704;-3.0;15.9
SMA;193512;-;11;87;940.0;119.4;-0.4;83.3;1746;-9.1;10.3
SMA;193601;-;0;81;942.1;75.2;4.2;77.5;2832;-2.7;12.7
SMA;193602;-;0;76;941.2;50.5;1.7;77.5;4824;-11.7;14.4
SMA;193603;-;0;60;945.1;33.5;6.8;69.2;9948;-2.6;21.2
SMA;193604;-;0;80;943.7;164.4;8.2;72.1;5838;-1.2;22.0
SMA;193605;-;0;61;945.5;101.4;13.6;69.8;12768;4.8;26.3
SMA;193606;-;0;77;950.1;161.9;16.0;72.4;10146;4.1;31.1
SMA;193607;-;0;68;950.3;231.8;16.9;72.8;10722;10.1;32.1
SMA;193608;-;0;51;953.8;80.6;17.0;72.9;14814;9.7;29.3
SMA;193609;-;0;72;951.9;183.7;14.2;79.4;7104;1.8;30.3
SMA;193610;-;0;73;951.4;76.6;6.5;76.9;6534;0.0;17.8
SMA;193611;-;0;86;949.3;54.0;4.6;83.6;2538;-3.2;14.0
SMA;193612;-;0;86;956.1;41.0;2.0;86.4;2202;-3.2;13.2
SMA;193701;-;0;71;949.1;75.8;1.4;83.0;4116;-5.8;10.9
SMA;193702;-;0;82;942.9;137.1;4.0;77.6;2238;-2.5;16.5
SMA;193703;-;0;76;939.3;106.0;4.0;73.3;5208;-4.2;15.6
SMA;193704;-;0;71;945.2;106.1;8.7;68.7;7938;0.6;20.2
SMA;193705;-;0;56;950.7;73.7;15.2;65.9;13260;4.7;30.0
SMA;193706;-;0;61;951.0;99.6;17.6;66.9;12828;8.0;34.8
SMA;193707;-;0;61;951.3;74.8;18.4;68.8;13488;8.8;31.1
SMA;193708;-;0;63;950.9;94.3;17.7;74.2;10686;10.0;33.7
SMA;193709;-;0;66;949.3;163.6;13.6;82.7;7110;5.6;29.5
SMA;193710;-;0;67;949.4;46.3;9.4;82.6;6114;1.2;23.6
SMA;193711;-;0;70;948.9;56.4;4.0;83.0;4650;-4.5;12.5
SMA;193712;-;1;81;945.2;43.8;0.1;81.2;2370;-7.6;7.4
SMA;193801;-;2;88;949.8;125.2;1.5;80.3;2574;-12.6;12.4
SMA;193802;-;3;67;955.5;30.0;0.8;76.2;6102;-6.3;9.5
SMA;193803;-;0;34;958.5;37.6;8.0;64.5;14394;-2.7;21.2
SMA;193804;-;0;54;952.1;26.7;6.2;63.9;11778;-2.3;23.0
SMA;193805;-;0;62;947.5;102.5;11.4;67.1;10908;-1.0;27.1
SMA;193806;-;0;54;952.8;132.8;17.6;67.9;14814;5.6;32.8
SMA;193807;-;0;61;951.6;193.6;17.2;75.5;13074;9.2;31.9
SMA;193808;-;0;60;949.0;171.0;17.3;78.8;12162;6.8;32.3
SMA;193809;-;0;62;951.3;100.6;14.8;80.6;10632;4.8;25.2
SMA;193810;-;0;66;950.6;40.6;9.5;78.0;7986;0.2;24.5
SMA;193811;-;0;77;951.5;35.6;6.5;82.6;4530;-0.3;15.8
SMA;193812;-;3;85;945.8;55.2;-1.7;84.0;1302;-12.8;9.2
SMA;193901;-;4;81;943.7;55.0;2.2;79.1;3618;-4.6;12.7
SMA;193902;-;0;69;954.4;15.5;1.6;76.1;5430;-7.0;19.3
SMA;193903;-;4;74;946.6;120.2;2.4;74.9;5106;-6.2;17.2
SMA;193904;-;0;72;947.4;44.3;10.4;67.9;9012;1.6;25.3
SMA;193905;-;0;85;946.1;255.2;10.0;78.3;4242;2.4;20.5
SMA;193906;-;0;60;949.3;108.9;16.6;71.6;12462;7.0;30.1
SMA;193907;-;0;59;951.2;131.5;17.1;71.5;14190;7.7;31.3
SMA;193908;-;0;63;950.8;123.0;17.8;75.5;12174;10.1;27.8
SMA;193909;-;0;67;950.1;122.6;13.4;82.7;7410;1.3;28.1
SMA;193910;-;0;89;945.1;216.6;8.0;86.2;2094;-1.8;22.0
SMA;193911;-;0;85;950.9;101.2;6.4;82.4;2850;-4.6;18.3
SMA;193912;-;1;89;948.3;66.6;-0.7;84.7;2022;-12.2;14.3
SMA;194001;-;3;83;947.5;55.1;-5.5;80.8;2826;-16.9;4.6
SMA;194002;-;6;81;946.7;78.4;0.2;82.5;3102;-15.7;13.5
SMA;194003;-;0;63;948.4;81.2;4.9;68.2;7644;-6.3;18.8
SMA;194004;-;0;64;947.0;84.3;9.4;67.6;9960;-1.7;26.5
SMA;194005;-;0;59;947.2;152.6;12.7;69.0;13146;1.1;26.4
SMA;194006;-;0;58;949.5;122.8;16.2;66.5;13140;7.0;28.6
SMA;194007;-;0;59;950.5;164.2;16.6;72.0;12834;8.2;29.5
SMA;194008;-;0;50;954.1;134.3;16.0;71.4;14142;4.7;29.7
SMA;194009;-;0;61;951.4;234.6;14.2;78.6;9576;4.3;28.1
SMA;194010;-;0;82;946.5;56.9;8.7;85.8;3426;-1.5;19.3
SMA;194011;-;0;72;948.2;122.6;5.5;78.9;3864;-1.8;19.6
SMA;194012;-;7;92;951.8;92.7;-3.4;81.1;804;-12.7;8.9
SMA;194101;-;6;85;940.7;76.7;-2.9;84.7;1824;-12.3;12.3
SMA;194102;-;2;77;939.6;54.4;1.7;79.4;4590;-7.3;12.2
SMA;194103;-;0;54;946.3;53.9;5.9;66.8;10134;-4.4;16.9
SMA;194104;-;0;71;945.2;71.1;7.0;68.1;8141;-3.4;20.8
SMA;194105;-;0;71;946.4;155.0;9.6;67.8;9768;-2.0;20.7
SMA;194106;-;0;53;951.5;90.4;17.1;64.8;14646;5.5;31.4
SMA;194107;-;0;60;951.0;88.7;19.5;66.1;16170;10.3;32.6
SMA;194108;-;0;67;949.8;217.8;16.1;72.6;10860;8.0;29.0
SMA;194109;-;0;54;955.5;13.6;13.5;72.2;11484;3.3;27.0
SMA;194110;-;0;82;952.6;91.2;8.4;77.8;4098;-2.0;20.8
SMA;194111;-;0;87;949.4;57.1;3.0;82.1;1992;-2.9;13.6
SMA;194112;-;1;81;956.8;43.0;0.8;77.3;2964;-12.8;13.0
SMA;194201;-;14;92;946.5;114.4;-4.8;81.4;1578;-15.2;5.8
SMA;194202;-;38;90;945.5;26.0;-3.3;77.9;1962;-12.6;9.5
SMA;194203;-;4;73;947.1;77.5;5.4;75.4;6834;-4.4;19.0
SMA;194204;-;0;60;947.2;60.7;9.3;62.6;11448;-0.1;20.7
SMA;194205;-;0;66;949.3;97.9;13.3;66.1;12594;0.6;29.3
SMA;194206;-;0;53;951.6;110.6;16.8;61.9;16116;6.2;32.7
SMA;194207;-;0;61;951.6;118.5;18.0;63.4;13968;8.5;32.5
SMA;194208;-;0;51;952.1;147.5;17.7;68.3;13956;8.4;31.0
SMA;194209;-;0;53;951.0;53.8;16.6;68.7;12756;4.6;30.0
SMA;194210;-;0;66;951.9;58.2;12.1;80.6;8502;4.4;25.5
SMA;194211;-;0;83;953.6;44.9;2.9;82.0;2982;-6.1;16.5
SMA;194212;-;0;82;952.0;23.5;1.1;85.6;2466;-5.5;9.5
SMA;194301;-;6;84;947.0;76.8;0.2;85.2;2892;-8.5;12.8
SMA;194302;-;0;56;957.0;49.5;3.0;74.2;7164;-5.2;15.9
SMA;194303;-;0;51;951.0;58.9;7.3;68.8;11274;-2.2;19.9
SMA;194304;-;0;53;954.4;42.5;10.6;65.2;12540;0.0;26.7
SMA;194305;-;0;62;951.8;56.0;14.6;64.4;13506;1.9;29.3
SMA;194306;-;0;67;954.0;108.6;15.3;70.2;11466;6.8;29.5
SMA;194307;-;0;51;950.8;123.2;18.7;67.2;16110;9.1;33.4
SMA;194308;-;0;47;952.1;27.6;19.6;62.8;15258;11.4;36.2
SMA;194309;-;0;73;951.1;130.7;15.3;76.4;8070;4.4;32.0
SMA;194310;-;0;60;950.6;0.8;11.2;81.4;8046;1.7;22.2
SMA;194311;-;0;87;948.6;79.0;3.4;81.6;2682;-4.0;14.3
SMA;194312;-;0;93;953.4;15.9;1.2;88.6;1092;-4.0;10.2
SMA;194401;-;1;77;958.7;72.9;2.2;83.3;3468;-8.6;13.6
SMA;194402;-;12;83;946.0;92.4;-1.6;82.6;2382;-9.0;14.6
SMA;194403;-;6;80;949.0;56.2;1.9;75.8;5526;-5.8;15.4
SMA;194404;-;0;68;951.0;49.3;11.0;67.4;10032;-1.1;25.5
SMA;194405;-;0;61;952.0;37.9;13.3;67.8;12906;1.7;31.4
SMA;194406;-;0;72;948.2;146.6;15.3;71.9;11112;7.4;28.8
SMA;194407;-;0;67;949.7;92.5;18.0;72.8;11280;10.2;31.8
SMA;194408;-;0;53;951.2;97.7;21.1;71.2;15383;12.1;34.8
SMA;194409;-;0;68;953.2;102.6;13.9;78.9;7991;3.0;26.9
SMA;194410;-;0;79;944.9;52.2;8.8;80.7;5538;-0.7;18.6
SMA;194411;-;0;86;946.6;214.1;4.4;86.2;2478;-1.7;14.3
SMA;194412;-;0;82;949.6;82.0;-0.1;85.9;2166;-8.5;10.4
SMA;194501;-;13;90;944.3;59.0;-4.7;88.1;1854;-14.6;7.1
SMA;194502;-;3;72;958.0;65.2;4.4;87.1;4500;-2.2;15.3
SMA;194503;-;0;67;958.6;64.1;6.8;79.3;7794;-3.4;21.8
SMA;194504;-;0;51;951.6;48.6;10.9;72.3;13332;0.5;25.3
SMA;194505;-;0;58;948.5;111.9;15.6;69.9;15810;-1.0;31.4
SMA;194506;-;0;58;953.8;65.3;19.0;65.0;17802;6.9;32.7
SMA;194507;-;0;47;951.6;66.1;19.6;65.8;18126;8.2;35.4
SMA;194508;-;0;61;947.7;187.5;17.2;74.6;12456;10.4;31.3
SMA;194509;-;0;60;953.2;138.7;15.2;79.9;10692;5.3;28.7
SMA;194510;-;0;65;954.1;46.7;9.6;80.9;8358;2.0;21.2
SMA;194511;-;0;93;949.8;52.1;2.8;87.9;1212;-4.3;13.3
SMA;194512;-;1;91;946.3;117.9;1.6;85.3;1596;-10.9;14.7
SMA;194601;-;0;78;954.5;42.7;-1.8;85.7;2580;-10.9;13.3
SMA;194602;-;2;87;950.9;106.2;4.0;77.0;2616;-2.4;14.1
SMA;194603;-;0;63;946.6;26.9;6.3;76.0;8454;-2.9;21.6
SMA;194604;-;0;48;950.0;16.4;12.0;65.1;13404;0.3;24.3
SMA;194605;-;0;67;945.3;126.9;14.7;70.3;12462;4.7;27.7
SMA;194606;-;0;72;951.3;202.2;15.5;74.6;10014;7.5;31.8
SMA;194607;-;0;54;953.1;177.7;18.8;72.3;15858;10.2;34.4
SMA;194608;-;0;60;950.1;158.0;17.2;74.4;13392;6.3;34.5
SMA;194609;-;0;59;952.7;120.2;14.9;80.2;11160;6.6;26.0
SMA;194610;-;0;75;950.1;37.1;8.2;82.1;5946;-0.2;23.7
SMA;194611;-;0;76;947.1;45.3;4.1;84.9;3918;-3.2;15.0
SMA;194612;-;0;95;947.8;37.3;-0.8;88.9;768;-10.1;8.4
SMA;194701;-;4;80;949.5;91.3;-3.1;83.5;3720;-15.6;9.9
SMA;194702;-;12;86;938.0;57.9;-1.9;84.9;2076;-9.2;9.9
SMA;194703;-;3;83;942.0;134.7;5.6;76.2;4662;-9.4;21.3
SMA;194704;-;0;51;954.5;31.7;12.1;61.1;14538;0.2;28.0
SMA;194705;-;0;65;949.2;48.0;15.4;70.9;11580;4.8;30.4
SMA;194706;-;0;49;951.5;57.1;18.8;64.2;16253;7.6;36.4
SMA;194707;-;0;47;951.3;96.6;20.3;65.6;16163;10.6;37.7
SMA;194708;-;0;38;951.2;39.4;20.9;59.7;18342;8.7;35.7
SMA;194709;-;0;37;953.2;48.0;17.3;67.2;14328;6.5;32.4
SMA;194710;-;0;59;953.7;11.8;9.6;78.1;8268;-1.4;23.5
SMA;194711;-;0;78;949.4;163.2;6.4;82.7;3486;-4.8;17.2
SMA;194712;-;3;87;947.7;110.5;2.0;81.1;1860;-3.8;15.4
SMA;194801;-;0;88;941.3;130.2;3.8;79.3;2772;-3.2;16.9
SMA;194802;-;0;80;953.6;57.2;2.0;74.3;4182;-10.4;15.6
SMA;194803;-;0;39;960.3;24.3;8.6;65.2;14886;-1.7;20.9
SMA;194804;-;0;58;947.2;64.2;10.0;69.4;11136;0.7;25.8
SMA;194805;-;0;59;947.3;51.0;14.9;65.2;13860;5.5;27.5
SMA;194806;-;0;64;950.0;155.2;15.9;68.9;12186;7.3;32.0
SMA;194807;-;0;76;951.4;170.0;15.5;79.5;8850;6.7;30.9
SMA;194808;-;0;66;950.2;94.7;17.3;77.8;11094;9.0;30.4
SMA;194809;-;0;54;952.9;47.9;14.4;78.2;10542;3.8;27.8
SMA;194810;-;0;72;952.5;24.7;10.3;81.5;7278;2.0;25.0
SMA;194811;-;0;83;958.0;53.9;4.5;87.7;2580;-4.3;18.0
SMA;194812;-;0;87;955.8;22.4;0.3;87.5;1782;-7.1;11.7
SMA;194901;-;0;78;956.8;31.2;0.7;85.1;3648;-6.8;11.7
SMA;194902;-;1;39;960.8;15.5;1.6;74.7;8796;-9.6;13.7
SMA;194903;-;0;54;951.0;48.5;3.6;66.7;9690;-10.9;20.5
SMA;194904;-;0;56;952.5;105.7;12.3;66.4;12174;-1.0;28.6
SMA;194905;-;0;77;947.5;72.2;11.9;74.1;8298;1.0;29.9
SMA;194906;-;0;51;952.2;36.9;16.9;59.9;16944;7.0;30.0
SMA;194907;-;0;37;953.1;42.0;20.3;55.5;19560;9.6;36.7
SMA;194908;-;0;57;954.2;53.8;19.2;61.0;13644;8.0;33.9
SMA;194909;-;0;45;953.4;55.3;17.1;74.6;12054;9.4;32.2
SMA;194910;-;0;57;954.3;25.9;11.6;76.8;9504;-2.9;23.5
SMA;194911;-;0;81;944.3;74.8;3.4;84.0;2142;-4.4;14.6
SMA;194912;-;1;83;949.9;112.4;2.9;83.1;2184;-5.5;13.6
SMA;195001;-;1;81;953.0;34.5;-0.7;78.9;2322;-11.6;9.8
SMA;195002;-;0;75;948.1;72.9;3.4;71.3;4578;-5.7;18.5
SMA;195003;-;0;50;953.1;27.4;5.5;69.0;10746;-7.3;17.6
SMA;195004;-;0;76;944.1;134.1;6.9;69.8;7044;-1.7;21.9
SMA;195005;-;0;53;950.1;78.5;14.6;62.4;14610;4.7;30.6
SMA;195006;-;0;45;953.0;107.2;18.5;61.7;17802;10.2;34.4
SMA;195007;-;0;49;951.4;80.2;20.1;61.6;17352;9.9;33.8
SMA;195008;-;0;58;950.1;128.2;17.7;72.3;12990;9.7;32.2
SMA;195009;-;0;73;950.9;128.7;13.5;79.5;7236;4.7;26.6
SMA;195010;-;0;65;953.5;47.9;8.7;85.0;6684;-4.6;20.5
SMA;195011;-;0;83;946.1;235.2;4.5;84.5;2940;-3.4;15.7
SMA;195012;-;4;83;941.8;41.4;-1.8;83.2;2322;-9.8;11.2
SMA;195101;-;2;83;945.8;70.7;1.4;85.0;2340;-5.0;9.3
SMA;195102;-;1;77;942.2;91.3;2.1;79.3;3942;-5.0;13.1
SMA;195103;-;0;75;943.1;108.8;3.5;75.6;5232;-6.7;18.9
SMA;195104;-;0;59;949.8;75.7;8.2;67.7;10974;-1.6;23.8
SMA;195105;-;0;72;945.7;82.3;11.9;74.0;10338;0.1;27.3
SMA;195106;-;0;68;950.9;148.8;15.4;75.0;10650;7.8;29.8
SMA;195107;-;0;47;953.1;146.9;18.0;71.9;16008;9.3;31.8
SMA;195108;-;0;64;950.1;130.3;17.1;76.6;11838;9.8;31.1
SMA;195109;-;0;65;952.2;94.1;14.8;81.6;8814;4.4;28.4
SMA;195110;-;0;70;951.5;47.9;7.6;86.3;4752;-1.5;18.3
SMA;195111;-;0;78;945.1;84.5;6.3;79.7;3732;-2.1;16.8
SMA;195112;-;0;74;954.1;63.1;0.4;87.4;3972;-6.1;8.9
SMA;195201;-;4;82;947.2;57.3;-0.9;81.2;2946;-9.0;8.3
SMA;195202;-;31;78;950.7;106.3;-1.4;83.7;3995;-8.7;10.0
SMA;195203;-;1;76;946.2;104.9;5.3;77.0;6708;-5.3;17.7
SMA;195204;-;1;52;950.6;113.2;10.7;68.3;12240;-5.1;24.8
SMA;195205;-;0;55;950.9;81.1;13.6;64.2;14898;2.5;26.5
SMA;195206;-;0;56;953.3;117.9;17.0;66.8;14964;9.0;32.0
SMA;195207;-;0;43;952.7;50.4;20.6;61.2;18756;9.4;35.4
SMA;195208;-;0;54;950.2;112.7;18.6;66.6;14826;8.9;33.7
SMA;195209;-;0;76;949.3;116.3;11.1;76.5;7128;2.6;23.3
SMA;195210;-;0;81;949.1;213.8;8.5;80.1;4092;-0.5;17.5
SMA;195211;-;0;81;945.8;148.3;2.8;81.5;2886;-6.1;14.0
SMA;195212;-;2;93;946.3;116.8;0.0;84.4;1110;-6.1;12.5
SMA;195301;-;7;89;951.7;25.8;-2.9;86.5;1578;-9.6;7.8
SMA;195302;-;15;78;949.8;35.3;-0.8;80.9;4092;-12.9;10.5
SMA;195303;-;0;33;959.8;7.7;5.6;61.9;14970;-4.8;21.0
SMA;195304;-;0;52;947.5;93.5;9.5;70.9;12252;-0.1;23.7
SMA;195305;-;0;51;950.3;92.8;14.3;65.6;14868;-1.5;30.8
SMA;195306;-;0;77;946.9;257.0;14.8;78.1;8568;3.4;27.3
SMA;195307;-;0;64;951.5;167.9;17.8;74.6;13536;9.3;31.2
SMA;195308;-;0;50;954.1;48.8;17.4;72.0;15612;8.8;31.4
SMA;195309;-;0;57;952.0;71.2;14.6;77.5;11490;5.0;29.9
SMA;195310;-;0;71;952.3;34.2;10.2;88.4;6510;0.9;21.2
SMA;195311;-;0;75;958.3;27.5;2.9;92.7;4236;-2.4;13.2
SMA;195312;-;0;85;955.5;28.7;1.6;91.2;2112;-6.1;14.8
SMA;195401;-;8;86;949.4;72.2;-2.8;78.0;2550;-12.9;9.0
SMA;195402;-;3;80;943.9;63.3;-1.4;77.5;2970;-15.4;10.3
SMA;195403;-;0;60;944.0;19.6;6.1;67.1;9948;-3.5;19.2
SMA;195404;-;0;75;951.2;85.8;6.3;70.2;7230;-2.2;19.1
SMA;195405;-;0;65;948.3;98.0;11.8;71.8;12816;2.2;26.9
SMA;195406;-;0;68;950.3;88.0;16.1;74.7;11754;7.8;30.9
SMA;195407;-;0;73;950.4;174.3;15.4;73.3;11388;7.4;28.3
SMA;195408;-;0;68;949.1;187.4;15.9;78.7;10290;8.3;31.2
SMA;195409;-;0;65;952.7;185.8;14.4;79.9;10044;1.3;27.6
SMA;195410;-;0;58;953.5;56.4;9.5;83.5;8148;1.3;21.5
SMA;195411;-;0;78;950.0;43.3;4.8;87.0;4248;-5.0;15.3
SMA;195412;-;0;85;950.4;110.7;2.9;87.3;3024;-2.4;11.7
SMA;195501;-;2;91;944.2;144.5;-0.3;89.9;1368;-9.7;11.4
SMA;195502;-;2;87;938.8;98.4;0.4;82.8;2328;-8.9;10.7
SMA;195503;-;0;67;946.6;43.7;2.1;74.3;8826;-7.8;21.1
SMA;195504;-;0;54;954.0;39.6;8.7;66.2;12642;-3.1;26.2
SMA;195505;-;0;61;951.4;143.4;11.8;69.1;14034;1.4;26.2
SMA;195506;-;0;69;950.8;141.8;15.8;74.7;12090;5.2;28.4
SMA;195507;-;0;78;951.0;209.8;17.2;80.6;9432;8.7;32.1
SMA;195508;-;0;60;952.2;79.3;16.5;75.2;13110;6.1;27.4
SMA;195509;-;0;64;952.5;83.0;13.5;81.5;8580;4.0;25.8
SMA;195510;-;0;70;950.0;37.5;7.8;80.9;7458;-2.5;18.3
SMA;195511;-;0;78;952.8;10.8;2.6;83.9;3330;-8.8;16.3
SMA;195512;-;0;85;947.9;127.1;3.6;84.3;2484;-4.9;11.8
SMA;195601;-;0;83;947.7;102.4;1.9;79.9;3306;-9.9;10.0
SMA;195602;-;10;78;947.9;15.5;-8.7;73.5;5052;-23.3;7.7
SMA;195603;-;0;62;949.0;66.9;4.5;67.2;9282;-9.2;19.2
SMA;195604;-;1;67;945.0;104.4;6.9;68.5;9198;-4.9;19.9
SMA;195605;-;0;54;954.1;133.2;13.1;67.0;13212;1.4;30.7
SMA;195606;-;0;79;952.6;75.7;13.3;73.6;7836;4.5;26.1
SMA;195607;-;0;63;951.4;219.4;17.0;72.1;13896;9.5;30.1
SMA;195608;-;0;71;949.2;229.6;14.9;76.2;9378;6.4;30.1
SMA;195609;-;0;55;952.7;71.1;14.7;77.1;10944;6.8;25.6
SMA;195610;-;0;72;954.7;124.7;7.6;80.8;6066;-1.3;24.7
SMA;195611;-;0;89;951.7;39.3;1.8;78.5;2514;-5.3;13.0
SMA;195612;-;2;72;955.8;18.3;1.0;81.3;3780;-10.3;12.4
SMA;195701;-;6;75;955.7;37.2;-1.3;82.0;4500;-12.1;11.7
SMA;195702;-;1;73;946.6;155.6;4.2;77.6;5160;-3.9;15.1
SMA;195703;-;0;58;950.6;58.1;8.5;70.8;11106;-4.6;22.3
SMA;195704;-;0;69;950.0;71.5;8.6;70.4;9348;-2.0;23.3
SMA;195705;-;0;70;948.8;58.1;9.8;69.1;9480;-1.5;25.0
SMA;195706;-;0;67;951.2;118.3;16.5;70.7;11994;6.8;31.6
SMA;195707;-;0;64;951.3;178.1;17.5;70.6;11850;9.6;36.0
SMA;195708;-;0;65;951.3;107.4;15.9;70.1;13026;7.7;29.2
SMA;195709;-;0;68;951.7;147.5;13.0;80.6;9216;4.2;27.0
SMA;195710;-;0;53;953.4;40.8;8.9;82.9;8808;-0.1;21.5
SMA;195711;-;0;87;951.3;34.5;3.6;86.1;1650;-4.9;16.0
SMA;195712;-;0;83;949.1;40.1;0.5;81.1;3312;-7.9;14.3
SMA;195801;-;3;84;948.6;68.7;-0.1;84.2;2916;-8.5;10.8
SMA;195802;-;2;81;948.0;198.1;3.7;80.0;4452;-8.5;18.1
SMA;195803;-;1;70;944.0;48.0;0.9;75.3;7704;-9.3;17.6
SMA;195804;-;0;72;948.0;111.9;5.7;73.0;8346;-3.0;19.9
SMA;195805;-;0;61;951.5;104.1;14.7;68.5;12786;3.7;28.7
SMA;195806;-;0;64;949.3;207.2;15.3;67.6;13608;6.6;28.0
SMA;195807;-;0;65;951.1;135.6;17.9;71.1;13482;9.7;31.1
SMA;195808;-;0;61;950.5;190.8;17.8;71.7;14364;8.4;32.9
SMA;195809;-;0;56;953.0;91.4;15.5;75.7;10806;5.1;28.4
SMA;195810;-;0;81;955.2;117.5;8.3;85.9;4302;0.8;19.5
SMA;195811;-;0;95;952.5;65.8;3.6;89.1;756;-0.5;11.7
SMA;195812;-;1;81;942.3;92.1;2.6;77.9;2880;-6.5;11.5
SMA;195901;-;5;79;948.2;135.8;0.0;78.2;4062;-9.4;11.1
SMA;195902;-;0;45;962.6;4.7;1.6;76.7;8886;-5.6;15.7
SMA;195903;-;0;71;949.3;76.2;7.3;75.0;7026;-0.5;19.8
SMA;195904;-;0;55;945.8;71.3;9.8;61.8;12396;-2.6;25.1
SMA;195905;-;0;57;948.5;53.2;13.4;66.6;14616;2.6;26.1
SMA;195906;-;0;69;953.1;178.0;16.4;71.0;11610;6.9;29.1
SMA;195907;-;0;46;952.3;97.7;19.5;68.9;16104;9.9;32.5
SMA;195908;-;0;58;952.5;53.9;17.0;74.2;13086;6.7;29.2
SMA;195909;-;0;34;953.0;12.4;15.1;74.8;15228;3.3;27.9
SMA;195910;-;0;68;952.4;106.4;8.8;84.1;6456;0.3;21.2
SMA;195911;-;0;87;948.3;48.4;2.2;87.6;1800;-2.7;11.7
SMA;195912;-;0;81;942.8;97.1;2.6;82.3;3594;-5.5;11.3
SMA;196001;-;2;76;949.1;61.8;-0.2;78.4;4284;-16.5;11.8
SMA;196002;-;1;72;945.4;76.0;2.1;75.3;5778;-12.1;17.9
SMA;196003;-;0;74;944.8;63.3;6.2;70.4;7224;-2.5;20.2
SMA;196004;-;0;69;950.5;75.5;8.2;68.0;9042;-1.5;22.2
SMA;196005;-;0;65;950.9;81.9;14.0;64.5;14136;0.8;28.0
SMA;196006;-;0;64;952.8;149.9;16.8;65.2;13722;6.0;30.6
SMA;196007;-;0;73;951.0;146.4;15.3;68.5;11334;7.2;28.0
SMA;196008;-;0;67;949.7;238.1;16.6;69.9;12762;9.2;31.0
SMA;196009;-;0;69;950.0;109.4;12.3;76.8;8358;4.9;25.4
SMA;196010;-;0;78;943.1;136.4;8.7;75.2;6420;0.0;23.4
SMA;196011;-;0;75;947.0;102.6;6.3;74.5;4632;-0.4;16.5
SMA;196012;-;0;90;943.9;53.3;0.5;80.3;2376;-6.0;13.8
SMA;196101;-;2;94;948.9;79.8;-0.2;81.3;1176;-5.7;11.2
SMA;196102;-;0;65;957.0;64.5;5.2;72.2;7224;-1.2;18.2
SMA;196103;-;0;41;958.2;32.1;6.9;67.6;12630;-3.1;20.4
SMA;196104;-;0;69;945.6;98.3;11.4;72.6;8814;3.4;26.2
SMA;196105;-;0;77;949.1;138.8;11.1;75.5;10440;0.5;26.9
SMA;196106;-;0;60;951.5;61.3;16.3;74.1;12888;7.0;30.2
SMA;196107;-;0;58;951.5;140.1;16.5;69.5;14664;6.9;32.0
SMA;196108;-;0;51;953.9;111.2;16.6;74.3;15090;8.7;30.3
SMA;196109;-;0;47;953.3;34.2;17.7;76.7;13326;7.2;29.7
SMA;196110;-;0;66;949.9;41.4;10.4;82.2;7284;1.5;22.2
SMA;196111;-;0;83;946.6;27.1;3.8;85.1;3876;-3.6;14.7
SMA;196112;-;0;83;948.7;130.0;1.0;87.0;3432;-11.3;17.0
SMA;196201;-;10;83;952.4;132.1;1.3;80.0;3456;-10.8;12.4
SMA;196202;-;2;76;953.2;77.0;0.1;77.8;4692;-11.3;9.8
SMA;196203;-;0;67;942.9;71.0;1.2;70.9;8466;-8.2;18.5
SMA;196204;-;0;62;948.5;56.2;8.8;62.4;11826;-0.8;26.0
SMA;196205;-;0;75;950.1;142.0;10.6;68.4;9432;-1.9;28.2
SMA;196206;-;0;49;954.9;56.4;15.1;60.2;17346;0.9;31.4
SMA;196207;-;0;65;951.9;52.8;17.0;61.7;13782;6.5;32.8
SMA;196208;-;0;44;953.3;145.2;18.7;62.4;18300;9.9;33.2
SMA;196209;-;0;55;952.0;96.9;13.7;69.7;11604;3.3;30.6
SMA;196210;-;0;54;954.0;14.7;9.5;79.6;9246;-1.0;24.0
SMA;196211;-;1;80;946.5;23.5;1.9;83.6;3516;-10.2;22.2
SMA;196212;-;5;92;948.4;131.2;-3.4;87.5;1278;-14.7;8.3
SMA;196301;-;15;75;949.4;32.7;-6.2;81.6;4410;-19.0;6.4
SMA;196302;-;20;71;942.0;51.2;-4.1;73.6;5574;-17.0;9.5
SMA;196303;-;4;64;949.2;132.5;3.2;67.9;9084;-12.9;14.0
SMA;196304;-;0;71;946.5;98.1;9.3;69.2;7050;-1.2;21.7
SMA;196305;-;0;70;950.3;87.4;11.7;71.2;10116;2.3;25.6
SMA;196306;-;0;72;949.1;117.8;15.7;69.6;10296;8.9;32.1
SMA;196307;-;0;56;953.2;97.2;18.6;68.2;16704;9.6;30.7
SMA;196308;-;0;69;948.8;132.6;15.9;76.5;10128;5.9;30.7
SMA;196309;-;0;71;952.1;98.1;14.3;81.9;7824;5.4;25.5
SMA;196310;-;0;72;954.4;71.1;8.9;81.5;7140;0.5;20.0
SMA;196311;-;0;73;945.0;111.0;7.4;76.6;5400;-0.3;17.7
SMA;196312;-;0;85;949.9;2.1;-3.0;86.7;3012;-11.2;7.7
SMA;196401;-;1;93;961.1;14.9;-3.3;92.2;738;-8.2;5.0
SMA;196402;-;0;74;949.9;41.5;2.0;80.4;5472;-7.2;16.8
SMA;196403;-;1;89;944.5;137.2;2.4;83.8;3024;-7.0;14.4
SMA;196404;-;0;67;948.4;91.9;9.7;69.3;9768;0.9;25.1
SMA;196405;-;0;58;952.0;176.1;14.2;67.2;14040;5.0;27.8
SMA;196406;-;0;56;951.0;95.9;17.2;66.6;15210;7.9;31.2
SMA;196407;-;0;34;953.2;43.4;19.5;59.5;19170;8.0;33.8
SMA;196408;-;0;52;951.1;131.3;16.5;68.3;13242;6.8;31.2
SMA;196409;-;0;51;954.7;67.1;14.5;72.7;11364;2.7;28.2
SMA;196410;-;0;86;949.6;76.0;7.4;79.1;3240;-0.7;20.9
SMA;196411;-;0;88;952.9;58.9;4.9;81.8;1752;-0.9;13.3
SMA;196412;-;4;87;948.0;40.0;-0.5;85.0;1338;-10.5;8.0
SMA;196501;-;1;87;946.1;70.0;0.8;82.3;2418;-6.0;14.0
SMA;196502;-;10;67;953.0;33.3;-3.1;79.3;5886;-11.1;7.5
SMA;196503;-;6;68;949.6;98.5;3.8;73.6;6930;-10.9;19.3
SMA;196504;-;0;71;946.1;186.5;6.6;74.2;7212;0.0;20.7
SMA;196505;-;0;73;949.4;208.9;11.5;70.1;10122;2.1;26.5
SMA;196506;-;0;66;950.6;151.9;16.1;75.8;11226;5.0;32.6
SMA;196507;-;0;71;950.0;173.0;15.7;77.2;10788;8.3;30.7
SMA;196508;-;0;62;950.9;151.0;15.8;77.6;11946;7.2;30.9
SMA;196509;-;0;64;948.0;131.7;12.1;84.0;8550;5.5;25.1
SMA;196510;-;0;70;954.4;12.9;8.4;87.9;5058;1.6;20.4
SMA;196511;-;2;87;943.6;156.6;3.2;85.8;2172;-8.1;18.1
SMA;196512;-;0;87;943.7;168.5;2.8;82.3;1212;-3.5;13.2
SMA;196601;-;6;76;946.9;62.9;-2.3;80.1;3690;-16.6;13.0
SMA;196602;-;0;74;942.7;122.0;5.8;80.3;4062;-2.4;16.0
SMA;196603;-;0;67;952.5;70.8;3.6;73.6;8082;-2.7;14.8
SMA;196604;-;0;67;945.6;118.1;10.0;72.9;8472;0.1;21.3
SMA;196605;-;0;55;951.4;73.9;13.1;66.9;13404;4.0;26.6
SMA;196606;-;0;56;951.1;84.6;16.8;67.0;14490;6.0;31.4
SMA;196607;-;0;68;949.6;183.8;15.5;73.2;10812;8.1;29.7
SMA;196608;-;0;71;950.3;213.7;15.2;80.6;9786;5.2;33.9
SMA;196609;-;0;52;952.6;80.9;15.0;80.2;10260;6.6;28.6
SMA;196610;-;0;74;944.6;47.4;11.8;82.3;6594;-1.3;28.7
SMA;196611;-;4;84;947.7;107.9;2.0;82.3;3558;-3.9;19.6
SMA;196612;-;3;89;947.2;145.5;1.5;82.0;1230;-6.2;9.5
SMA;196701;-;4;86;953.0;99.5;0.1;81.2;2544;-11.5;13.6
SMA;196702;-;0;57;951.7;48.7;2.4;70.9;6612;-10.5;14.6
SMA;196703;-;0;71;953.1;98.0;5.5;69.9;6906;-1.1;18.2
SMA;196704;-;0;61;947.8;28.3;7.3;64.8;9798;-2.9;21.5
SMA;196705;-;0;65;948.1;113.5;12.5;64.3;11646;0.4;31.6
SMA;196706;-;0;57;953.5;142.4;14.6;74.7;13104;4.5;32.6
SMA;196707;-;0;44;953.4;130.4;19.5;70.8;16944;8.4;31.7
SMA;196708;-;0;58;951.6;85.5;16.8;76.1;12744;7.7;31.5
SMA;196709;-;0;66;950.1;179.1;13.5;81.2;7818;5.9;27.6
SMA;196710;-;0;47;951.3;36.5;11.9;77.7;11826;0.0;25.2
SMA;196711;-;0;87;950.9;66.1;4.1;85.2;2952;-4.8;14.2
SMA;196712;-;3;81;950.3;62.7;-1.1;81.2;2670;-11.9;11.2
SMA;196801;-;10;80;950.2;141.3;-1.0;83.0;3714;-14.6;11.4
SMA;196802;-;0;75;945.3;75.0;1.6;81.3;4692;-4.9;11.4
SMA;196803;-;0;61;950.2;48.5;4.9;70.0;8712;-5.4;22.8
SMA;196804;-;0;59;948.7;75.7;9.6;67.7;11958;-2.5;28.0
SMA;196805;-;0;69;948.9;104.6;11.7;69.6;11634;1.8;27.2
SMA;196806;-;0;68;951.2;74.0;15.7;67.2;14082;5.6;30.9
SMA;196807;-;0;58;953.0;81.6;16.9;69.3;14544;7.1;32.2
SMA;196808;-;0;71;949.2;203.9;15.5;75.6;9690;6.5;27.0
SMA;196809;-;0;70;950.0;227.8;13.0;77.6;8454;5.4;25.0
SMA;196810;-;0;72;954.0;35.7;11.0;84.5;6444;3.5;23.6
SMA;196811;-;0;90;947.2;36.8;3.8;87.4;1992;-5.0;23.8
SMA;196812;-;3;92;944.8;51.9;-1.3;88.7;1524;-9.6;9.1
SMA;196901;-;10;88;948.5;50.7;0.3;88.1;2190;-7.9;8.5
SMA;196902;-;8;80;942.0;46.8;-1.0;79.2;4548;-9.7;11.0
SMA;196903;-;0;76;944.3;53.9;3.7;78.9;4956;-4.0;15.1
SMA;196904;-;0;70;948.7;84.7;7.6;71.3;8412;-2.4;24.8
SMA;196905;-;0;61;948.0;74.4;14.0;66.2;14004;3.0;31.3
SMA;196906;-;0;67;948.9;187.1;13.7;74.1;10542;4.2;27.0
SMA;196907;-;0;48;955.3;57.6;18.5;70.5;16386;7.2;31.8
SMA;196908;-;0;60;950.7;189.0;16.2;74.2;11910;6.9;29.7
SMA;196909;-;0;66;951.6;23.0;14.7;79.1;8958;8.1;25.0
SMA;196910;-;0;62;956.4;9.6;9.9;80.8;8130;1.5;21.2
SMA;196911;-;1;71;945.8;95.3;4.9;75.2;6102;-8.0;16.0
SMA;196912;-;11;96;946.2;79.8;-3.9;85.5;666;-12.0;5.5
SMA;197001;-;5;82;943.5;61.0;-0.6;85.2;2448;-9.1;9.9
SMA;197002;-;12;91;944.2;289.2;0.6;79.1;1842;-9.8;11.7
SMA;197003;-;8;72;945.3;61.4;1.7;71.9;6984;-8.4;14.0
SMA;197004;-;1;83;948.5;199.8;5.8;70.8;6312;-2.8;23.8
SMA;197005;-;0;72;949.6;95.1;11.3;68.0;9966;0.5;25.0
SMA;197006;-;0;63;951.5;149.2;16.9;69.8;12852;6.3;30.1
SMA;197007;-;0;63;951.5;105.4;17.1;68.2;13872;5.4;30.3
SMA;197008;-;0;68;950.6;225.0;17.2;75.0;11124;7.6;32.7
SMA;197009;-;0;50;953.9;56.4;14.4;73.1;12702;4.4;28.2
SMA;197010;-;0;68;953.9;57.3;8.7;76.5;7056;0.3;23.8
SMA;197011;-;0;82;950.0;80.8;5.9;74.0;4140;-1.4;20.7
SMA;197012;-;1;91;953.3;39.9;-0.9;81.9;1764;-11.0;10.2
SMA;197101;-;6;80;946.4;33.5;-1.7;88.4;3540;-13.3;10.0
SMA;197102;-;3;75;952.1;56.5;-0.1;85.7;5232;-9.1;7.8
SMA;197103;-;2;74;945.8;45.2;0.7;78.3;6402;-14.4;13.0
SMA;197104;-;0;54;944.8;66.2;10.9;66.3;12768;-0.4;24.2
SMA;197105;-;0;75;945.7;83.6;14.2;75.2;10104;5.0;28.3
SMA;197106;-;0;80;948.1;202.1;14.0;77.9;9390;7.4;24.6
SMA;197107;-;0;35;952.7;93.9;18.8;69.3;19674;7.5;30.7
SMA;197108;-;0;60;950.8;122.5;18.1;78.4;13344;10.6;30.0
SMA;197109;-;0;48;955.5;80.1;13.1;78.1;13986;2.0;23.9
SMA;197110;-;0;53;958.9;43.7;10.1;81.9;10674;0.2;23.0
SMA;197111;-;0;84;947.6;89.9;3.0;83.0;3798;-6.6;14.5
SMA;197112;-;0;85;958.4;38.2;1.3;88.1;2484;-4.2;10.4
SMA;197201;-;2;86;946.3;23.0;-0.2;84.0;2064;-7.4;10.0
SMA;197202;-;1;78;944.2;15.7;3.2;81.4;5412;-7.9;16.6
SMA;197203;-;0;55;947.0;15.4;6.7;74.8;10644;-1.5;18.4
SMA;197204;-;0;85;944.7;121.8;7.5;80.9;5610;-2.0;22.0
SMA;197205;-;0;79;947.6;94.5;11.6;77.1;9312;2.5;23.2
SMA;197206;-;0;70;949.6;152.6;14.3;75.5;10836;5.3;27.2
SMA;197207;-;0;73;952.2;166.5;17.0;78.7;11754;7.8;30.6
SMA;197208;-;0;60;952.6;126.4;16.0;79.3;12060;6.6;29.2
SMA;197209;-;0;55;952.6;32.8;10.9;82.7;10362;2.6;23.3
SMA;197210;-;0;60;952.9;18.7;7.1;83.0;7596;-0.6;18.5
SMA;197211;-;0;73;952.9;210.5;4.4;85.8;4722;-4.5;15.8
SMA;197212;-;0;81;957.3;26.0;-0.6;88.8;2940;-7.6;11.0
SMA;197301;-;1;89;955.2;40.3;-1.1;86.7;990;-6.8;4.9
SMA;197302;-;5;80;949.1;51.6;-0.2;81.3;4254;-8.6;7.7
SMA;197303;-;0;65;955.6;33.4;3.1;71.5;7824;-8.0;17.3
SMA;197304;-;1;76;948.5;88.1;5.3;68.7;8112;-2.7;21.0
SMA;197305;-;0;69;951.4;94.0;13.7;64.2;13206;3.0;25.6
SMA;197306;-;0;64;952.9;187.3;16.3;68.9;12504;6.3;29.4
SMA;197307;-;0;65;949.8;152.3;17.1;70.7;11592;8.2;29.4
SMA;197308;-;0;54;954.1;74.2;18.8;77.2;13332;10.7;29.7
SMA;197309;-;0;51;952.5;81.1;15.0;81.3;11448;6.2;29.0
SMA;197310;-;0;71;953.4;130.1;7.6;86.2;4878;-0.4;19.6
SMA;197311;-;1;69;955.5;116.5;3.6;83.2;4584;-5.8;13.4
SMA;197312;-;3;80;949.7;61.1;0.3;82.2;1938;-14.0;11.0
SMA;197401;-;0;81;954.1;43.6;2.9;85.2;2508;-3.4;14.7
SMA;197402;-;1;86;944.3;83.7;2.9;82.7;3066;-3.9;15.0
SMA;197403;-;0;73;947.3;43.0;7.1;73.8;7182;-2.4;22.5
SMA;197404;-;0;49;945.2;41.1;8.6;67.9;12396;-1.2;19.2
SMA;197405;-;0;69;947.7;128.4;11.6;74.5;11682;2.6;23.1
SMA;197406;-;0;63;949.1;137.9;14.5;75.2;12408;5.5;26.2
SMA;197407;-;0;58;952.5;136.3;17.1;73.2;14784;8.6;28.4
SMA;197408;-;0;58;951.7;100.0;18.1;78.2;13314;8.8;32.3
SMA;197409;-;0;63;949.2;81.3;13.7;82.0;8502;3.6;25.7
SMA;197410;-;0;89;946.2;127.0;4.8;86.3;2226;0.0;12.5
SMA;197411;-;0;80;949.6;127.9;4.3;85.7;2532;-1.0;14.0
SMA;197412;-;0;79;957.1;101.7;4.1;81.2;3222;-5.0;14.2
SMA;197501;-;0;74;953.7;76.2;3.6;82.7;3192;-2.4;11.0
SMA;197502;-;0;51;955.7;22.1;1.8;78.5;8460;-4.5;13.4
SMA;197503;-;1;83;942.0;73.7;3.6;81.5;4368;-5.7;14.0
SMA;197504;-;1;70;949.0;95.6;7.8;71.1;8142;-1.9;21.7
SMA;197505;-;0;70;948.2;84.5;12.7;71.8;9672;2.5;27.4
SMA;197506;-;0;71;951.0;150.4;14.2;74.5;9192;4.0;27.1
SMA;197507;-;0;55;952.0;113.3;17.8;72.8;14724;8.4;30.6
SMA;197508;-;0;63;952.3;294.6;17.6;79.6;11580;9.6;29.6
SMA;197509;-;0;68;952.0;118.3;16.2;82.7;8394;8.5;27.7
SMA;197510;-;0;69;954.6;61.3;7.7;86.7;6348;1.9;20.4
SMA;197511;-;0;80;950.1;116.4;4.4;86.6;2814;-5.6;14.9
SMA;197512;-;1;85;956.1;10.4;-0.6;89.0;1782;-9.2;7.5
SMA;197601;-;2;78;953.0;54.0;1.3;81.8;2964;-11.1;9.0
SMA;197602;-;3;76;952.3;42.0;1.1;86.7;4266;-8.4;15.4
SMA;197603;-;0;50;950.9;12.9;3.7;70.8;9990;-7.0;17.5
SMA;197604;-;0;49;947.7;56.7;8.1;71.8;12702;-1.2;21.0
SMA;197605;-;0;58;950.3;80.8;13.4;73.2;13626;1.5;26.9
SMA;197606;-;0;41;953.7;34.1;18.2;66.2;18072;5.9;30.2
SMA;197607;-;0;59;950.8;228.4;19.0;74.1;13140;10.0;31.3
SMA;197608;-;0;59;952.7;118.3;15.7;77.1;12324;8.4;25.2
SMA;197609;-;0;73;950.2;103.5;12.6;82.9;6408;5.3;22.6
SMA;197610;-;0;74;943.6;61.9;10.5;85.7;5922;2.7;22.3
SMA;197611;-;0;85;951.0;58.9;4.5;84.4;2190;-0.2;19.1
SMA;197612;-;6;86;944.3;110.7;-1.6;89.9;1644;-10.8;7.5
SMA;197701;-;16;89;946.8;80.9;0.7;88.6;1440;-6.4;8.6
SMA;197702;-;0;79;944.8;139.4;4.8;78.6;4074;-4.4;13.0
SMA;197703;-;0;78;952.5;71.8;7.6;73.6;6510;-3.0;21.2
SMA;197704;-;0;83;948.9;165.7;6.4;78.9;5856;-2.0;21.4
SMA;197705;-;0;70;948.0;75.5;11.7;73.5;9876;2.8;24.5
SMA;197706;-;0;70;948.9;122.4;15.2;74.7;9816;5.7;30.0
SMA;197707;-;0;61;949.2;122.2;17.1;73.4;11994;8.3;28.0
SMA;197708;-;0;69;948.7;104.1;15.9;78.5;8928;9.2;26.3
SMA;197709;-;0;60;955.9;57.3;12.6;78.6;8682;3.5;24.8
SMA;197710;-;0;74;953.1;74.0;10.8;82.2;5532;2.8;23.2
SMA;197711;-;0;76;947.7;89.5;5.2;77.5;4068;-4.0;19.4
SMA;197712;-;0;84;953.5;67.5;1.6;86.4;2226;-5.7;14.3
SMA;197801;-;2;84;946.6;65.9;0.1;82.9;2130;-9.0;6.7
SMA;197802;-;14;85;941.3;127.5;-0.4;81.1;2826;-6.1;13.1
SMA;197803;-;0;80;947.8;145.8;4.9;72.9;5940;-1.8;18.6
SMA;197804;-;0;70;943.2;47.9;7.3;67.5;8406;-1.5;19.0
SMA;197805;-;0;73;947.7;135.7;10.9;73.0;6528;3.3;22.4
SMA;197806;-;0;64;949.6;136.2;14.3;70.5;9534;6.3;27.1
SMA;197807;-;0;63;951.6;100.0;16.3;71.5;9936;8.5;28.5
SMA;197808;-;0;60;952.8;179.4;15.6;75.8;11064;6.8;26.9
SMA;197809;-;0;58;953.6;51.6;13.3;77.0;10656;3.6;24.0
SMA;197810;-;0;69;955.9;102.8;8.3;87.2;5772;2.0;18.5
SMA;197811;-;0;74;959.8;16.5;3.3;87.6;4230;-4.8;11.4
SMA;197812;-;1;85;942.4;95.3;1.8;82.0;1758;-7.1;11.3
SMA;197901;-;8;80;946.4;74.3;-2.9;85.5;2364;-12.2;5.8
SMA;197902;-;1;81;943.4;88.2;2.0;83.1;3678;-6.8;11.9
SMA;197903;-;0;78;944.1;137.6;5.1;78.7;4932;-1.1;16.7
SMA;197904;-;0;73;946.3;100.8;6.1;74.2;7038;-0.6;19.6
SMA;197905;-;0;55;951.3;48.4;12.4;66.0;12402;-0.8;28.1
SMA;197906;-;0;64;952.5;124.9;16.1;73.5;9084;7.2;26.5
SMA;197907;-;0;59;954.1;70.6;17.2;66.7;10302;7.3;30.2
SMA;197908;-;0;61;950.3;108.3;15.6;73.8;10176;6.7;28.2
SMA;197909;-;0;53;954.3;95.6;13.8;77.8;9912;3.8;25.4
SMA;197910;-;0;71;947.9;87.5;9.7;85.7;4896;1.3;19.3
SMA;197911;-;3;79;950.6;148.2;3.7;84.6;3114;-2.9;13.9
SMA;197912;-;5;78;948.6;99.8;3.8;77.9;3006;-2.9;13.5
SMA;198001;-;12;90;948.6;105.5;-1.2;82.8;1782;-8.1;10.8
SMA;198002;-;0;66;953.6;70.8;3.3;77.4;5244;-3.0;11.5
SMA;198003;-;0;73;944.0;75.8;4.8;73.6;5640;-3.5;14.6
SMA;198004;-;0;71;950.3;75.6;5.9;72.5;6390;-0.9;17.8
SMA;198005;-;0;64;946.0;84.6;10.8;68.4;9006;3.5;22.1
SMA;198006;-;0;74;949.1;160.4;14.0;75.2;7164;6.8;28.2
SMA;198007;-;0;69;949.5;127.9;15.0;76.0;7422;6.9;28.6
SMA;198008;-;0;56;952.1;71.7;17.8;72.5;11280;6.7;30.3
SMA;198009;-;0;50;955.1;33.4;14.9;76.8;11490;7.5;25.0
SMA;198010;-;0;73;947.8;127.3;8.3;82.5;5184;0.0;19.3
SMA;198011;-;0;78;949.9;49.2;2.9;80.6;2988;-4.4;16.0
SMA;198012;-;5;70;953.4;45.1;-0.5;82.3;3300;-12.4;10.2
SMA;198101;38;13;81;954.6;95.2;-2.0;85.1;2380;-9.4;7.8
SMA;198102;71;2;61;952.0;23.7;-1.0;78.7;5061;-7.7;7.1
SMA;198103;108;0;78;945.9;106.2;7.5;75.3;6303;-1.8;21.3
SMA;198104;177;0;60;949.7;21.7;9.6;68.7;9975;-1.9;23.1
SMA;198105;179;0;74;946.9;106.7;12.1;73.4;8404;2.5;26.7
SMA;198106;214;0;66;952.3;49.4;15.7;70.3;9489;5.1;29.1
SMA;198107;182;0;69;952.7;165.5;16.3;75.9;8871;8.3;28.5
SMA;198108;209;0;46;953.5;114.6;17.6;70.6;13459;7.8;29.5
SMA;198109;103;0;78;951.4;196.7;14.0;84.0;4619;5.7;23.4
SMA;198110;73;0;76;948.2;187.9;9.2;81.6;4331;0.4;22.2
SMA;198111;60;0;54;958.0;53.4;4.7;77.4;7086;-4.8;17.4
SMA;198112;28;5;83;937.5;168.6;0.6;86.0;1372;-11.8;11.3
SMA;198201;29;3;85;952.3;138.9;0.3;86.9;1290;-7.8;10.3
SMA;198202;70;2;64;952.8;18.5;0.7;82.0;5117;-8.0;11.5
SMA;198203;103;0;71;950.7;46.8;4.1;74.3;6333;-2.5;16.4
SMA;198204;185;0;58;950.6;50.9;7.3;62.5;10347;-1.1;20.2
SMA;198205;224;0;55;953.6;40.1;12.9;68.0;12405;2.3;25.8
SMA;198206;211;0;68;950.7;184.2;16.7;74.5;9839;8.3;28.1
SMA;198207;218;0;54;952.2;174.3;19.1;73.1;12612;11.2;30.0
SMA;198208;172;0;65;951.6;202.2;16.7;80.1;8769;8.3;29.1
SMA;198209;147;0;55;953.5;51.2;15.9;82.0;10461;8.2;25.9
SMA;198210;70;0;79;948.1;107.0;9.3;86.6;4112;2.4;17.1
SMA;198211;46;0;71;951.1;65.4;5.9;84.1;3827;-1.7;20.1
SMA;198212;26;0;81;949.5;92.4;2.8;85.0;2172;-4.7;12.4
SMA;198301;43;0;69;961.0;83.2;2.9;83.2;4776;-4.0;12.0
SMA;198302;74;7;65;950.2;55.8;-1.5;79.6;4926;-10.8;12.2
SMA;198303;112;1;64;951.3;67.5;5.6;77.0;7222;-2.2;16.8
SMA;198304;148;0;78;944.6;85.7;9.1;73.0;6003;0.6;23.4
SMA;198305;166;0;78;945.8;143.7;10.6;75.4;7197;3.8;24.7
SMA;198306;227;0;68;953.5;65.6;16.9;67.5;9655;7.4;29.4
SMA;198307;274;0;29;952.6;36.7;22.1;61.0;17292;9.9;35.8
SMA;198308;187;0;55;952.2;56.2;18.2;71.5;10339;10.0;28.9
SMA;198309;145;0;56;952.8;116.6;14.5;74.8;9702;7.4;24.0
SMA;198310;90;0;59;956.7;35.8;9.8;78.9;7171;0.6;23.0
SMA;198311;42;0;79;952.0;92.7;3.1;85.1;2933;-5.3;14.9
SMA;198312;36;0;73;951.7;36.4;1.0;82.5;4302;-7.5;13.9
SMA;198401;37;6;78;947.9;96.2;0.9;81.4;2686;-7.5;11.9
SMA;198402;62;2;76;951.9;62.4;-0.5;79.5;3304;-9.8;9.3
SMA;198403;131;2;50;947.6;25.0;2.5;70.8;9189;-5.7;15.8
SMA;198404;176;0;59;950.6;70.8;7.2;66.9;10162;-1.4;23.4
SMA;198405;162;0;78;943.0;87.6;9.9;71.7;5808;1.5;21.1
SMA;198406;224;0;59;951.4;84.6;15.2;65.8;10836;6.2;26.7
SMA;198407;244;0;45;953.6;63.1;18.1;63.4;14487;8.0;34.7
SMA;198408;179;0;53;952.4;77.7;17.1;71.8;10378;11.0;30.2
SMA;198409;115;0;73;947.8;229.0;12.9;77.7;6803;5.9;27.5
SMA;198410;90;0;63;953.4;69.7;10.4;78.9;6995;2.4;19.5
SMA;198411;46;0;74;946.2;67.7;6.0;83.6;3565;-2.4;18.1
SMA;198412;30;0;79;956.2;60.1;2.0;85.8;2672;-6.4;10.2
SMA;198501;42;12;75;945.2;77.6;-5.1;83.6;1951;-19.5;7.4
SMA;198502;77;7;66;953.0;65.0;-0.3;75.8;5462;-13.1;9.5
SMA;198503;106;2;78;947.6;41.5;3.3;71.7;5519;-6.4;15.2
SMA;198504;168;0;65;947.7;106.9;8.5;65.0;9423;-0.7;22.4
SMA;198505;184;0;68;945.9;127.9;12.6;71.7;8750;0.1;26.4
SMA;198506;217;0;68;950.5;128.3;14.1;69.0;10230;4.9;26.9
SMA;198507;238;0;48;952.9;62.3;19.1;68.0;14598;11.3;32.2
SMA;198508;208;0;49;952.5;93.8;17.2;72.2;14194;7.3;31.6
SMA;198509;166;0;39;956.3;44.9;15.4;76.1;13139;6.3;25.8
SMA;198510;91;0;60;957.8;7.1;9.5;81.1;8007;0.2;24.6
SMA;198511;36;4;83;948.0;134.9;1.2;82.7;1979;-5.6;18.3
SMA;198512;42;0;66;952.7;69.4;3.6;78.3;5319;-5.3;14.4
SMA;198601;38;4;79;945.5;143.1;0.9;79.9;3048;-8.5;12.2
SMA;198602;66;15;83;943.7;54.3;-5.2;81.9;2311;-15.3;3.8
SMA;198603;116;10;65;949.7;73.5;3.5;74.0;7586;-8.0;16.4
SMA;198604;114;1;85;944.1;179.9;6.0;77.9;4645;-4.1;20.7
SMA;198605;176;0;69;952.8;150.7;14.1;76.3;9163;3.8;27.3
SMA;198606;224;0;51;951.5;99.0;15.8;71.9;13412;3.6;29.3
SMA;198607;221;0;51;953.2;119.4;17.4;70.6;13816;8.7;29.3
SMA;198608;186;0;61;951.1;159.7;16.9;76.8;11682;6.9;32.3
SMA;198609;148;0;59;954.9;29.3;13.6;77.9;10144;4.6;26.2
SMA;198610;90;0;60;954.7;74.4;10.7;81.4;7862;0.7;22.2
SMA;198611;58;0;58;956.9;38.1;5.4;80.8;6618;-4.0;14.3
SMA;198612;30;5;81;954.6;82.9;1.6;84.6;2577;-9.4;9.0
SMA;198701;32;8;83;950.6;48.7;-4.3;85.0;2624;-20.8;10.7
SMA;198702;38;5;91;947.9;84.2;0.6;87.0;1341;-8.8;11.3
SMA;198703;113;2;68;950.4;63.6;1.0;74.7;6474;-10.4;14.7
SMA;198704;184;0;49;951.9;75.1;9.9;65.6;11580;-1.9;25.2
SMA;198705;166;0;71;949.7;148.2;9.8;74.9;7623;1.9;23.8
SMA;198706;174;0;75;951.3;232.2;14.0;79.1;7462;5.6;30.8
SMA;198707;201;0;63;951.5;133.1;18.0;76.2;9696;9.5;28.8
SMA;198708;180;0;59;951.9;115.9;16.9;76.2;11319;8.3;29.2
SMA;198709;156;0;55;953.8;168.2;16.7;76.8;11310;3.3;28.3
SMA;198710;73;0;76;950.3;34.6;10.0;85.6;4867;2.7;23.0
SMA;198711;40;0;81;950.7;60.7;5.0;85.2;2526;-0.9;15.6
SMA;198712;29;0;80;954.6;50.7;2.3;86.5;2863;-6.7;12.1
SMA;198801;37;0;80;947.5;53.9;3.4;82.2;3048;-3.2;12.9
SMA;198802;70;2;68;949.0;57.7;1.7;76.6;5256;-4.6;10.1
SMA;198803;81;3;85;947.8;190.2;3.4;79.2;3477;-6.4;14.7
SMA;198804;165;0;63;948.5;75.8;9.3;71.8;9612;-0.5;22.4
SMA;198805;201;0;66;947.6;125.0;14.2;72.5;10156;4.0;25.6
SMA;198806;219;0;60;949.6;168.4;15.4;74.8;10629;6.6;25.1
SMA;198807;231;0;53;951.9;166.4;17.7;73.0;13903;9.1;31.6
SMA;198808;187;0;55;951.2;220.1;17.7;78.2;12172;9.5;29.8
SMA;198809;132;0;63;954.1;69.9;13.9;80.0;8518;5.7;23.8
SMA;198810;70;0;70;952.6;113.4;10.7;86.0;4985;0.1;20.6
SMA;198811;45;4;70;955.8;56.2;2.9;85.7;3940;-8.9;14.7
SMA;198812;22;0;83;957.8;117.6;2.7;86.8;1817;-5.7;11.2
SMA;198901;37;0;80;964.8;7.0;1.0;88.2;3493;-4.4;8.6
SMA;198902;60;0;74;954.2;70.0;3.0;82.7;4632;-3.7;14.1
SMA;198903;131;0;58;951.3;47.6;8.3;67.2;11010;-0.1;23.2
SMA;198904;119;0;83;943.4;118.3;7.3;77.6;5161;1.1;18.6
SMA;198905;241;0;39;953.6;49.0;14.4;63.8;15899;1.6;25.4
SMA;198906;244;0;55;952.0;77.8;15.3;67.8;13659;5.4;27.7
SMA;198907;204;0;59;954.3;198.2;18.4;73.8;10117;9.1;29.6
SMA;198908;196;0;51;951.4;117.2;17.6;75.0;13141;6.2;30.8
SMA;198909;129;0;64;953.8;72.9;14.1;81.0;8697;4.0;25.7
SMA;198910;96;0;49;955.6;102.2;10.5;80.2;9657;2.3;20.2
SMA;198911;47;0;69;951.4;30.7;2.6;85.9;4589;-8.4;17.2
SMA;198912;29;0;81;949.9;59.2;2.5;80.2;2580;-4.6;16.3
SMA;199001;43;0;78;957.5;33.7;0.8;83.7;4357;-5.7;12.9
SMA;199002;78;0;59;951.7;153.2;6.7;71.8;7652;-1.1;17.7
SMA;199003;121;0;56;961.0;46.6;7.6;68.6;9503;-2.8;23.1
SMA;199004;137;0;73;948.3;67.7;7.2;73.8;6486;0.6;19.7
SMA;199005;235;0;55;953.1;92.0;14.8;67.6;13778;4.6;24.3
SMA;199006;197;0;68;950.5;205.5;15.2;76.8;9604;7.7;29.2
SMA;199007;242;0;46;954.1;82.9;18.4;64.3;15328;8.7;32.8
SMA;199008;213;0;45;954.7;49.8;19.0;66.6;15241;9.8;31.4
SMA;199009;143;0;61;953.0;128.3;13.4;75.4;9475;5.3;23.3
SMA;199010;86;0;71;949.0;117.7;11.2;83.1;6941;0.3;24.6
SMA;199011;37;3;81;949.0;140.9;4.4;85.3;2499;-2.0;15.1
SMA;199012;32;9;81;951.5;69.9;0.1;82.7;2971;-7.2;11.9
SMA;199101;30;0;85;957.8;59.4;0.8;84.0;2172;-6.7;13.5
SMA;199102;81;2;58;950.5;19.0;-1.1;80.5;5768;-13.0;15.5
SMA;199103;91;0;76;948.1;63.7;7.1;78.9;4775;-3.0;18.8
SMA;199104;173;0;64;950.0;62.6;7.6;66.7;10440;-1.6;19.3
SMA;199105;188;0;65;952.7;138.9;9.6;72.0;9985;0.9;23.9
SMA;199106;199;0;73;950.8;209.8;14.6;74.4;9571;6.7;27.9
SMA;199107;242;0;44;952.2;48.7;19.7;70.7;15551;11.2;31.3
SMA;199108;223;0;40;954.6;26.9;19.8;66.0;16190;9.7;33.1
SMA;199109;147;0;54;952.2;83.5;16.4;72.8;10889;7.1;27.9
SMA;199110;87;0;66;951.8;31.6;8.5;84.0;6507;-1.9;19.5
SMA;199111;35;1;80;950.1;128.5;3.9;84.1;2347;-1.6;16.6
SMA;199112;30;0;79;961.7;51.5;-0.5;85.2;2737;-7.6;10.1
SMA;199201;46;3;65;962.1;16.2;-0.8;82.0;4646;-10.2;9.9
SMA;199202;77;1;63;959.3;56.9;1.7;79.9;6108;-10.3;12.5
SMA;199203;106;0;69;950.8;90.5;6.1;72.3;6489;-0.8;16.1
SMA;199204;157;0;68;948.1;88.7;8.2;70.0;8455;0.0;25.8
SMA;199205;223;0;53;952.7;29.6;14.7;65.3;12862;4.0;27.3
SMA;199206;202;0;65;948.7;114.4;15.6;75.8;9462;7.4;27.9
SMA;199207;209;0;60;953.2;104.4;18.8;74.9;11331;11.5;31.3
SMA;199208;209;0;51;951.9;91.8;20.7;69.0;14466;9.6;32.5
SMA;199209;138;0;61;954.7;60.7;14.4;80.7;9661;5.1;26.6
SMA;199210;52;0;86;944.5;167.0;7.7;85.3;2220;-0.7;18.4
SMA;199211;32;0;84;953.2;174.1;6.3;87.8;2082;-0.4;16.1
SMA;199212;23;0;83;953.4;84.2;0.6;89.3;1629;-5.8;10.2
SMA;199301;45;0;65;960.2;24.4;3.5;79.0;4824;-11.3;16.6
SMA;199302;70;2;70;960.2;23.6;-0.4;82.8;5073;-9.8;10.4
SMA;199303;135;1;55;954.8;49.8;4.3;69.2;10314;-8.4;19.8
SMA;199304;173;0;66;946.7;78.7;10.6;66.7;10282;0.3;26.8
SMA;199305;215;0;68;949.0;131.0;14.5;72.6;11248;5.5;28.8
SMA;199306;220;0;60;952.1;128.9;16.8;72.6;11177;8.2;29.0
SMA;199307;194;0;64;953.6;284.9;16.7;77.4;9920;7.4;30.8
SMA;199308;192;0;55;954.1;119.9;17.5;77.3;12592;6.7;30.3
SMA;199309;126;0;76;948.5;72.4;13.0;83.2;7487;5.1;27.2
SMA;199310;57;0;86;949.1;98.1;7.9;87.6;3120;0.3;18.9
SMA;199311;32;0;86;953.2;52.2;1.0;88.2;1920;-6.9;12.8
SMA;199312;30;1;84;948.0;109.7;3.9;79.5;2198;-4.9;16.3
SMA;199401;39;1;79;950.7;104.4;2.5;82.7;3440;-7.0;13.6
SMA;199402;55;0;83;948.4;42.1;2.1;79.0;2752;-7.2;13.1
SMA;199403;109;0;73;954.8;80.6;9.1;69.7;6657;-0.2;21.2
SMA;199404;137;0;75;946.8;100.2;7.2;76.4;6951;-0.4;23.8
SMA;199405;166;0;73;948.6;234.2;12.9;79.2;7452;5.0;23.5
SMA;199406;216;0;61;954.3;84.4;16.8;71.8;11580;5.9;28.9
SMA;199407;238;0;46;953.0;43.3;21.4;68.3;15262;12.7;32.9
SMA;199408;192;0;56;951.7;127.4;19.2;74.9;12251;10.1;33.3
SMA;199409;114;0;76;950.5;98.2;13.7;84.2;6096;3.7;24.1
SMA;199410;87;0;65;951.8;73.1;9.3;82.4;7491;0.5;21.1
SMA;199411;32;0;88;955.3;42.8;7.8;89.5;1644;1.7;16.1
SMA;199412;29;0;85;956.2;141.2;3.6;84.6;2789;-4.1;12.5
SMA;199501;37;3;79;951.3;120.3;0.0;82.3;3046;-10.8;13.1
SMA;199502;63;0;76;950.3;116.6;5.1;77.6;4447;-1.2;14.7
SMA;199503;120;2;61;949.0;113.7;3.7;69.7;8893;-4.7;16.9
SMA;199504;151;0;70;949.7;89.0;8.9;72.7;7889;0.0;21.5
SMA;199505;202;0;69;949.7;170.6;12.9;70.0;11039;0.4;25.7
SMA;199506;198;0;64;950.8;163.2;14.3;76.2;9343;6.6;29.1
SMA;199507;245;0;45;950.9;73.2;20.5;71.4;15115;12.8;32.7
SMA;199508;176;0;63;951.2;176.6;17.5;77.7;10245;7.2;29.8
SMA;199509;121;0;74;948.6;87.1;11.9;82.5;6859;3.0;21.0
SMA;199510;93;0;61;956.6;8.7;12.7;87.0;8154;5.6;21.9
SMA;199511;46;0;74;951.9;58.9;3.6;85.4;4330;-5.5;13.7
SMA;199512;23;5;86;948.2;145.4;-0.2;88.5;970;-8.3;12.9
SMA;199601;31;1;86;946.9;5.6;-0.6;90.9;2138;-6.7;7.9
SMA;199602;66;6;71;945.9;49.0;-0.8;79.9;4646;-9.6;10.9
SMA;199603;130;0;63;948.1;36.1;3.0;70.8;9290;-8.9;19.6
SMA;199604;177;0;65;949.3;46.1;9.4;65.7;10034;-2.0;25.2
SMA;199605;176;0;71;947.4;139.5;12.2;76.7;8483;4.2;28.2
SMA;199606;238;0;53;954.0;97.6;17.2;68.1;12709;6.8;30.5
SMA;199607;234;0;50;952.7;162.5;17.2;70.6;14163;8.5;27.9
SMA;199608;173;0;65;951.2;117.0;16.7;79.6;9448;9.4;28.7
SMA;199609;130;0;63;949.5;51.9;10.9;80.3;8072;4.2;21.5
SMA;199610;68;0;79;952.6;110.8;9.4;85.0;4819;0.9;21.0
SMA;199611;45;2;76;946.7;116.3;4.8;81.6;3834;-3.4;19.6
SMA;199612;27;1;86;946.2;71.3;-0.7;88.5;1855;-12.9;10.2
SMA;199701;33;3;91;953.8;5.6;-1.8;90.3;1222;-11.4;7.4
SMA;199702;76;0;64;956.8;89.0;4.4;72.7;6263;-3.7;13.7
SMA;199703;122;0;60;957.6;18.8;7.7;71.6;8237;-1.0;18.5
SMA;199704;200;0;50;952.4;87.8;7.8;60.3;13435;-2.5;20.1
SMA;199705;232;0;58;949.9;48.5;13.4;65.5;13318;2.4;26.8
SMA;199706;194;0;78;946.4;188.4;15.6;76.6;8265;6.4;28.3
SMA;199707;211;0;65;952.6;158.3;16.9;77.2;11014;10.2;27.1
SMA;199708;204;0;51;952.1;109.3;19.4;75.7;13855;10.9;29.9
SMA;199709;159;0;55;955.6;42.7;15.0;81.0;11995;5.5;27.4
SMA;199710;90;0;61;951.5;76.2;9.0;80.5;7677;-4.3;23.6
SMA;199711;47;0;75;944.3;31.0;4.6;86.5;3360;-2.4;20.1
SMA;199712;28;2;83;947.7;130.3;2.5;84.6;2153;-5.8;12.7
SMA;199801;42;2;74;952.0;79.8;1.9;79.5;4588;-6.0;11.6
SMA;199802;88;1;52;959.3;37.9;3.7;75.6;8320;-6.7;16.3
SMA;199803;114;0;69;956.1;67.8;5.5;68.4;6975;-3.9;20.7
SMA;199804;154;0;78;941.1;66.2;8.6;72.0;7536;0.3;21.4
SMA;199805;241;0;49;949.5;17.8;14.7;61.3;14971;2.6;28.5
SMA;199806;230;0;64;952.0;128.6;17.3;68.3;12558;6.2;31.2
SMA;199807;203;0;63;950.0;101.3;18.4;71.0;10289;9.9;33.4
SMA;199808;201;0;51;952.8;69.7;18.5;68.5;13638;6.3;33.4
SMA;199809;112;0;75;947.8;170.2;13.3;82.4;5353;5.5;25.4
SMA;199810;67;0;82;950.1;150.2;10.0;79.8;3551;2.9;20.1
SMA;199811;48;0;72;951.8;121.7;2.0;82.3;4319;-9.9;11.7
SMA;199812;37;4;72;955.2;32.6;1.2;81.9;4431;-7.7;11.2
SMA;199901;51;2;66;950.9;53.5;2.1;78.6;5881;-8.8;12.2
SMA;199902;57;12;83;950.4;176.4;-0.4;83.5;2861;-11.5;10.0
SMA;199903;115;0;68;946.8;56.2;6.1;73.7;7417;-1.8;18.2
SMA;199904;153;0;72;948.6;107.6;9.0;74.0;7791;0.3;21.1
SMA;199905;185;0;68;950.1;287.0;15.0;76.1;9910;6.7;28.7
SMA;199906;203;0;66;952.8;202.4;15.1;75.8;9661;5.5;28.4
SMA;199907;210;0;59;951.2;101.0;18.7;74.1;12395;9.9;31.0
SMA;199908;173;0;65;949.6;135.4;17.9;79.2;9800;10.5;28.9
SMA;199909;145;0;60;948.7;129.3;16.7;78.0;10811;10.9;27.5
SMA;199910;82;0;69;951.9;52.2;9.5;83.3;6397;1.5;18.8
SMA;199911;39;5;83;954.4;108.5;2.1;86.7;2609;-5.4;15.3
SMA;199912;33;4;78;948.6;139.5;2.0;80.0;2834;-6.6;11.1
SMA;200001;40;4;76;958.1;30.5;0.1;84.0;3989;-11.9;11.0
SMA;200002;64;0;71;956.7;136.4;4.2;77.0;4726;-3.4;15.9
SMA;200003;113;0;68;953.8;85.7;6.2;69.5;8013;-2.7;17.4
SMA;200004;167;0;68;942.9;49.7;10.4;66.1;9759;-1.3;25.7
SMA;200005;208;0;61;950.6;136.9;15.2;69.7;11751;5.5;27.0
SMA;200006;254;0;48;954.5;75.7;18.0;65.5;15058;8.1;31.0
SMA;200007;191;0;66;949.3;195.5;15.9;76.6;9650;7.7;29.0
SMA;200008;198;0;49;953.1;142.9;19.0;75.0;14275;11.5;31.8
SMA;200009;155;0;54;950.3;127.5;15.1;79.6;11773;8.0;25.3
SMA;200010;63;0;81;950.3;72.0;10.4;85.3;3376;3.3;17.5
SMA;200011;49;0;75;944.2;67.1;6.0;80.7;4397;-0.4;15.0
SMA;200012;33;0;80;947.3;36.8;3.9;81.8;2646;-4.6;13.2
SMA;200101;41;0;76;947.7;99.3;1.7;82.1;3775;-5.6;9.4
SMA;200102;72;0;72;951.7;53.1;3.6;70.5;5147;-5.7;15.1
SMA;200103;78;0;88;941.9;237.4;6.9;80.9;3331;-0.8;18.4
SMA;200104;134;1;81;948.0;129.8;7.0;75.0;6006;-1.8;20.0
SMA;200105;220;0;62;950.1;116.2;15.5;70.0;13355;5.9;28.4
SMA;200106;227;0;59;952.3;182.3;15.2;71.4;12856;4.9;29.1
SMA;200107;236;0;54;950.8;140.9;18.7;70.6;15039;10.4;29.5
SMA;200108;204;0;51;952.5;111.6;19.2;75.1;14272;10.0;31.0
SMA;200109;103;0;79;949.8;189.3;11.7;82.8;5186;5.2;22.7
SMA;200110;101;0;55;954.0;81.0;13.3;83.9;9384;6.4;23.6
SMA;200111;42;0;81;955.1;98.7;2.9;84.0;3118;-2.3;11.3
SMA;200112;35;3;79;955.2;43.3;-0.1;79.5;3330;-14.4;10.1
SMA;200201;46;0;74;959.1;25.3;0.8;80.6;4692;-8.8;13.8
SMA;200202;64;0;76;950.6;85.2;5.7;72.9;4149;-3.8;14.6
SMA;200203;138;0;58;951.6;57.6;7.2;67.1;10310;-2.6;18.8
SMA;200204;186;0;64;948.1;70.0;9.1;63.9;11812;-0.6;19.9
SMA;200205;187;0;68;948.9;180.4;13.0;73.1;10161;3.5;28.2
SMA;200206;250;0;53;951.3;84.8;19.3;67.0;15067;8.9;34.1
SMA;200207;212;0;59;950.5;109.7;18.2;72.2;12268;9.7;29.6
SMA;200208;174;0;65;950.2;149.8;17.7;78.3;10416;11.2;28.8
SMA;200209;128;0;70;952.1;123.4;13.0;81.5;8534;2.0;24.0
SMA;200210;87;0;76;949.2;127.9;10.1;79.4;7120;1.7;21.5
SMA;200211;32;0;84;945.0;181.6;6.7;86.7;1799;2.2;16.3
SMA;200212;21;0;93;949.5;80.1;3.9;85.6;901;-3.8;12.6
SMA;200301;33;1;83;949.6;66.4;0.2;81.6;2562;-9.9;13.4
SMA;200302;74;10;71;952.8;34.3;-1.8;77.6;5359;-10.1;12.4
SMA;200303;150;0;47;956.0;31.3;7.6;59.9;13267;-2.0;20.0
SMA;200304;190;0;58;949.4;54.3;9.4;61.3;12512;-4.8;23.5
SMA;200305;186;0;70;952.6;115.5;14.8;71.6;10078;4.1;27.4
SMA;200306;275;0;47;951.2;57.8;22.5;62.3;17656;14.3;34.7
SMA;200307;230;0;52;951.7;110.9;19.8;66.8;15270;9.9;33.0
SMA;200308;224;0;38;952.2;81.8;22.7;60.3;17806;9.7;36.0
SMA;200309;164;0;48;954.5;45.6;14.5;73.5;12894;5.1;26.5
SMA;200310;72;0;71;947.1;143.9;6.4;85.4;5563;-4.3;21.2
SMA;200311;51;0;70;950.7;77.9;5.4;88.2;5372;-0.9;12.9
SMA;200312;36;0;68;951.9;39.5;1.2;83.9;4201;-8.9;12.4
SMA;200401;34;4;87;945.5;156.3;0.9;84.6;1890;-6.9;12.3
SMA;200402;84;2;70;952.6;41.4;2.1;73.4;7451;-8.0;13.8
SMA;200403;130;1;62;953.4;66.7;4.4;71.2;9304;-6.3;20.5
SMA;200404;177;0;67;946.7;45.8;9.6;65.3;10764;0.6;22.8
SMA;200405;216;0;59;948.9;172.1;11.9;68.9;12497;2.3;26.7
SMA;200406;218;0;68;953.0;139.1;16.4;71.9;11225;8.2;29.7
SMA;200407;222;0;60;952.3;118.3;17.8;72.6;13443;9.4;29.2
SMA;200408;192;0;63;949.8;57.4;18.7;73.5;11965;10.9;29.9
SMA;200409;145;0;60;955.1;72.5;15.2;76.3;10233;6.8;27.1
SMA;200410;76;0;80;947.8;126.5;11.4;86.0;5391;4.9;24.3
SMA;200411;43;0;80;954.2;20.5;4.3;82.8;2802;-3.5;13.7
SMA;200412;29;2;89;952.9;54.4;0.7;86.8;1958;-4.5;9.4
SMA;200501;53;2;66;956.7;34.8;0.5;78.6;5853;-11.8;11.5
SMA;200502;68;8;76;950.3;49.2;-1.1;79.7;3829;-11.4;11.0
SMA;200503;139;5;61;950.3;48.1;5.6;71.0;10618;-14.1;20.6
SMA;200504;156;0;70;948.4;139.5;9.3;70.9;9065;-0.6;25.2
SMA;200505;208;0;65;951.6;119.3;13.7;70.4;12589;3.3;29.7
SMA;200506;263;0;52;953.1;111.6;18.3;65.6;15913;4.2;32.6
SMA;200507;207;0;64;951.3;116.9;18.3;73.6;11666;10.3;32.7
SMA;200508;176;0;60;951.9;194.3;16.3;77.5;11277;8.9;27.8
SMA;200509;144;0;60;952.8;53.0;15.6;79.0;9878;6.3;26.8
SMA;200510;92;0;60;953.6;84.9;11.0;85.6;8826;3.8;19.2
SMA;200511;51;1;73;951.4;21.5;3.9;83.4;4730;-5.2;18.5
SMA;200512;27;2;84;950.9;68.8;-0.4;84.4;1658;-9.5;7.2
SMA;200601;46;1;77;955.3;24.6;-2.2;84.3;3829;-8.6;6.0
SMA;200602;57;2;84;947.4;56.4;0.0;80.5;3253;-6.9;10.2
SMA;200603;110;10;74;945.1;169.1;3.1;75.9;6230;-7.6;20.7
SMA;200604;153;1;68;948.8;189.4;8.8;74.5;8733;-1.5;21.8
SMA;200605;178;0;76;951.2;151.4;13.3;72.2;9180;3.4;24.3
SMA;200606;256;0;48;954.1;41.6;17.7;67.2;15300;3.7;30.1
SMA;200607;267;0;41;953.6;46.9;22.5;62.6;18753;14.0;33.1
SMA;200608;138;0;77;948.7;185.2;14.7;80.8;6567;8.3;25.3
SMA;200609;145;0;61;950.7;110.4;16.9;81.1;10970;8.4;26.5
SMA;200610;90;0;65;950.4;62.8;12.7;83.6;7918;5.7;20.9
SMA;200611;56;0;65;953.8;42.1;7.0;80.5;6097;-0.9;16.3
SMA;200612;36;0;71;958.4;54.6;2.5;84.6;4861;-4.2;13.1
SMA;200701;38;1;78;955.0;56.0;4.5;79.0;3529;-8.4;13.8
SMA;200702;70;0;63;946.9;69.5;4.8;78.4;6505;-1.5;13.8
SMA;200703;130;3;59;949.1;106.9;5.7;74.4;9845;-1.6;16.6
SMA;200704;232;0;32;952.0;6.4;13.9;56.9;18490;1.9;25.4
SMA;200705;214;0;65;947.0;120.9;14.6;70.2;12551;4.8;28.1
SMA;200706;213;0;67;948.6;121.2;17.2;74.9;10525;8.1;29.0
SMA;200707;223;0;60;951.3;171.4;17.6;72.5;12408;8.6;33.2
SMA;200708;179;0;61;951.4;260.3;17.0;78.8;10482;9.0;29.9
SMA;200709;155;0;63;955.1;75.1;13.0;77.8;9545;5.4;24.1
SMA;200710;95;0;66;956.8;21.0;9.3;80.8;6763;-0.8;23.5
SMA;200711;46;0;71;954.1;41.6;2.9;80.7;3835;-5.6;10.9
SMA;200712;27;0;87;957.6;102.6;0.6;84.0;1697;-6.4;11.4
SMA;200801;48;0;69;955.2;61.9;3.1;76.3;5547;-4.6;12.7
SMA;200802;99;0;42;960.2;37.2;3.9;71.2;10244;-7.0;17.3
SMA;200803;116;1;75;944.4;92.6;4.7;69.3;6195;-5.7;17.9
SMA;200804;142;0;79;946.3;183.6;7.9;73.7;5814;-2.2;20.0
SMA;200805;236;0;60;949.1;67.4;15.4;63.8;13356;5.7;28.0
SMA;200806;223;0;66;952.1;90.5;17.3;73.6;10971;7.0;30.8
SMA;200807;241;0;56;952.4;136.6;18.4;69.3;13787;10.5;30.0
SMA;200808;196;0;61;951.8;174.1;17.7;75.3;12039;9.6;27.8
SMA;200809;135;0;70;952.9;117.1;12.3;80.9;7824;4.0;26.9
SMA;200810;86;1;70;953.5;147.9;10.0;82.7;6242;-0.1;20.8
SMA;200811;48;1;72;950.0;31.5;4.3;84.7;3744;-6.3;14.8
SMA;200812;27;3;83;952.0;72.3;0.5;85.0;2067;-7.0;7.7
SMA;200901;37;4;84;948.7;42.4;-1.9;84.7;2773;-8.9;7.8
SMA;200902;71;6;75;948.6;60.2;0.4;79.2;4654;-10.7;10.8
SMA;200903;103;1;79;950.0;118.9;4.2;73.8;5212;-4.2;14.0
SMA;200904;199;0;59;948.2;20.3;12.0;61.5;11758;2.9;22.7
SMA;200905;234;0;61;954.3;87.7;15.4;68.0;13110;4.0;31.8
SMA;200906;245;0;65;951.8;186.3;16.5;71.1;12600;8.4;29.0
SMA;200907;230;0;61;952.7;154.0;18.6;71.8;12389;10.5;29.0
SMA;200908;227;0;47;954.1;69.0;19.9;71.0;15593;8.9;31.7
SMA;200909;150;0;53;955.1;68.7;15.4;78.1;9885;7.4;30.7
SMA;200910;91;0;72;953.1;56.0;9.6;79.4;6551;-1.7;24.8
SMA;200911;48;0;71;947.5;123.9;7.2;81.0;3733;-0.1;16.6
SMA;200912;30;1;85;943.5;110.9;1.1;81.0;2326;-13.6;9.0
SMA;201001;37;4;85;947.5;39.2;-1.9;84.4;2314;-8.2;7.0
SMA;201002;71;4;79;940.4;35.1;0.9;74.4;3618;-9.3;12.3
SMA;201003;126;2;71;951.4;53.7;4.6;67.0;7600;-8.1;21.3
SMA;201004;204;0;58;952.7;33.7;10.1;61.7;12050;-0.4;25.2
SMA;201005;157;0;81;948.9;140.1;11.5;77.4;6144;4.9;27.2
SMA;201006;220;0;62;950.4;126.1;16.9;71.3;11483;7.1;29.8
SMA;201007;248;0;55;953.7;131.7;20.0;71.0;15159;10.2;32.7
SMA;201008;170;0;70;952.0;121.3;17.2;76.4;8899;8.2;29.0
SMA;201009;159;0;64;951.7;89.2;13.2;77.6;10322;5.9;22.8
SMA;201010;84;0;72;949.6;45.5;8.7;81.5;6001;-0.3;22.6
SMA;201011;47;1;81;942.9;80.9;5.3;81.7;3427;-7.0;17.8
SMA;201012;30;7;85;946.3;105.0;-0.8;85.0;1588;-11.3;10.7
SMA;201101;40;1;77;953.4;47.2;1.2;81.6;3153;-8.1;12.8
SMA;201102;75;0;67;952.6;22.4;2.7;77.8;6225;-6.6;12.8
SMA;201103;139;0;62;954.6;21.1;6.6;66.9;10695;-2.8;19.2
SMA;201104;233;0;40;952.8;24.1;12.7;58.0;16825;1.2;24.5
SMA;201105;263;0;51;953.9;89.5;15.3;62.7;16799;1.9;27.6
SMA;201106;211;0;72;952.8;78.5;16.8;71.4;9476;7.4;32.2
SMA;201107;225;0;65;949.8;198.8;16.5;72.8;11600;8.6;30.8
SMA;201108;231;0;47;952.0;113.8;19.2;73.3;15522;9.5;32.7
SMA;201109;168;0;54;954.2;74.2;16.4;79.8;12225;7.6;28.0
SMA;201110;98;0;63;956.2;74.5;9.5;86.0;7538;-0.7;21.9
SMA;201111;52;0;69;955.6;0.1;5.1;90.0;4713;-1.5;15.9
SMA;201112;27;1;85;952.6;169.3;3.6;84.8;1931;-3.6;13.5
SMA;201201;35;0;76;956.7;86.8;2.0;84.7;3351;-6.3;10.1
SMA;201202;88;5;63;958.7;10.1;-3.5;76.1;6661;-16.9;14.6
SMA;201203;168;0;38;959.9;21.5;8.2;64.4;14287;-1.7;20.2
SMA;201204;153;0;77;941.7;59.1;9.0;71.3;6987;-0.5;28.4
SMA;201205;239;0;59;951.2;110.7;14.2;68.8;13501;1.4;28.9
SMA;201206;230;0;68;951.0;196.6;17.5;74.9;11815;8.1;31.5
SMA;201207;215;0;64;952.7;172.9;17.9;74.6;11935;9.6;31.8
SMA;201208;222;0;52;953.7;150.6;19.5;73.4;15295;9.5;32.4
SMA;201209;138;0;65;952.4;103.6;14.2;82.8;9275;5.6;26.6
SMA;201210;82;1;72;948.9;126.0;9.7;87.6;6840;-2.5;21.9
SMA;201211;49;1;85;949.1;100.1;5.8;88.3;3814;-2.7;16.5
SMA;201212;34;7;81;949.6;153.7;2.0;84.2;2975;-10.0;13.6
SMA;201301;38;2;84;949.4;60.4;0.6;85.8;2562;-8.3;13.0
SMA;201302;60;9;86;948.2;63.3;-1.3;83.1;2457;-9.5;9.0
SMA;201303;101;1;79;941.8;59.7;2.5;77.3;4949;-6.9;13.9
SMA;201304;141;0;75;949.6;106.1;8.8;74.3;6715;-1.3;24.5
SMA;201305;165;0;81;947.4;180.8;10.9;78.2;6491;2.3;22.4
SMA;201306;222;0;63;953.5;95.5;16.1;72.1;11334;4.4;33.8
SMA;201307;269;0;43;954.9;81.6;20.7;66.7;18207;10.2;35.1
SMA;201308;222;0;52;954.1;69.4;18.7;71.1;15382;10.1;32.9
SMA;201309;141;0;65;952.5;106.2;14.7;79.2;9292;6.6;28.5
SMA;201310;79;0;76;952.9;113.3;11.3;85.0;5599;3.2;22.1
SMA;201311;37;1;82;950.9;124.0;4.0;85.6;2566;-5.7;18.1
SMA;201312;47;0;59;957.4;33.5;1.7;84.8;6864;-4.3;13.2
SMA;201401;40;0;78;945.8;46.7;3.1;84.5;3649;-3.6;13.7
SMA;201402;77;0;71;945.5;65.0;4.1;78.6;5747;-2.1;12.7
SMA;201403;145;0;47;951.6;26.1;7.3;68.5;12017;-0.4;20.6
SMA;201404;180;0;62;949.6;88.2;10.9;67.9;11147;1.3;21.7
SMA;201405;205;0;68;951.5;115.7;12.6;70.4;10556;2.9;27.8
SMA;201406;278;0;51;952.4;146.6;18.0;64.3;16441;8.3;33.4
SMA;201407;191;0;69;950.8;191.1;17.6;79.6;10051;9.6;31.5
SMA;201408;178;0;71;951.3;111.7;16.4;77.5;9309;9.5;27.2
SMA;201409;152;0;62;953.6;69.4;15.2;82.2;9429;4.9;26.6
SMA;201410;96;0;64;953.4;82.3;12.4;86.0;7751;2.9;23.3
SMA;201411;53;0;73;947.3;79.4;6.6;90.5;4378;0.4;16.3
SMA;201412;28;4;76;954.9;54.2;3.1;83.8;2362;-11.8;12.4
SMA;201501;38;5;83;953.0;90.1;1.9;83.4;2758;-5.0;15.4
SMA;201502;70;7;75;950.6;36.3;-0.5;82.6;4552;-7.4;10.2
SMA;201503;133;0;60;954.3;82.1;6.4;68.8;10441;-2.4;17.2
SMA;201504;206;0;46;955.1;145.7;10.1;61.3;13811;-1.4;22.8
SMA;201505;200;0;69;952.3;160.7;13.8;72.8;10375;5.2;27.8
SMA;201506;256;0;56;954.6;140.8;17.9;70.4;14183;7.9;30.3
SMA;201507;269;0;37;952.9;40.3;22.2;59.6;17582;10.4;34.6
SMA;201508;214;0;47;952.5;60.7;20.4;69.6;14909;10.6;34.6
SMA;201509;146;0;59;953.1;43.9;13.2;74.6;9422;5.6;25.8
SMA;201510;82;0;74;952.8;43.6;9.2;83.2;5361;1.0;20.1
SMA;201511;60;0;63;956.6;63.7;7.8;78.6;6434;-3.7;19.9
SMA;201512;48;0;57;963.5;10.1;4.4;86.7;6926;-2.3;12.8
SMA;201601;40;2;79;950.2;145.9;2.8;84.0;3070;-8.7;11.6
SMA;201602;60;0;79;947.9;92.1;3.9;80.7;3610;-3.0;16.6
SMA;201603;115;0;67;948.4;41.7;4.7;73.4;7279;-2.2;21.6
SMA;201604;164;0;71;948.1;125.7;8.9;74.4;9350;-0.7;21.1
SMA;201605;199;0;68;949.2;171.6;12.8;71.5;10677;3.9;26.3
SMA;201606;199;0;73;951.2;228.6;16.4;80.3;8425;8.8;32.3
SMA;201607;239;0;54;954.7;198.1;19.4;72.0;13991;8.5;31.5
SMA;201608;221;0;48;956.0;72.3;19.0;73.2;15463;8.9;31.4
SMA;201609;169;0;46;954.9;53.0;16.8;76.6;12831;7.4;27.6
SMA;201610;82;0;74;955.3;65.3;8.5;85.2;5191;2.4;20.9
SMA;201611;45;0;80;950.8;102.0;4.9;83.8;3048;-4.3;17.7
SMA;201612;44;0;65;964.0;0.5;0.7;88.8;5565;-4.2;8.4
SMA;201701;35;5;88;956.5;89.4;-3.0;86.2;2206;-12.7;7.5
SMA;201702;79;0;71;952.5;52.4;3.7;80.5;5458;-2.2;18.8
SMA;201703;145;0;56;952.6;62.8;8.5;69.3;11151;0.0;20.8
SMA;201704;189;0;53;954.3;117.3;8.8;65.7;11692;-2.4;23.3
SMA;201705;238;0;55;952.6;75.4;14.8;67.0;14004;2.1;30.2
SMA;201706;266;0;50;951.9;85.7;19.9;64.1;15083;8.4;33.0
SMA;201707;222;0;66;952.8;171.7;19.2;71.5;12272;11.6;32.4
SMA;201708;208;0;55;954.3;102.2;19.5;73.5;13401;10.4;31.7
SMA;201709;138;0;70;952.5;106.8;13.1;78.5;8792;5.1;24.5
SMA;201710;111;0;51;957.6;39.8;11.3;77.7;10476;0.1;22.5
SMA;201711;42;0;82;952.5;88.5;4.8;81.1;3049;-1.4;16.0
SMA;201712;28;2;89;952.2;114.7;1.3;85.4;2110;-4.4;12.3
SMA;201801;39;0;87;950.9;131.9;4.8;81.2;3048;-2.9;13.1
SMA;201802;51;0;86;948.7;43.8;-1.5;79.8;2459;-13.1;6.9
SMA;201803;105;0;80;939.8;66.4;3.8;76.6;5526;-8.6;13.8
SMA;201804;215;0;48;948.8;12.7;13.5;57.4;14531;0.2;26.3
SMA;201805;217;0;65;950.3;106.7;15.4;71.9;12067;6.4;27.4
SMA;201806;262;0;57;952.5;64.5;18.5;68.2;15092;9.1;29.8
SMA;201807;266;0;35;952.2;63.2;21.2;60.8;17649;11.0;34.6
SMA;201808;220;0;50;953.8;113.3;20.8;65.3;15378;8.1;33.5
SMA;201809;177;0;43;956.8;71.4;16.4;72.1;14276;3.0;28.4
SMA;201810;104;0;50;952.8;48.7;11.2;78.2;10231;0.5;22.6
SMA;201811;42;0;86;951.5;17.0;5.4;87.8;2907;-1.9;16.4
SMA;201812;31;0;86;956.4;157.7;3.5;85.8;2112;-4.6;13.0