stn;time;gre000m0;prestam0;sre000m0;hto000m0;nto000m0;ure200m0;rre150m0;tre200m0;tre200mn;tre200mx
SIA;186312;-;-;-;-;-;-;23.5;-4.4;-;-
SIA;186401;-;817.9;-;-;17;79.9;4.9;-11.3;-;-
SIA;186402;-;809.5;-;-;50;81.6;54.0;-7.8;-;-
SIA;186403;-;810.4;-;-;52;78.3;68.1;-3.6;-;-
SIA;186404;-;813.8;-;-;31;67.8;35.1;-0.9;-;-
SIA;186405;-;814.7;-;-;-;73.0;46.5;5.4;-;-
SIA;186406;-;817.7;-;-;58;74.1;117.8;8.6;-;-
SIA;186407;-;819.3;-;-;43;73.5;84.8;10.9;-;-
SIA;186408;-;820.0;-;-;39;73.7;151.9;9.1;-;-
SIA;186409;-;819.7;-;-;43;77.9;147.7;6.9;-;-
SIA;186410;-;812.1;-;-;-;82.4;140.3;1.4;-;-
SIA;186411;-;810.5;-;-;56;83.4;63.0;-2.6;-;-
SIA;186412;-;813.4;-;-;38;80.1;9.0;-7.9;-;-
SIA;186501;-;805.5;-;-;51;80.4;51.2;-8.0;-;-
SIA;186502;-;806.6;-;-;48;74.7;7.8;-9.8;-;-
SIA;186503;-;803.2;-;-;57;78.0;46.6;-8.5;-;-
SIA;186504;-;820.2;-;-;30;74.6;5.3;3.0;-;-
SIA;186505;-;819.9;-;-;52;78.6;114.6;7.6;-;-
SIA;186506;-;819.9;-;-;49;66.5;79.7;9.6;-;-
SIA;186507;-;821.2;-;-;45;76.0;119.3;11.9;-;-
SIA;186508;-;818.7;-;-;61;83.1;233.6;9.7;-;-
SIA;186509;-;826.1;-;-;23;77.3;11.1;8.9;-;-
SIA;186510;-;813.0;-;-;60;86.8;173.0;2.4;-;-
SIA;186511;-;817.1;-;-;65;82.2;140.0;-1.4;-;-
SIA;186512;-;822.2;-;-;27;75.7;38.0;-6.5;-;-
SIA;186601;-;819.0;-;-;40;79.8;32.0;-5.7;-;-
SIA;186602;-;813.2;-;-;-;81.5;54.9;-3.9;-;-
SIA;186603;-;806.8;-;-;68;82.4;102.7;-3.7;-;-
SIA;186604;-;816.4;-;-;61;77.8;172.9;1.0;-;-
SIA;186605;-;815.6;-;-;61;76.0;125.8;3.1;-;-
SIA;186606;-;821.2;-;-;52;76.5;75.8;10.0;-;-
SIA;186607;-;820.0;-;-;53;73.2;107.4;10.9;-;-
SIA;186608;-;818.6;-;-;65;79.5;98.3;8.9;-;-
SIA;186609;-;819.9;-;-;61;83.0;97.5;7.4;-;-
SIA;186610;-;820.5;-;-;47;79.8;7.4;2.9;-;-
SIA;186611;-;815.5;-;-;57;74.7;20.4;-2.6;-;-
SIA;186612;-;819.2;-;-;43;77.0;41.0;-4.1;-;-
SIA;186701;-;807.5;-;-;65;85.9;147.7;-6.5;-;-
SIA;186702;-;821.1;-;-;60;78.3;6.0;-2.6;-;-
SIA;186703;-;808.4;-;-;-;80.4;58.9;-2.3;-;-
SIA;186704;-;814.7;-;-;63;73.9;79.8;1.7;-;-
SIA;186705;-;817.4;-;-;56;73.8;120.6;5.5;-;-
SIA;186706;-;820.5;-;-;56;73.9;82.5;9.4;-;-
SIA;186707;-;820.4;-;-;55;75.3;92.1;10.1;-;-
SIA;186708;-;823.0;-;-;55;82.3;64.9;10.8;-;-
SIA;186709;-;823.6;-;-;48;81.3;153.0;8.2;-;-
SIA;186710;-;817.5;-;-;63;83.6;145.6;0.6;-;-
SIA;186711;-;819.2;-;-;41;70.3;59.3;-3.3;-;-
SIA;186712;-;810.5;-;-;63;74.3;114.7;-8.3;-;-
SIA;186801;-;811.6;-;-;51;76.0;38.1;-9.2;-;-
SIA;186802;-;820.6;-;-;36;68.2;5.4;-5.3;-;-
SIA;186803;-;813.1;-;-;55;70.4;50.7;-5.0;-;-
SIA;186804;-;814.7;-;-;-;70.8;101.4;0.2;-;-
SIA;186805;-;822.0;-;-;41;75.7;44.6;8.8;-;-
SIA;186806;-;822.3;-;-;54;75.1;117.9;10.7;-;-
SIA;186807;-;820.9;-;-;68;76.7;86.3;11.2;-;-
SIA;186808;-;821.5;-;-;52;78.5;76.0;11.1;-;-
SIA;186809;-;820.2;-;-;59;86.3;233.4;8.3;-;-
SIA;186810;-;818.0;-;-;69;82.4;222.8;3.7;-;-
SIA;186811;-;814.0;-;-;44;78.1;74.9;-4.5;-;-
SIA;186812;-;815.2;-;-;64;82.2;57.1;-2.9;-;-
SIA;186901;-;819.0;-;-;36;72.5;6.7;-9.5;-;-
SIA;186902;-;820.8;-;-;51;73.6;14.5;-2.2;-;-
SIA;186903;-;803.1;-;-;69;76.8;100.1;-6.3;-;-
SIA;186904;-;817.1;-;-;44;73.9;42.9;1.3;-13.3;12.9
SIA;186905;-;816.3;-;-;72;80.0;144.5;7.5;-1.8;17.0
SIA;186906;-;818.9;-;-;55;73.7;115.0;7.2;-0.9;19.2
SIA;186907;-;823.8;-;-;41;73.2;59.6;13.0;2.8;24.3
SIA;186908;-;822.0;-;-;53;78.1;109.6;10.0;-1.0;21.5
SIA;186909;-;821.9;-;-;45;79.3;79.0;8.5;1.2;17.4
SIA;186910;-;818.0;-;-;43;78.6;64.7;0.8;-15.2;14.5
SIA;186911;-;814.9;-;-;55;76.0;24.2;-2.1;-13.0;8.6
SIA;186912;-;810.9;-;-;73;85.9;116.3;-6.4;-22.8;5.0
SIA;187001;-;814.0;-;-;44;80.2;11.2;-10.2;-20.8;1.8
SIA;187002;-;810.7;-;-;67;84.7;42.9;-7.1;-20.5;3.7
SIA;187003;-;809.8;-;-;53;76.3;14.6;-4.6;-15.5;5.4
SIA;187004;-;819.1;-;-;39;71.3;11.3;0.1;-13.3;12.1
SIA;187005;-;820.8;-;-;39;73.2;48.1;6.8;-6.6;21.2
SIA;187006;-;821.4;-;-;48;71.8;42.4;10.0;1.0;22.0
SIA;187007;-;821.7;-;-;51;75.1;110.8;12.4;2.2;23.4
SIA;187008;-;816.5;-;-;62;76.3;81.6;8.7;0.5;19.8
SIA;187009;-;822.7;-;-;48;76.2;68.3;6.5;-2.6;17.0
SIA;187010;-;815.5;-;-;57;79.1;51.9;1.6;-7.5;13.0
SIA;187011;-;812.9;-;-;66;84.1;177.5;-2.5;-15.3;5.0
SIA;187012;-;806.0;-;-;61;83.7;42.0;-8.6;-23.0;3.5
SIA;187101;-;807.2;-;-;-;84.8;128.0;-10.8;-23.2;-2.2
SIA;187102;-;818.9;-;-;30;74.5;4.5;-6.2;-18.6;7.3
SIA;187103;-;817.3;-;-;37;76.6;25.0;-3.3;-14.0;7.2
SIA;187104;-;814.1;-;-;55;74.6;44.7;1.0;-12.6;11.8
SIA;187105;-;816.5;-;-;44;71.0;35.0;4.3;-5.0;17.0
SIA;187106;-;815.3;-;-;66;76.5;148.7;5.9;-2.2;17.2
SIA;187107;-;821.7;-;-;48;74.5;123.6;11.7;0.5;25.5
SIA;187108;-;823.1;-;-;44;78.8;55.7;10.4;2.2;20.4
SIA;187109;-;819.9;-;-;46;83.1;67.1;8.8;0.4;19.0
SIA;187110;-;817.1;-;-;42;76.8;5.9;1.4;-;-
SIA;187111;-;810.2;-;-;62;83.5;102.0;-4.7;-;-
SIA;187112;-;814.6;-;-;14;75.1;8.2;-11.8;-;-
SIA;187201;-;811.7;-;-;57;83.9;80.3;-7.1;-;1.3
SIA;187202;-;816.3;-;-;40;78.2;34.9;-7.4;-17.0;5.8
SIA;187203;-;812.4;-;-;60;77.4;76.9;-3.0;-17.2;9.0
SIA;187204;-;813.6;-;-;56;73.2;114.9;1.5;-12.0;16.8
SIA;187205;-;815.8;-;-;83;80.4;258.4;4.2;-6.2;15.7
SIA;187206;-;819.0;-;-;61;74.4;127.5;8.9;2.0;21.5
SIA;187207;-;821.1;-;-;47;76.3;103.8;11.4;3.2;26.4
SIA;187208;-;820.0;-;-;55;79.4;181.4;9.3;1.2;20.2
SIA;187209;-;820.8;-;-;43;79.4;138.3;7.5;-5.0;21.3
SIA;187210;-;815.8;-;-;84;88.4;252.9;3.9;-4.7;12.6
SIA;187211;-;815.1;-;-;70;84.6;64.7;-1.3;-11.8;10.0
SIA;187212;-;811.6;-;-;67;85.5;254.5;-4.0;-17.3;4.3
SIA;187301;-;815.4;-;-;51;80.5;51.3;-6.7;-17.4;3.2
SIA;187302;-;813.1;-;-;44;77.2;40.2;-7.7;-20.3;5.9
SIA;187303;-;811.8;-;-;-;80.1;83.4;-1.5;-13.1;9.0
SIA;187304;-;811.0;-;-;58;72.5;33.4;-0.4;-11.4;12.3
SIA;187305;-;815.3;-;-;56;70.3;62.1;3.7;-6.4;16.8
SIA;187306;-;820.1;-;-;57;73.0;42.0;9.0;-2.6;22.4
SIA;187307;-;824.0;-;-;43;73.7;156.4;12.5;3.0;26.2
SIA;187308;-;823.8;-;-;50;78.0;104.8;11.5;1.7;24.3
SIA;187309;-;820.8;-;-;47;82.5;168.8;6.7;-1.3;20.8
SIA;187310;-;817.8;-;-;67;86.6;196.1;3.9;-9.4;16.0
SIA;187311;-;814.6;-;-;60;82.6;99.3;-2.1;-19.0;5.9
SIA;187312;-;821.9;-;-;16;72.9;18.7;-6.2;-19.7;5.3
SIA;187401;-;819.6;-;-;31;77.2;20.0;-7.2;-18.6;4.5
SIA;187402;-;815.3;-;-;49;75.2;16.4;-7.4;-22.0;3.7
SIA;187403;-;818.5;-;-;38;72.9;11.1;-4.6;-21.0;10.2
SIA;187404;-;814.0;-;-;54;75.2;113.0;2.0;-7.0;14.9
SIA;187405;-;812.5;-;-;62;72.4;30.7;2.5;-8.6;20.6
SIA;187406;-;821.9;-;-;56;71.3;130.2;9.6;-0.3;21.8
SIA;187407;-;823.1;-;-;53;74.8;126.5;13.3;2.0;27.4
SIA;187408;-;820.5;-;-;51;76.7;142.6;10.0;0.6;23.1
SIA;187409;-;823.3;-;-;50;81.6;44.4;8.8;-0.5;21.0
SIA;187410;-;820.8;-;-;39;76.1;35.5;3.5;-5.5;13.8
SIA;187411;-;812.6;-;-;42;80.1;124.6;-5.8;-22.0;8.7
SIA;187412;-;804.7;-;-;65;90.2;169.8;-9.8;-20.2;1.6
SIA;187501;-;818.1;-;-;47;84.5;73.5;-6.6;-17.3;3.0
SIA;187502;-;808.8;-;-;57;86.1;24.6;-9.5;-25.6;5.0
SIA;187503;-;813.8;-;-;47;79.6;6.5;-4.9;-20.0;9.4
SIA;187504;-;815.4;-;-;38;77.6;53.3;-0.7;-13.8;13.6
SIA;187505;-;820.0;-;-;47;77.2;57.8;6.8;-2.2;20.5
SIA;187506;-;820.2;-;-;67;82.1;168.9;9.6;0.7;19.8
SIA;187507;-;819.8;-;-;65;82.5;156.9;9.9;1.0;22.7
SIA;187508;-;823.3;-;-;42;80.7;106.1;11.3;2.7;24.4
SIA;187509;-;823.0;-;-;51;82.9;13.0;7.7;-1.7;17.7
SIA;187510;-;813.1;-;-;62;85.1;110.5;1.9;-9.3;15.3
SIA;187511;-;810.1;-;-;64;83.3;35.2;-3.7;-15.7;5.0
SIA;187512;-;814.6;-;-;41;83.8;10.8;-8.0;-18.5;3.3
SIA;187601;-;819.7;-;-;42;85.0;14.3;-7.8;-24.1;2.5
SIA;187602;-;812.3;-;-;59;84.3;14.5;-6.0;-22.6;7.8
SIA;187603;-;807.0;-;-;70;85.6;115.3;-3.6;-20.2;8.6
SIA;187604;-;813.5;-;-;72;84.1;292.5;0.9;-10.3;11.4
SIA;187605;-;814.7;-;-;67;81.3;116.5;2.9;-5.2;15.8
SIA;187606;-;818.0;-;-;62;77.9;71.3;8.9;-0.4;20.8
SIA;187607;-;823.0;-;-;40;69.8;62.6;12.0;3.6;23.7
SIA;187608;-;821.6;-;-;55;79.6;102.3;10.9;0.5;24.7
SIA;187609;-;817.6;-;-;51;79.1;100.3;6.2;-1.6;17.7
SIA;187610;-;819.4;-;-;37;80.0;15.3;4.8;-4.2;19.3
SIA;187611;-;813.5;-;-;57;82.8;16.5;-3.5;-16.0;6.2
SIA;187612;-;809.5;-;-;59;84.6;87.9;-4.5;-18.7;3.5
SIA;187701;-;816.5;-;-;55;80.6;26.8;-5.3;-16.3;4.1
SIA;187702;-;813.0;-;-;64;76.5;57.1;-5.0;-19.0;5.6
SIA;187703;-;807.0;-;-;68;80.4;149.7;-5.4;-21.7;6.7
SIA;187704;-;809.2;-;-;60;76.1;66.7;0.2;-9.2;9.1
SIA;187705;-;813.6;-;-;77;78.9;102.8;2.9;-8.5;12.1
SIA;187706;-;823.3;-;-;53;74.6;51.7;11.0;1.1;22.5
SIA;187707;-;821.6;-;-;69;80.5;219.0;10.4;1.3;22.5
SIA;187708;-;822.2;-;-;56;80.0;90.2;12.2;2.5;22.7
SIA;187709;-;818.6;-;-;49;77.5;68.4;6.2;-4.7;19.6
SIA;187710;-;818.5;-;-;38;72.9;22.0;0.5;-8.8;12.9
SIA;187711;-;814.8;-;-;51;77.6;121.8;-1.8;-10.6;8.1
SIA;187712;-;814.0;-;-;51;78.4;31.4;-7.2;-17.4;3.0
SIA;187801;-;814.9;-;-;40;73.0;18.9;-8.8;-25.6;7.3
SIA;187802;-;821.8;-;-;34;71.9;1.6;-4.9;-15.9;7.8
SIA;187803;-;812.2;-;-;67;73.4;103.3;-4.9;-21.5;9.0
SIA;187804;-;812.4;-;-;63;75.0;20.1;0.5;-14.5;11.2
SIA;187805;-;816.5;-;-;68;76.9;151.0;6.0;-3.8;19.5
SIA;187806;-;819.1;-;-;75;78.0;93.5;8.7;0.2;19.8
SIA;187807;-;819.7;-;-;56;71.4;84.3;10.8;2.2;24.9
SIA;187808;-;818.5;-;-;69;80.7;191.2;10.9;3.2;20.8
SIA;187809;-;819.7;-;-;59;80.5;205.9;7.9;-0.5;18.6
SIA;187810;-;816.7;-;-;66;82.9;153.5;3.1;-11.6;15.4
SIA;187811;-;811.1;-;-;74;81.8;173.0;-4.6;-14.1;4.5
SIA;187812;-;807.8;-;-;63;80.2;40.1;-10.1;-22.2;3.0
SIA;187901;-;812.8;-;-;55;80.4;40.4;-7.9;-23.7;3.3
SIA;187902;-;803.5;-;-;75;80.0;98.9;-5.7;-17.2;3.3
SIA;187903;-;813.8;-;-;56;77.0;28.4;-3.0;-17.7;7.1
SIA;187904;-;805.7;-;-;81;76.1;137.7;-0.8;-11.4;8.3
SIA;187905;-;813.5;-;-;79;75.5;177.0;1.9;-8.2;11.5
SIA;187906;-;819.6;-;-;56;74.9;60.1;8.8;1.2;22.1
SIA;187907;-;818.2;-;-;-;74.4;131.4;8.8;0.6;20.6
SIA;187908;-;821.6;-;-;44;-;122.7;12.4;3.8;26.3
SIA;187909;-;820.2;-;-;64;81.6;53.6;7.9;-1.6;21.0
SIA;187910;-;818.9;-;-;36;72.4;15.2;2.5;-8.5;15.6
SIA;187911;-;814.6;-;-;57;76.2;62.2;-4.8;-16.8;7.2
SIA;187912;-;818.9;-;-;28;71.1;12.4;-10.5;-24.2;0.6
SIA;188001;-;821.5;-;-;24;72.3;0.0;-9.3;-23.5;4.4
SIA;188002;-;815.0;-;-;39;79.4;59.2;-5.6;-16.2;5.2
SIA;188003;-;818.6;-;-;37;76.1;7.6;-1.7;-14.0;10.2
SIA;188004;-;812.6;-;-;83;81.7;60.6;1.8;-6.8;11.6
SIA;188005;-;814.9;-;-;68;74.1;55.8;5.3;-4.5;20.4
SIA;188006;-;817.2;-;-;77;79.0;137.6;7.6;0.9;20.2
SIA;188007;-;821.9;-;-;52;74.3;122.3;12.2;1.8;23.9
SIA;188008;-;818.2;-;-;78;77.2;71.9;10.0;0.4;20.8
SIA;188009;-;821.3;-;-;55;79.3;117.1;7.9;-1.0;20.5
SIA;188010;-;816.2;-;-;67;81.2;162.2;3.6;-8.4;15.0
SIA;188011;-;817.8;-;-;52;78.8;119.5;-1.5;-9.2;9.1
SIA;188012;-;817.2;-;-;54;76.4;57.6;-3.1;-12.2;5.5
SIA;188101;-;808.0;-;-;46;79.1;31.6;-10.4;-23.8;2.4
SIA;188102;-;811.4;-;-;60;79.0;7.6;-6.2;-20.0;4.0
SIA;188103;-;813.9;-;-;56;77.0;16.0;-2.0;-21.3;10.0
SIA;188104;-;811.8;-;-;84;81.3;54.8;0.8;-8.6;8.9
SIA;188105;-;818.2;-;-;57;70.7;45.5;5.2;-5.4;18.7
SIA;188106;-;818.5;-;-;62;74.0;50.9;8.5;-3.4;21.0
SIA;188107;-;824.0;-;-;46;70.9;60.7;13.2;2.0;25.5
SIA;188108;-;820.3;-;-;47;75.4;124.4;11.4;1.5;22.6
SIA;188109;-;818.4;-;-;60;80.8;91.4;5.8;-2.2;14.8
SIA;188110;-;812.7;-;-;70;82.3;51.5;0.3;-8.8;8.8
SIA;188111;-;822.3;-;-;34;76.6;20.5;0.7;-9.0;11.0
SIA;188112;-;816.9;-;-;42;77.5;46.8;-6.4;-16.8;2.8
SIA;188201;-;826.5;-;-;18;70.6;5.9;-5.7;-14.0;3.5
SIA;188202;-;822.5;-;-;23;69.9;5.0;-6.4;-16.0;5.9
SIA;188203;-;817.6;-;-;40;72.8;48.9;-1.3;-11.7;9.9
SIA;188204;-;812.3;-;-;63;76.2;82.3;0.2;-12.7;12.4
SIA;188205;-;818.6;-;-;60;74.9;51.5;5.7;-4.9;24.0
SIA;188206;-;818.9;-;-;66;75.5;126.6;8.2;-3.1;21.0
SIA;188207;-;819.2;-;-;65;74.6;84.9;10.5;1.8;25.1
SIA;188208;-;819.5;-;-;61;75.8;98.0;9.2;0.4;20.3
SIA;188209;-;815.4;-;-;82;85.4;324.9;6.0;-1.0;16.6
SIA;188210;-;816.3;-;-;71;81.2;198.0;3.1;-5.6;15.0
SIA;188211;-;811.8;-;-;55;77.9;38.9;-3.4;-16.0;8.4
SIA;188212;-;810.2;-;-;71;83.8;124.3;-5.2;-18.0;5.0
SIA;188301;-;814.4;-;-;53;77.3;34.8;-6.7;-25.0;8.0
SIA;188302;-;820.2;-;-;47;76.4;30.6;-4.8;-17.2;5.6
SIA;188303;-;805.8;-;-;63;74.0;21.4;-7.1;-21.0;5.4
SIA;188304;-;812.3;-;-;68;73.9;35.5;-0.6;-10.4;9.8
SIA;188305;-;815.8;-;-;64;73.1;47.5;5.3;-11.2;17.8
SIA;188306;-;818.1;-;-;75;79.0;119.6;8.5;1.0;18.2
SIA;188307;-;819.3;-;-;65;76.6;119.2;10.1;1.0;22.8
SIA;188308;-;822.1;-;-;37;75.2;44.6;10.2;1.7;22.0
SIA;188309;-;817.7;-;-;71;81.9;127.3;6.5;-2.0;14.3
SIA;188310;-;819.8;-;-;48;77.0;83.4;1.3;-8.0;11.5
SIA;188311;-;816.5;-;-;46;77.3;57.7;-3.4;-14.2;6.7
SIA;188312;-;817.8;-;-;49;74.2;36.5;-6.0;-19.4;5.0
SIA;188401;-;820.9;-;-;37;73.5;11.0;-5.6;-16.5;5.2
SIA;188402;-;817.4;-;-;46;77.0;9.9;-5.5;-16.4;4.6
SIA;188403;-;814.6;-;-;39;76.4;17.1;-2.6;-13.7;9.0
SIA;188404;-;808.0;-;-;72;79.6;70.0;1.0;-7.0;10.2
SIA;188405;-;819.7;-;-;50;75.3;52.5;6.9;-5.0;18.5
SIA;188406;-;816.1;-;-;64;73.0;72.2;6.5;-1.2;22.0
SIA;188407;-;822.3;-;-;50;76.4;112.7;11.5;2.5;24.0
SIA;188408;-;821.9;-;-;47;77.9;80.4;10.8;1.6;22.3
SIA;188409;-;822.5;-;-;53;81.8;78.2;7.3;-0.5;18.4
SIA;188410;-;817.7;-;-;53;74.2;45.8;1.2;-12.3;14.0
SIA;188411;-;817.7;-;-;27;71.3;0.4;-3.8;-14.0;10.3
SIA;188412;-;813.1;-;-;58;78.8;11.6;-5.0;-15.5;4.6
SIA;188501;-;812.4;-;-;32;79.3;27.1;-9.6;-18.0;1.9
SIA;188502;-;814.7;-;-;50;77.2;40.3;-4.1;-17.2;7.6
SIA;188503;-;812.3;-;-;57;78.1;41.6;-2.4;-13.4;8.0
SIA;188504;-;809.8;-;-;67;78.6;82.7;1.3;-10.6;12.7
SIA;188505;-;814.2;-;-;60;78.1;128.9;3.2;-8.6;19.8
SIA;188506;-;820.5;-;-;38;71.4;9.0;10.9;0.6;22.4
SIA;188507;-;823.1;-;-;42;71.8;25.0;12.5;4.5;24.0
SIA;188508;-;818.7;-;-;54;77.4;76.0;10.4;-0.4;21.3
SIA;188509;-;819.6;-;-;51;80.4;263.9;6.9;-4.4;19.7
SIA;188510;-;811.8;-;-;68;81.2;145.3;1.1;-10.5;10.3
SIA;188511;-;814.5;-;-;63;83.7;48.5;-1.5;-14.2;9.7
SIA;188512;-;817.9;-;-;36;73.3;2.1;-5.5;-18.0;8.0
SIA;188601;-;806.2;-;-;55;83.0;92.3;-7.6;-19.3;1.3
SIA;188602;-;812.6;-;-;42;79.5;11.9;-8.4;-23.4;1.9
SIA;188603;-;813.9;-;-;39;77.2;18.4;-5.4;-21.8;9.3
SIA;188604;-;814.7;-;-;57;77.7;35.5;1.6;-9.6;11.7
SIA;188605;-;818.7;-;-;40;71.0;50.7;5.7;-5.2;21.7
SIA;188606;-;816.0;-;-;71;77.1;72.0;7.9;1.2;20.8
SIA;188607;-;821.4;-;-;42;73.2;113.0;11.4;1.4;25.4
SIA;188608;-;820.9;-;-;54;78.8;76.9;10.9;1.6;22.8
SIA;188609;-;823.1;-;-;43;80.3;34.1;8.7;-2.4;19.7
SIA;188610;-;818.4;-;-;54;82.5;97.0;3.9;-3.0;15.6
SIA;188611;-;815.8;-;-;48;82.2;121.1;-2.3;-11.6;8.3
SIA;188612;-;808.1;-;-;62;84.8;115.8;-7.1;-19.8;5.0
SIA;188701;-;815.1;-;-;19;81.4;38.7;-10.2;-21.1;2.1
SIA;188702;-;819.7;-;-;23;78.5;12.7;-8.6;-19.4;4.4
SIA;188703;-;813.5;-;-;57;78.3;40.2;-3.9;-20.0;6.6
SIA;188704;-;813.6;-;-;53;77.9;63.4;-0.6;-13.0;9.5
SIA;188705;-;815.0;-;-;76;76.1;49.0;3.0;-10.0;14.5
SIA;188706;-;822.1;-;-;36;66.1;30.4;10.7;1.6;22.4
SIA;188707;-;823.5;-;-;55;75.6;62.2;12.7;4.0;23.3
SIA;188708;-;820.9;-;-;42;75.2;99.0;10.4;-0.3;23.0
SIA;188709;-;818.5;-;-;52;80.4;146.9;6.9;-3.4;18.0
SIA;188710;-;815.2;-;-;45;75.2;49.1;-1.0;-10.0;8.4
SIA;188711;-;809.6;-;-;63;83.7;141.7;-3.4;-15.0;5.5
SIA;188712;-;809.3;-;-;55;79.0;35.1;-9.4;-21.5;5.2
SIA;188801;-;818.3;-;-;29;72.3;8.7;-8.5;-26.0;6.2
SIA;188802;-;806.3;-;-;66;79.1;123.9;-7.7;-24.7;2.5
SIA;188803;-;805.7;-;-;57;78.7;124.1;-5.2;-20.0;3.5
SIA;188804;-;810.4;-;-;67;76.8;122.4;-0.8;-11.1;11.0
SIA;188805;-;819.8;-;-;51;74.2;12.3;5.1;-3.5;15.1
SIA;188806;-;819.1;-;-;58;74.7;118.8;9.0;0.3;23.2
SIA;188807;-;817.4;-;-;60;76.3;138.7;9.2;-4.9;20.3
SIA;188808;-;822.0;-;-;48;72.8;108.6;9.7;0.4;24.7
SIA;188809;-;822.6;-;-;68;84.6;249.4;7.8;-0.3;16.6
SIA;188810;-;817.9;-;-;37;72.6;127.4;0.5;-9.7;11.5
SIA;188811;-;816.5;-;-;52;76.7;59.0;-1.6;-9.2;7.4
SIA;188812;-;819.2;-;-;35;77.1;24.5;-5.6;-17.6;3.4
SIA;188901;-;815.7;-;-;32;77.8;29.0;-8.1;-18.1;3.0
SIA;188902;-;805.2;-;-;58;73.3;21.0;-8.0;-23.3;7.0
SIA;188903;-;810.8;-;-;47;74.4;33.1;-5.9;-20.2;7.3
SIA;188904;-;808.3;-;-;60;76.2;64.2;-1.0;-10.0;10.5
SIA;188905;-;816.2;-;-;70;83.2;102.5;6.7;-1.5;18.5
SIA;188906;-;819.4;-;-;70;80.0;75.8;10.3;0.0;21.3
SIA;188907;-;820.1;-;-;48;74.3;118.5;10.7;2.0;24.2
SIA;188908;-;821.1;-;-;50;78.2;140.8;10.1;1.0;21.5
SIA;188909;-;818.4;-;-;48;73.4;55.8;6.3;-5.0;19.1
SIA;188910;-;813.7;-;-;77;84.1;240.8;2.5;-6.6;9.2
SIA;188911;-;822.1;-;-;33;70.5;11.2;-1.1;-14.8;8.6
SIA;188912;-;817.6;-;-;38;81.4;32.6;-8.2;-18.1;1.0
SIA;189001;-;819.3;-;-;44;77.2;27.5;-4.4;-12.7;6.9
SIA;189002;-;815.1;-;-;29;77.3;4.9;-8.9;-21.2;1.9
SIA;189003;-;811.9;-;-;47;77.1;55.3;-3.8;-24.2;11.1
SIA;189004;-;809.8;-;-;62;78.6;89.1;-0.1;-12.6;9.1
SIA;189005;-;814.0;-;-;58;78.6;82.0;6.0;-2.8;16.0
SIA;189006;-;820.3;-;-;52;70.8;120.1;8.9;0.3;20.9
SIA;189007;-;819.7;-;-;53;78.5;227.1;9.3;0.5;22.6
SIA;189008;-;820.0;-;-;53;79.7;247.0;10.4;1.4;23.6
SIA;189009;-;824.0;-;-;53;80.1;72.3;6.4;-1.4;17.4
SIA;189010;-;818.9;-;-;47;74.1;17.8;1.4;-10.4;17.5
SIA;189011;-;811.7;-;-;55;78.2;32.8;-2.9;-12.0;6.3
SIA;189012;-;810.4;-;-;36;81.4;28.0;-10.2;-19.3;0.3
SIA;189101;-;812.5;-;-;35;79.1;5.3;-11.9;-27.6;2.7
SIA;189102;-;823.2;-;-;19;70.9;1.4;-6.5;-19.2;5.3
SIA;189103;-;810.4;-;-;63;80.7;79.2;-4.7;-18.6;6.8
SIA;189104;-;811.5;-;-;58;75.6;28.2;-2.0;-17.8;10.3
SIA;189105;-;813.8;-;-;74;82.1;124.4;4.5;-6.4;17.7
SIA;189106;-;819.6;-;-;59;75.5;63.6;9.1;1.1;23.8
SIA;189107;-;820.0;-;-;52;77.5;226.2;10.1;2.5;22.7
SIA;189108;-;820.1;-;-;57;81.8;269.4;8.7;1.0;21.6
SIA;189109;-;823.4;-;-;30;79.2;51.1;7.7;-2.4;18.9
SIA;189110;-;817.3;-;-;63;86.8;166.8;4.0;-12.5;12.3
SIA;189111;-;813.6;-;-;55;84.3;101.1;-2.2;-11.4;6.4
SIA;189112;-;819.0;-;-;42;77.9;48.0;-5.1;-20.8;6.7
SIA;189201;-;810.0;-;-;52;81.4;38.7;-7.0;-23.5;5.7
SIA;189202;-;808.3;-;-;70;84.0;94.2;-5.2;-18.8;5.0
SIA;189203;-;810.7;-;-;44;81.2;53.4;-7.0;-23.7;8.7
SIA;189204;-;813.6;-;-;53;78.3;63.1;0.6;-8.0;12.2
SIA;189205;-;-;-;-;-;-;21.6;5.5;-;19.0
SIA;189206;-;820.1;-;-;61;77.5;129.4;9.4;2.5;20.5
SIA;189207;-;820.3;-;-;43;75.8;106.8;10.4;-;22.0
SIA;189208;-;822.4;-;-;40;75.4;45.3;11.4;-;-
SIA;189209;-;821.9;-;-;56;-;138.7;7.6;-;-
SIA;189210;-;813.5;-;-;66;85.0;173.6;1.6;-;-
SIA;189211;-;819.3;-;-;38;80.2;36.1;-1.3;-;-
SIA;189212;-;811.8;-;-;-;74.0;3.3;-8.0;-;-
SIA;189301;-;808.6;-;-;33;82.1;23.5;-10.7;-23.0;5.0
SIA;189302;-;811.8;-;-;53;79.2;71.5;-6.4;-23.0;5.5
SIA;189303;-;817.9;-;-;32;70.6;8.5;-2.6;-17.6;10.0
SIA;189304;-;818.4;-;-;30;73.3;17.8;3.1;-8.0;14.4
SIA;189305;-;817.0;-;-;59;74.3;36.3;5.2;-6.2;15.5
SIA;189306;-;818.5;-;-;57;73.5;68.6;9.3;-2.3;22.0
SIA;189307;-;819.0;-;-;62;75.8;113.8;11.3;0.7;22.4
SIA;189308;-;822.7;-;-;35;69.8;18.1;11.5;-0.1;22.4
SIA;189309;-;818.6;-;-;61;81.2;108.4;7.7;-1.0;19.4
SIA;189310;-;819.3;-;-;44;78.9;91.9;5.0;-4.4;16.0
SIA;189311;-;812.1;-;-;55;84.5;43.6;-3.1;-13.9;10.0
SIA;189312;-;817.1;-;-;31;80.0;83.3;-6.9;-21.5;2.6
SIA;189401;-;814.2;-;-;39;85.1;53.1;-9.1;-21.5;3.0
SIA;189402;-;817.3;-;-;35;74.4;19.2;-6.2;-21.3;11.0
SIA;189403;-;813.9;-;-;32;75.7;31.8;-3.6;-15.5;7.6
SIA;189404;-;813.8;-;-;50;78.2;68.1;2.3;-8.0;14.0
SIA;189405;-;813.8;-;-;63;79.1;85.8;5.2;-4.6;18.0
SIA;189406;-;819.7;-;-;56;73.8;55.3;9.0;-0.5;21.5
SIA;189407;-;821.0;-;-;47;76.0;134.3;12.0;1.5;27.4
SIA;189408;-;821.6;-;-;43;76.0;108.0;10.3;0.5;24.1
SIA;189409;-;819.2;-;-;60;83.5;142.7;6.4;-2.5;17.6
SIA;189410;-;815.6;-;-;54;82.8;84.9;2.7;-8.0;12.1
SIA;189411;-;818.8;-;-;37;79.8;46.2;-0.8;-11.3;9.7
SIA;189412;-;813.9;-;-;30;76.3;8.4;-7.4;-16.8;3.6
SIA;189501;-;800.8;-;-;52;87.3;179.8;-11.5;-26.5;0.6
SIA;189502;-;805.1;-;-;36;82.0;13.7;-11.5;-24.8;2.5
SIA;189503;-;807.9;-;-;48;79.4;31.3;-4.4;-24.0;9.4
SIA;189504;-;813.4;-;-;56;78.0;45.5;2.2;-10.4;13.3
SIA;189505;-;817.3;-;-;63;76.6;79.5;5.1;-5.3;15.3
SIA;189506;-;820.1;-;-;70;77.5;93.4;9.1;-1.3;19.5
SIA;189507;-;820.8;-;-;-;77.4;104.8;12.2;0.8;21.2
SIA;189508;-;822.0;-;-;39;78.8;102.8;10.0;-0.4;21.8
SIA;189509;-;825.8;-;-;24;77.9;14.2;9.8;-1.8;23.3
SIA;189510;-;814.0;-;-;58;82.3;89.9;2.6;-10.1;15.8
SIA;189511;-;819.2;-;-;57;83.5;88.7;0.6;-13.0;9.9
SIA;189512;-;809.2;-;-;61;81.9;48.1;-5.2;-15.5;8.0
SIA;189601;-;819.3;-;-;23;77.0;21.9;-7.8;-19.7;3.8
SIA;189602;-;820.0;-;-;36;75.6;17.9;-5.2;-15.4;4.6
SIA;189603;-;812.4;-;-;62;80.8;48.7;-1.1;-14.9;9.8
SIA;189604;-;814.7;-;-;51;75.5;52.1;-0.8;-11.8;11.6
SIA;189605;-;815.4;-;-;54;71.2;41.5;4.5;-3.6;17.5
SIA;189606;-;818.5;-;-;67;76.5;97.7;9.3;-0.1;20.0
SIA;189607;-;821.1;-;-;59;76.2;200.3;11.6;2.0;22.6
SIA;189608;-;818.3;-;-;73;83.4;195.6;8.0;-1.7;19.0
SIA;189609;-;817.7;-;-;58;83.7;161.7;6.6;-3.2;18.4
SIA;189610;-;814.0;-;-;70;87.2;335.3;2.1;-11.7;13.0
SIA;189611;-;813.3;-;-;50;84.3;83.8;-4.4;-16.5;5.3
SIA;189612;-;811.1;-;-;61;85.0;116.5;-6.4;-19.7;3.0
SIA;189701;-;807.7;-;-;63;86.8;61.2;-7.6;-23.5;4.5
SIA;189702;-;819.2;-;-;53;74.1;20.4;-3.0;-19.0;10.0
SIA;189703;-;811.7;-;-;60;78.7;74.3;-1.2;-17.1;14.0
SIA;189704;-;812.5;-;-;59;77.1;51.8;1.4;-11.7;12.6
SIA;189705;-;812.6;-;-;57;76.5;87.5;4.3;-7.0;19.0
SIA;189706;-;821.2;-;-;45;72.5;73.5;10.8;-1.0;24.4
SIA;189707;-;820.3;-;-;55;73.6;99.3;11.9;2.5;24.4
SIA;189708;-;820.6;-;-;54;81.0;124.6;10.9;1.3;21.0
SIA;189709;-;819.6;-;-;57;81.0;213.2;6.5;-6.3;17.8
SIA;189710;-;820.6;-;-;41;76.9;14.8;2.2;-6.1;15.0
SIA;189711;-;822.8;-;-;28;75.2;9.0;-1.0;-13.0;10.5
SIA;189712;-;817.5;-;-;40;79.0;65.3;-6.2;-17.5;3.2
SIA;189801;-;825.1;-;-;30;76.0;21.5;-4.9;-13.9;7.8
SIA;189802;-;810.9;-;-;62;81.5;66.1;-6.0;-20.0;8.5
SIA;189803;-;807.3;-;-;64;83.8;184.7;-2.9;-16.7;10.5
SIA;189804;-;813.6;-;-;66;78.3;114.7;1.6;-10.6;13.6
SIA;189805;-;814.0;-;-;68;76.6;188.9;4.6;-5.4;15.0
SIA;189806;-;818.6;-;-;67;77.7;190.7;8.3;-2.6;20.0
SIA;189807;-;820.7;-;-;45;71.1;57.1;10.4;0.4;22.2
SIA;189808;-;823.8;-;-;43;75.5;80.2;11.8;-0.4;24.5
SIA;189809;-;823.0;-;-;30;77.3;4.5;8.8;-1.0;23.4
SIA;189810;-;816.5;-;-;62;86.6;128.2;4.3;-3.4;13.7
SIA;189811;-;815.6;-;-;66;91.6;223.6;0.6;-6.0;8.5
SIA;189812;-;820.7;-;-;30;86.0;10.7;-6.4;-16.6;5.4
SIA;189901;-;-;-;-;65;-;111.1;-5.0;-16.6;6.6
SIA;189902;-;816.0;-;-;27;67.4;10.5;-5.9;-22.7;6.6
SIA;189903;-;815.4;-;-;41;67.1;22.3;-3.6;-22.0;11.6
SIA;189904;-;813.0;-;-;64;68.8;126.3;0.4;-12.5;13.2
SIA;189905;-;816.8;-;-;59;67.5;82.9;4.7;-5.5;16.9
SIA;189906;-;818.6;-;-;50;66.9;54.9;9.2;-1.0;20.3
SIA;189907;-;822.4;-;-;55;71.0;71.7;11.1;0.4;23.1
SIA;189908;-;822.9;-;-;41;72.0;51.0;11.2;1.2;21.0
SIA;189909;-;817.9;-;-;64;78.1;112.3;6.8;-12.6;21.4
SIA;189910;-;822.1;-;-;42;75.3;10.3;4.1;-4.0;14.4
SIA;189911;-;823.4;-;-;29;64.8;2.4;-0.1;-9.4;10.3
SIA;189912;-;810.5;-;-;55;78.4;70.8;-6.9;-22.0;7.6
SIA;190001;-;811.1;-;-;63;73.0;95.1;-5.9;-20.6;10.5
SIA;190002;-;807.1;-;-;66;78.2;70.0;-4.6;-20.5;9.6
SIA;190003;-;808.3;-;-;53;69.8;60.5;-6.8;-20.0;8.4
SIA;190004;-;814.0;-;-;52;67.5;22.3;-0.6;-19.6;15.1
SIA;190005;-;814.4;-;-;66;74.2;111.1;5.2;-2.5;15.9
SIA;190006;-;819.4;-;-;61;71.3;68.9;10.1;-0.4;18.7
SIA;190007;-;822.3;-;-;50;73.2;118.7;12.1;1.3;25.4
SIA;190008;-;820.4;-;-;56;80.0;222.5;9.5;1.0;19.2
SIA;190009;-;824.6;-;-;53;80.2;63.2;8.7;-0.4;18.6
SIA;190010;-;819.9;-;-;47;75.9;30.0;3.7;-7.0;15.9
SIA;190011;-;811.2;-;-;73;83.2;114.3;-1.7;-12.2;8.6
SIA;190012;-;818.3;-;-;38;65.6;10.5;-4.2;-12.5;8.4
SIA;190101;-;816.2;-;-;33;67.9;12.6;-8.9;-23.0;4.4
SIA;190102;-;809.1;-;-;34;69.3;51.9;-12.9;-30.2;0.2
SIA;190103;-;806.6;-;-;71;76.5;189.9;-5.5;-23.1;6.4
SIA;190104;-;815.1;-;-;63;73.1;120.1;0.7;-13.8;14.1
SIA;190105;-;817.4;-;-;58;71.6;82.3;4.7;-7.8;20.0
SIA;190106;-;820.3;-;-;53;70.7;168.1;9.9;-1.0;21.0
SIA;190107;-;820.5;-;-;61;74.2;173.8;10.7;2.5;20.9
SIA;190108;-;821.5;-;-;47;75.9;108.4;10.4;-0.5;21.0
SIA;190109;-;817.8;-;-;69;86.1;102.9;7.7;-1.0;17.8
SIA;190110;-;816.0;-;-;55;80.4;112.5;2.4;-6.4;12.4
SIA;190111;-;816.7;-;-;31;69.6;52.1;-2.9;-14.5;7.2
SIA;190112;-;808.4;-;-;57;77.4;124.0;-5.5;-20.8;5.7
SIA;190201;-;818.6;-;-;40;68.8;41.4;-6.7;-17.6;6.0
SIA;190202;-;808.5;-;-;70;81.8;92.7;-5.6;-19.0;6.1
SIA;190203;-;812.0;-;-;51;69.1;143.0;-4.2;-18.5;9.7
SIA;190204;-;814.4;-;-;63;76.4;42.3;2.4;-10.2;12.9
SIA;190205;-;813.7;-;-;65;67.2;56.5;1.9;-8.7;14.8
SIA;190206;-;817.3;-;-;64;74.2;106.5;7.5;-2.3;19.4
SIA;190207;-;821.9;-;-;42;70.4;129.3;11.5;0.8;24.6
SIA;190208;-;820.7;-;-;49;78.4;118.3;10.0;0.9;20.1
SIA;190209;-;820.9;-;-;49;82.9;106.1;7.3;-1.3;20.5
SIA;190210;-;816.7;-;-;57;81.9;100.6;2.0;-6.0;11.4
SIA;190211;-;814.7;-;-;46;78.1;44.0;-2.9;-12.6;7.5
SIA;190212;-;814.8;-;-;47;72.0;91.8;-5.9;-16.8;7.7
SIA;190301;-;818.4;-;-;33;73.1;61.7;-9.4;-23.1;6.9
SIA;190302;-;823.0;-;-;33;66.0;28.5;-4.8;-18.3;9.3
SIA;190303;-;816.9;-;-;38;68.4;34.3;-3.0;-15.6;10.1
SIA;190304;-;808.5;-;-;64;67.5;113.2;-2.3;-14.9;9.2
SIA;190305;-;815.6;-;-;53;71.1;124.0;4.3;-7.3;16.0
SIA;190306;-;815.2;-;-;63;78.3;77.2;8.0;-0.1;25.6
SIA;190307;-;819.9;-;-;63;76.8;134.5;9.9;0.5;23.8
SIA;190308;-;821.8;-;-;42;77.2;129.9;10.7;1.3;21.8
SIA;190309;-;821.8;-;-;44;82.8;53.6;7.2;-1.6;20.2
SIA;190310;-;816.4;-;-;55;79.9;151.2;3.0;-8.9;15.8
SIA;190311;-;815.1;-;-;51;76.0;78.2;-2.7;-12.3;6.6
SIA;190312;-;809.0;-;-;56;80.7;71.8;-7.5;-15.5;0.9
SIA;190401;-;815.6;-;-;42;76.2;27.9;-8.6;-18.0;1.4
SIA;190402;-;805.9;-;-;62;75.8;152.5;-6.4;-21.0;6.4
SIA;190403;-;811.3;-;-;56;76.6;158.5;-3.9;-15.5;8.4
SIA;190404;-;816.1;-;-;58;71.7;49.2;2.0;-11.6;13.6
SIA;190405;-;819.5;-;-;46;73.9;98.1;6.6;-5.6;19.0
SIA;190406;-;820.4;-;-;54;78.8;113.6;10.4;0.9;20.1
SIA;190407;-;823.3;-;-;-;75.9;61.9;12.4;1.9;23.7
SIA;190408;-;822.3;-;-;44;80.4;51.0;11.2;-1.7;22.9
SIA;190409;-;818.8;-;-;67;87.1;105.9;5.7;-3.0;16.0
SIA;190410;-;818.3;-;-;45;81.5;22.5;3.1;-5.5;15.1
SIA;190411;-;815.2;-;-;28;75.7;57.4;-3.5;-20.5;12.4
SIA;190412;-;814.5;-;-;39;85.9;75.9;-6.6;-16.5;4.5
SIA;190501;-;817.7;-;-;42;75.6;33.5;-10.3;-25.4;3.0
SIA;190502;-;815.4;-;-;46;71.5;29.9;-7.5;-20.4;3.6
SIA;190503;-;811.6;-;-;51;74.5;48.9;-3.5;-18.0;10.7
SIA;190504;-;811.2;-;-;52;69.2;51.2;0.6;-11.2;10.0
SIA;190505;-;816.3;-;-;63;74.7;185.8;4.4;-2.8;16.0
SIA;190506;-;818.1;-;-;57;72.2;68.2;9.8;1.4;18.6
SIA;190507;-;822.8;-;-;44;66.7;141.5;13.0;1.4;24.4
SIA;190508;-;820.4;-;-;55;79.0;260.6;9.9;-0.1;19.0
SIA;190509;-;819.2;-;-;-;83.8;118.5;7.9;0.6;16.0
SIA;190510;-;812.7;-;-;53;70.9;19.1;-1.9;-11.1;9.5
SIA;190511;-;809.2;-;-;67;83.9;122.2;-3.6;-13.5;8.5
SIA;190512;-;820.4;-;-;23;78.4;12.8;-6.9;-18.1;4.5
SIA;190601;-;816.3;-;-;34;73.2;17.8;-9.0;-24.0;2.3
SIA;190602;-;806.6;-;-;54;76.8;75.2;-8.9;-21.2;3.1
SIA;190603;-;811.1;-;-;46;69.0;59.1;-4.7;-17.8;7.8
SIA;190604;-;815.5;-;-;63;75.7;95.4;-0.2;-12.5;9.5
SIA;190605;-;814.3;-;-;56;70.8;67.6;5.8;-7.6;20.2
SIA;190606;-;819.1;-;-;53;65.2;48.5;9.2;-1.3;20.5
SIA;190607;-;820.9;-;-;60;72.5;98.3;11.8;0.5;21.0
SIA;190608;-;822.9;-;-;35;63.7;46.7;12.0;1.5;22.0
SIA;190609;-;821.9;-;-;-;72.5;38.5;6.7;-4.2;20.0
SIA;190610;-;818.4;-;-;52;85.6;44.4;4.3;-3.0;15.3
SIA;190611;-;816.4;-;-;48;83.6;257.1;-2.1;-13.3;5.3
SIA;190612;-;808.2;-;-;57;75.8;27.6;-9.3;-23.0;6.5
SIA;190701;-;818.0;-;-;53;75.3;28.8;-7.2;-20.3;2.7
SIA;190702;-;809.6;-;-;44;76.4;17.4;-8.3;-21.2;4.6
SIA;190703;-;816.3;-;-;42;71.4;36.4;-5.0;-18.5;8.8
SIA;190704;-;806.9;-;-;63;71.7;74.2;-0.1;-12.0;10.4
SIA;190705;-;817.2;-;-;55;70.9;85.5;6.3;-14.0;18.0
SIA;190706;-;-;-;-;57;70.2;124.7;9.8;-1.7;18.0
SIA;190707;-;819.8;-;-;50;67.0;84.3;9.9;0.5;19.5
SIA;190708;-;822.8;-;-;41;71.8;79.6;11.8;0.3;22.2
SIA;190709;-;823.0;-;-;-;77.1;28.4;8.8;1.0;17.4
SIA;190710;-;815.4;-;-;72;90.6;239.0;4.3;-2.7;10.0
SIA;190711;-;817.3;-;-;47;83.0;32.0;-1.5;-12.5;7.4
SIA;190712;-;812.2;-;-;54;84.3;77.3;-5.7;-17.5;8.1
SIA;190801;-;817.4;-;-;20;77.2;1.1;-8.4;-22.1;7.0
SIA;190802;-;813.3;-;-;44;71.1;50.8;-6.5;-19.2;5.0
SIA;190803;-;810.4;-;-;54;76.8;55.1;-5.8;-18.4;6.3
SIA;190804;-;809.1;-;-;70;73.4;81.6;-1.3;-14.1;7.5
SIA;190805;-;820.7;-;-;58;74.2;131.8;7.2;-4.5;18.5
SIA;190806;-;820.8;-;-;49;69.8;121.0;10.5;1.0;20.5
SIA;190807;-;820.2;-;-;54;71.4;166.3;10.7;1.0;19.8
SIA;190808;-;819.5;-;-;51;72.8;172.5;9.9;1.2;19.5
SIA;190809;-;821.5;-;-;50;79.5;74.0;6.7;-4.2;16.4
SIA;190810;-;822.3;-;-;36;82.6;48.2;3.6;-6.7;15.4
SIA;190811;-;816.7;-;-;43;81.4;20.7;-3.4;-12.5;8.7
SIA;190812;-;812.9;-;-;38;83.4;34.6;-7.4;-15.8;2.8
SIA;190901;-;815.5;-;-;32;75.2;8.8;-9.5;-20.4;4.0
SIA;190902;-;809.8;-;-;50;71.4;42.8;-8.2;-24.3;6.0
SIA;190903;-;803.5;-;-;63;76.7;53.9;-5.8;-23.6;6.0
SIA;190904;-;816.4;-;-;42;70.1;47.1;1.8;-14.6;11.5
SIA;190905;-;817.9;-;-;59;70.5;45.2;5.3;-8.4;18.5
SIA;190906;-;816.6;-;-;76;79.4;145.1;7.4;-1.0;16.3
SIA;190907;-;818.7;-;-;57;71.4;86.8;10.0;0.5;21.8
SIA;190908;-;820.4;-;-;55;74.2;139.3;10.6;1.9;20.5
SIA;190909;-;818.4;-;-;65;82.8;65.6;6.5;0.0;16.1
SIA;190910;-;818.3;-;-;58;83.2;126.6;3.6;-6.8;13.5
SIA;190911;-;811.1;-;-;39;73.5;46.3;-4.3;-15.2;6.5
SIA;190912;-;809.7;-;-;65;82.9;117.3;-4.4;-14.8;4.5
SIA;191001;-;811.7;-;-;44;73.1;108.5;-6.9;-21.0;2.6
SIA;191002;-;810.2;-;-;56;77.2;73.5;-6.8;-20.5;6.8
SIA;191003;-;816.8;-;-;42;73.0;43.7;-4.0;-17.6;10.1
SIA;191004;-;811.6;-;-;69;75.0;98.9;0.2;-10.1;9.0
SIA;191005;-;812.2;-;-;68;70.6;92.7;3.6;-11.6;14.4
SIA;191006;-;817.0;-;-;60;76.3;133.9;9.2;0.1;18.0
SIA;191007;-;817.6;-;-;61;75.2;112.5;9.2;0.0;19.5
SIA;191008;-;820.1;-;-;56;80.3;102.5;10.0;0.4;20.8
SIA;191009;-;-;-;-;60;75.3;28.4;5.6;-2.5;12.6
SIA;191010;-;819.4;-;-;54;88.3;74.0;3.3;-5.4;14.0
SIA;191011;-;808.0;-;-;69;79.3;76.4;-4.7;-15.8;4.9
SIA;191012;-;812.0;-;-;65;84.7;108.4;-4.3;-15.0;3.5
SIA;191101;-;817.7;-;-;26;71.4;4.0;-9.5;-18.2;2.5
SIA;191102;-;817.6;-;-;34;70.2;39.1;-7.5;-20.8;5.5
SIA;191103;-;810.7;-;-;62;77.5;93.0;-4.0;-17.5;8.5
SIA;191104;-;813.2;-;-;42;73.7;47.5;-0.8;-15.3;10.7
SIA;191105;-;-;-;-;-;-;49.0;6.0;-;-
SIA;191106;-;-;-;-;-;-;150.0;8.6;-;-
SIA;191107;-;824.6;-;-;36;70.1;59.7;12.8;2.6;21.6
SIA;191108;-;822.6;-;-;44;68.2;141.8;13.3;3.4;22.1
SIA;191109;-;-;-;-;46;73.4;96.8;8.6;-;20.5
SIA;191110;-;818.5;-;-;54;87.7;213.8;1.8;-10.0;12.1
SIA;191111;-;814.4;-;-;50;86.1;152.5;-2.4;-11.0;6.5
SIA;191112;-;815.1;-;-;57;82.3;147.2;-5.2;-14.0;3.0
SIA;191201;-;813.3;-;-;61;83.6;68.6;-5.9;-22.0;7.2
SIA;191202;-;811.8;-;-;54;78.9;27.5;-4.5;-24.2;5.7
SIA;191203;-;813.5;-;-;60;78.1;150.3;-2.5;-16.0;8.8
SIA;191204;-;-;-;-;62;73.6;25.1;-0.8;-15.6;9.0
SIA;191205;-;817.2;-;-;62;74.2;40.3;5.6;-2.5;18.3
SIA;191206;-;817.9;-;-;61;77.5;94.5;8.6;-3.5;19.5
SIA;191207;-;819.4;-;-;59;78.4;138.6;11.0;1.0;19.3
SIA;191208;-;817.4;-;-;64;82.9;161.6;8.1;-0.6;16.0
SIA;191209;-;817.8;-;-;57;74.1;8.6;3.8;-5.0;14.5
SIA;191210;-;816.9;-;-;56;84.7;125.9;1.5;-9.0;12.8
SIA;191211;-;813.3;-;-;-;75.3;93.5;-5.8;-17.2;16.0
SIA;191212;-;819.6;-;-;34;79.4;19.0;-5.6;-15.0;7.9
SIA;191301;-;-;-;-;-;-;37.7;-6.5;-;-
SIA;191302;-;-;-;-;-;-;14.4;-7.8;-;-
SIA;191303;-;-;-;-;-;-;113.9;-1.5;-;-
SIA;191304;-;-;-;-;-;-;85.2;0.0;-;-
SIA;191305;-;-;-;-;-;-;61.0;4.9;-;-
SIA;191306;-;-;-;-;-;-;87.0;8.6;-;-
SIA;191307;-;-;-;-;-;-;87.8;8.2;-;-
SIA;191308;-;-;-;-;-;-;92.7;9.2;-;-
SIA;191309;-;-;-;-;-;-;102.8;6.6;-;-
SIA;191310;-;-;-;-;-;-;115.6;4.0;-;-
SIA;191311;-;-;-;-;-;-;112.7;0.0;-;-
SIA;191312;-;-;-;-;-;-;27.3;-5.4;-;-
SIA;191401;-;-;-;-;-;-;46.4;-10.0;-;-
SIA;191402;-;815.4;-;-;44;85.5;91.0;-4.8;-14.5;6.0
SIA;191403;-;809.4;-;-;64;78.5;113.0;-2.7;-17.0;9.0
SIA;191404;-;818.9;-;-;51;78.1;66.7;1.6;-9.6;12.4
SIA;191405;-;816.8;-;-;68;80.2;114.3;4.7;-3.6;16.3
SIA;191406;-;817.3;-;-;59;79.7;57.3;8.0;-2.9;20.7
SIA;191407;-;817.8;-;-;61;79.3;149.5;10.0;0.4;20.2
SIA;191408;-;822.0;-;-;49;85.8;136.7;10.5;1.1;19.8
SIA;191409;-;820.5;-;-;50;-;23.7;7.2;-;-
SIA;191410;-;815.9;-;-;52;81.8;128.4;1.9;-5.1;-
SIA;191411;-;812.7;-;-;47;77.8;16.2;-4.0;-18.0;-
SIA;191412;-;812.7;-;-;61;80.4;47.0;-5.3;-21.0;-
SIA;191501;-;802.7;-;-;62;75.5;89.3;-8.6;-23.5;-
SIA;191502;-;807.5;-;-;59;75.7;147.8;-8.0;-;-
SIA;191503;-;809.6;-;-;50;75.3;56.8;-3.8;-18.0;-
SIA;191504;-;813.6;-;-;54;74.8;42.4;-0.8;-;-
SIA;191505;-;817.0;-;-;64;81.1;86.4;7.0;-;-
SIA;191506;-;819.4;-;-;67;78.1;57.4;10.5;-;-
SIA;191507;-;-;-;-;56;74.1;149.8;11.2;-;-
SIA;191508;-;820.0;-;-;44;71.5;49.8;10.0;-;-
SIA;191509;-;818.4;-;-;60;83.2;132.8;5.9;-;-
SIA;191510;-;814.3;-;-;55;81.0;14.6;0.6;-;-
SIA;191511;-;811.1;-;-;54;77.2;50.4;-5.5;-20.0;-
SIA;191512;-;812.9;-;-;75;86.8;107.7;-3.3;-18.0;-
SIA;191601;-;821.1;-;-;37;67.3;23.0;-5.1;-13.3;-
SIA;191602;-;810.2;-;-;64;79.9;149.4;-6.5;-20.8;-
SIA;191603;-;805.1;-;-;78;83.0;214.2;-2.3;-12.5;-
SIA;191604;-;812.0;-;-;55;73.0;56.8;0.2;-11.2;-
SIA;191605;-;817.1;-;-;60;75.0;95.0;5.3;-4.2;-
SIA;191606;-;816.5;-;-;63;75.5;182.9;7.3;-1.1;-
SIA;191607;-;819.9;-;-;62;72.7;84.1;10.7;2.0;-
SIA;191608;-;819.7;-;-;52;72.3;127.2;10.5;1.0;-
SIA;191609;-;817.1;-;-;64;83.3;104.4;5.5;-2.1;-
SIA;191610;-;819.1;-;-;49;78.7;73.3;2.0;-7.3;-
SIA;191611;-;813.4;-;-;58;85.8;184.6;-3.5;-16.3;-
SIA;191612;-;807.2;-;-;67;86.2;183.0;-5.3;-16.7;-
SIA;191701;-;804.4;-;-;52;77.2;75.9;-9.6;-24.0;-
SIA;191702;-;812.7;-;-;30;72.6;9.0;-9.7;-24.5;-
SIA;191703;-;806.6;-;-;56;73.3;107.5;-5.7;-19.0;-
SIA;191704;-;810.3;-;-;71;73.7;106.9;-2.4;-14.7;-
SIA;191705;-;819.3;-;-;61;78.5;124.2;5.7;-2.5;-
SIA;191706;-;823.0;-;-;48;75.0;69.3;10.5;2.0;-
SIA;191707;-;822.1;-;-;51;71.3;132.6;11.2;1.3;-
SIA;191708;-;819.3;-;-;54;79.5;181.4;10.0;1.0;-
SIA;191709;-;824.5;-;-;36;77.4;30.4;8.8;0.7;-
SIA;191710;-;814.2;-;-;59;81.3;244.6;0.2;-10.0;-
SIA;191711;-;818.1;-;-;37;72.9;29.4;-3.9;-12.5;-
SIA;191712;-;813.3;-;-;53;74.3;32.3;-9.8;-;-
SIA;191801;-;818.5;-;-;41;76.6;23.8;-7.8;-;-
SIA;191802;-;821.7;-;-;25;65.3;13.3;-7.1;-20.6;-
SIA;191803;-;814.4;-;-;48;74.8;111.3;-4.4;-16.5;-
SIA;191804;-;810.4;-;-;87;82.8;54.4;0.8;-13.4;-
SIA;191805;-;818.2;-;-;53;71.5;22.6;5.9;-4.6;-
SIA;191806;-;818.3;-;-;62;69.3;116.1;7.2;-5.5;-
SIA;191807;-;820.7;-;-;48;72.4;61.5;10.5;0.5;-
SIA;191808;-;821.7;-;-;45;74.7;55.0;10.0;-2.6;-
SIA;191809;-;819.1;-;-;56;84.4;232.7;7.9;-2.3;-
SIA;191810;-;816.2;-;-;62;80.1;102.5;1.4;-7.5;-
SIA;191811;-;816.6;-;-;46;82.1;28.7;-3.3;-14.0;-
SIA;191812;-;814.5;-;-;53;79.3;69.3;-4.3;-18.2;-
SIA;191901;-;808.9;-;-;52;80.8;141.0;-8.8;-22.0;-
SIA;191902;-;807.0;-;-;51;76.4;27.7;-8.3;-25.5;-
SIA;191903;-;809.8;-;-;-;73.0;100.8;-4.3;-19.7;-
SIA;191904;-;810.6;-;-;67;72.9;160.5;-1.3;-19.5;-
SIA;191905;-;817.8;-;-;46;64.9;5.4;3.3;-14.6;-
SIA;191906;-;821.5;-;-;53;64.5;38.7;9.7;-1.6;-
SIA;191907;-;818.4;-;-;66;72.1;130.7;8.5;-1.0;-
SIA;191908;-;822.5;-;-;42;68.0;50.6;12.1;-1.5;-
SIA;191909;-;822.0;-;-;41;80.7;97.1;7.9;-4.0;-
SIA;191910;-;816.3;-;-;54;77.3;50.6;-1.2;-16.2;-
SIA;191911;-;808.2;-;-;72;82.6;123.4;-5.5;-19.5;-
SIA;191912;-;812.1;-;-;54;76.8;70.5;-7.4;-21.8;-
SIA;192001;-;814.6;-;-;55;75.0;111.8;-4.9;-17.0;-
SIA;192002;-;822.2;-;-;29;68.7;10.0;-5.9;-18.0;-
SIA;192003;-;815.7;-;-;49;75.6;155.0;-2.3;-18.2;-
SIA;192004;-;815.3;-;-;69;77.1;168.3;0.7;-12.0;-
SIA;192005;-;821.7;-;-;58;74.5;126.9;7.4;-7.5;-
SIA;192006;-;816.7;-;-;62;71.5;67.9;9.2;-2.2;-
SIA;192007;-;821.4;-;-;51;75.4;152.9;10.9;0.4;-
SIA;192008;-;820.1;-;-;57;75.7;79.5;9.7;0.2;-
SIA;192009;-;820.6;-;-;70;81.0;191.0;7.8;-0.4;-
SIA;192010;-;816.8;-;-;69;90.4;22.6;3.7;-9.0;-
SIA;192011;-;819.5;-;-;42;79.1;13.8;-2.4;-13.5;-
SIA;192012;-;813.5;-;-;54;81.8;45.9;-6.1;-15.0;-
SIA;192101;-;-;-;-;54;73.6;76.6;-4.8;-;-
SIA;192102;-;816.7;-;-;32;68.3;10.5;-7.6;-19.0;-
SIA;192103;-;818.7;-;-;39;72.4;34.8;-3.3;-14.2;-
SIA;192104;-;812.3;-;-;59;71.2;79.2;-0.6;-9.8;-
SIA;192105;-;816.5;-;-;64;-;72.0;6.9;-8.7;-
SIA;192106;-;819.3;-;-;56;65.1;54.7;9.3;-4.4;-
SIA;192107;-;822.6;-;-;49;66.0;39.8;13.2;1.7;-
SIA;192108;-;819.7;-;-;55;75.0;67.8;10.9;0.2;-
SIA;192109;-;823.2;-;-;47;80.4;23.5;9.1;-3.5;-
SIA;192110;-;823.6;-;-;29;72.4;8.3;4.9;-8.7;-
SIA;192111;-;814.9;-;-;39;71.2;37.9;-4.5;-15.3;-
SIA;192112;-;816.3;-;-;45;70.3;5.3;-4.9;-17.5;-
SIA;192201;-;807.7;-;-;65;75.8;130.3;-9.1;-24.3;-
SIA;192202;-;813.3;-;-;47;69.3;22.9;-6.2;-25.0;-
SIA;192203;-;-;-;-;64;75.8;197.2;-2.4;-19.8;-
SIA;192204;-;808.4;-;-;74;72.2;95.3;-0.8;-16.0;-
SIA;192205;-;822.1;-;-;43;63.6;42.0;6.3;-11.5;-
SIA;192206;-;819.0;-;-;62;69.8;79.2;9.7;0.6;-
SIA;192207;-;820.4;-;-;51;70.3;148.7;10.0;-3.5;-
SIA;192208;-;820.8;-;-;46;74.3;133.9;11.2;0.8;-
SIA;192209;-;816.2;-;-;-;80.1;140.3;5.4;-5.2;-
SIA;192210;-;813.2;-;-;66;83.7;82.3;1.9;-6.0;-
SIA;192211;-;816.2;-;-;42;69.3;24.9;-4.8;-15.0;-
SIA;192212;-;813.1;-;-;58;78.7;148.0;-6.7;-17.0;-
SIA;192301;-;815.3;-;-;57;72.5;12.9;-8.5;-22.5;-
SIA;192302;-;807.6;-;-;59;70.2;15.2;-5.2;-17.5;-
SIA;192303;-;813.8;-;-;50;70.4;15.7;-4.1;-17.0;-
SIA;192304;-;809.2;-;-;71;77.6;72.1;0.4;-8.5;-
SIA;192305;-;817.6;-;-;56;70.5;109.0;5.3;-6.5;-
SIA;192306;-;818.1;-;-;63;65.6;62.3;6.5;-6.0;-
SIA;192307;-;824.4;-;-;42;69.9;73.8;13.1;0.6;-
SIA;192308;-;821.6;-;-;32;65.4;97.0;12.1;0.5;-
SIA;192309;-;821.9;-;-;52;76.5;83.5;6.9;-4.5;-
SIA;192310;-;817.3;-;-;61;79.2;142.9;4.2;-6.2;-
SIA;192311;-;810.4;-;-;68;79.8;132.0;-1.9;-16.3;-
SIA;192312;-;809.7;-;-;64;76.0;92.9;-7.6;-18.0;-
SIA;192401;-;813.6;-;-;42;70.4;35.7;-9.1;-21.5;-
SIA;192402;-;807.0;-;-;40;67.8;29.5;-9.3;-;-
SIA;192403;-;810.6;-;-;56;73.1;45.0;-4.0;-18.5;-
SIA;192404;-;811.4;-;-;64;66.8;68.7;1.0;-10.0;-
SIA;192405;-;818.8;-;-;55;69.3;125.4;7.4;-3.0;-
SIA;192406;-;819.1;-;-;62;68.7;136.0;9.9;-7.8;-
SIA;192407;-;820.1;-;-;53;68.4;94.8;11.9;0.5;-
SIA;192408;-;817.9;-;-;65;73.3;165.3;8.6;-0.5;-
SIA;192409;-;819.5;-;-;51;78.0;160.9;7.9;-2.5;-
SIA;192410;-;818.9;-;-;45;82.0;44.5;2.7;-4.5;-
SIA;192411;-;818.5;-;-;44;75.1;5.6;-1.9;-14.0;-
SIA;192412;-;818.8;-;-;37;76.8;64.2;-6.9;-16.5;-
SIA;192501;-;825.2;-;-;40;72.0;15.6;-6.6;-16.4;-
SIA;192502;-;811.5;-;-;52;75.4;151.2;-6.2;-18.0;-
SIA;192503;-;810.5;-;-;59;69.2;46.7;-6.6;-22.5;-
SIA;192504;-;811.5;-;-;68;73.6;70.7;0.1;-9.0;-
SIA;192505;-;815.2;-;-;62;72.1;53.5;5.0;-8.5;-
SIA;192506;-;818.5;-;-;51;61.8;24.6;10.6;0.5;-
SIA;192507;-;-;-;-;70;74.2;140.8;10.8;2.5;-
SIA;192508;-;820.7;-;-;48;70.8;110.8;10.5;-;-
SIA;192509;-;818.5;-;-;62;74.2;81.1;5.5;-4.2;-
SIA;192510;-;817.8;-;-;-;76.4;58.7;3.8;-7.0;-
SIA;192511;-;810.7;-;-;65;77.2;59.7;-3.6;-16.5;-
SIA;192512;-;-;-;-;45;74.8;60.2;-8.2;-21.0;-
SIA;192601;-;812.8;-;-;52;70.1;42.0;-8.5;-26.4;-
SIA;192602;-;815.3;-;-;55;75.6;113.7;-3.0;-15.0;-
SIA;192603;-;813.8;-;-;63;73.7;65.0;-2.2;-12.5;-
SIA;192604;-;815.4;-;-;56;72.3;135.9;0.4;-8.8;-
SIA;192605;-;812.9;-;-;74;71.2;193.3;3.6;-10.0;-
SIA;192606;-;816.2;-;-;67;69.0;120.3;7.0;-1.5;-
SIA;192607;-;819.3;-;-;64;67.8;41.4;10.8;0.8;-
SIA;192608;-;826.3;-;-;45;66.4;54.2;11.1;1.5;-
SIA;192609;-;823.8;-;-;50;71.6;52.7;9.6;0.3;-
SIA;192610;-;818.4;-;-;60;78.6;262.4;3.6;-10.5;-
SIA;192611;-;814.4;-;-;69;84.6;230.6;0.2;-13.6;-
SIA;192612;-;816.2;-;-;48;71.3;11.8;-6.5;-18.5;-
SIA;192701;-;813.7;-;-;62;70.5;99.7;-6.9;-19.5;-
SIA;192702;-;817.3;-;-;40;66.9;36.0;-7.7;-20.0;-
SIA;192703;-;811.3;-;-;55;68.8;119.4;-4.0;-15.6;-
SIA;192704;-;813.7;-;-;58;64.4;71.7;1.4;-10.6;-
SIA;192705;-;817.8;-;-;63;69.1;25.8;6.3;-4.5;-
SIA;192706;-;819.5;-;-;59;71.0;136.3;9.6;-3.5;-
SIA;192707;-;819.4;-;-;55;73.3;107.8;11.4;2.0;-
SIA;192708;-;820.6;-;-;52;71.3;182.2;10.8;-1.0;-
SIA;192709;-;817.5;-;-;73;78.3;181.8;8.0;-3.5;-
SIA;192710;-;819.5;-;-;37;75.9;36.9;2.7;-8.0;-
SIA;192711;-;819.8;-;-;64;83.8;184.1;-1.2;-19.0;-
SIA;192712;-;-;-;-;61;82.6;29.8;-5.9;-24.0;-
SIA;192801;-;816.0;-;-;48;75.1;48.0;-7.5;-23.0;-
SIA;192802;-;819.1;-;-;37;65.8;30.7;-6.3;-20.5;-
SIA;192803;-;810.7;-;-;76;79.0;75.6;-2.9;-17.0;-
SIA;192804;-;810.5;-;-;63;73.9;117.6;0.5;-7.5;-
SIA;192805;-;812.1;-;-;65;68.9;123.4;3.0;-9.5;-
SIA;192806;-;820.3;-;-;52;68.4;58.0;9.5;-2.5;-
SIA;192807;-;824.9;-;-;42;65.3;55.1;13.8;-8.5;-
SIA;192808;-;822.1;-;-;45;69.7;188.6;12.7;1.0;-
SIA;192809;-;820.0;-;-;68;77.1;47.0;7.8;-4.5;-
SIA;192810;-;817.4;-;-;55;79.0;167.1;2.8;-10.5;-
SIA;192811;-;811.7;-;-;70;78.9;96.1;-1.8;-16.0;-
SIA;192812;-;812.8;-;-;52;73.4;18.1;-7.4;-19.0;-
SIA;192901;-;811.9;-;-;39;68.1;9.5;-12.0;-23.0;-
SIA;192902;-;807.3;-;-;35;66.2;3.8;-11.9;-26.0;-
SIA;192903;-;819.5;-;-;25;64.2;0.6;-3.5;-19.5;-
SIA;192904;-;810.3;-;-;63;66.6;77.0;-1.3;-13.5;-
SIA;192905;-;816.8;-;-;64;73.0;39.4;6.0;-4.0;-
SIA;192906;-;820.0;-;-;61;66.9;102.0;11.0;-5.5;-
SIA;192907;-;-;-;-;48;65.2;75.6;12.5;-7.5;-
SIA;192908;-;821.8;-;-;59;76.3;194.7;11.1;3.0;-
SIA;192909;-;823.9;-;-;43;73.2;20.1;9.4;-;-
SIA;192910;-;816.1;-;-;64;77.5;79.3;3.1;-9.0;-
SIA;192911;-;-;-;-;60;80.2;55.9;-2.9;-14.0;-
SIA;192912;-;814.9;-;-;62;78.1;80.5;-5.1;-20.0;-
SIA;193001;-;-;-;-;-;-;18.6;-5.3;-;-
SIA;193002;-;811.1;-;-;44;71.7;19.5;-9.3;-18.5;-
SIA;193003;-;813.2;-;-;55;70.2;74.1;-3.4;-17.0;-
SIA;193004;-;807.6;-;-;70;73.6;91.4;0.8;-7.5;-
SIA;193005;-;815.3;-;-;78;70.8;66.8;4.4;-3.0;-
SIA;193006;-;820.4;-;-;63;74.4;52.1;11.0;4.0;-
SIA;193007;-;817.5;-;-;53;68.2;118.8;10.7;3.0;-
SIA;193008;-;821.6;-;-;51;72.6;114.8;10.3;1.0;-
SIA;193009;-;819.4;-;-;63;76.9;92.2;8.0;0.0;-
SIA;193010;-;816.6;-;-;55;70.2;37.4;2.3;-;-
SIA;193011;-;816.8;-;-;61;68.2;47.1;0.2;-;-
SIA;193012;-;811.9;-;-;46;72.9;31.3;-6.2;-;-
SIA;193101;-;809.8;-;-;48;70.8;49.5;-8.9;-;-
SIA;193102;-;807.3;-;-;56;67.0;126.9;-8.7;-22.0;-
SIA;193103;-;809.5;-;-;52;67.8;39.9;-4.7;-23.5;-
SIA;193104;-;811.1;-;-;63;67.1;57.5;-0.4;-14.0;-
SIA;193105;-;-;-;-;-;66.3;147.0;6.7;-5.5;-
SIA;193106;-;822.3;-;-;52;69.2;105.4;11.8;3.5;-
SIA;193107;-;-;-;-;48;66.9;180.1;11.2;-;-
SIA;193108;-;817.9;-;-;-;77.1;180.8;9.7;-1.5;-
SIA;193109;-;817.8;-;-;52;70.5;99.6;4.2;-6.5;-
SIA;193110;-;-;-;-;41;69.9;73.1;2.7;-7.3;-
SIA;193111;-;815.6;-;-;-;83.3;100.3;-0.7;-8.0;-
SIA;193112;-;817.7;-;-;29;64.5;23.0;-8.1;-20.3;-
SIA;193201;-;823.4;-;-;33;68.2;26.8;-6.4;-20.1;-
SIA;193202;-;813.8;-;-;-;61.1;4.8;-10.9;-25.2;-
SIA;193203;-;810.5;-;-;54;65.7;26.0;-5.1;-18.3;-
SIA;193204;-;810.0;-;-;72;71.7;92.5;-1.8;-17.6;-
SIA;193205;-;814.7;-;-;62;70.0;140.9;4.4;-;-
SIA;193206;-;818.1;-;-;62;71.4;112.7;8.5;-1.5;-
SIA;193207;-;818.2;-;-;64;76.2;115.9;11.1;1.0;-
SIA;193208;-;824.6;-;-;39;64.8;51.6;12.9;0.2;-
SIA;193209;-;821.0;-;-;58;82.6;120.0;10.7;1.6;-
SIA;193210;-;813.2;-;-;59;80.2;107.7;1.7;-10.0;-
SIA;193211;-;818.2;-;-;48;79.1;24.8;-1.7;-12.6;-
SIA;193212;-;820.3;-;-;46;83.8;24.9;-5.6;-18.6;-
SIA;193301;-;813.8;-;-;53;78.6;43.8;-9.9;-20.9;-
SIA;193302;-;810.6;-;-;52;66.4;15.6;-7.3;-21.0;-
SIA;193303;-;815.5;-;-;44;73.0;52.1;-3.7;-17.4;-
SIA;193304;-;815.5;-;-;59;66.9;30.1;1.3;-10.2;-
SIA;193305;-;814.6;-;-;75;65.5;100.1;4.6;-5.6;-
SIA;193306;-;-;-;-;71;66.6;153.7;7.1;-2.4;-
SIA;193307;-;823.1;-;-;41;63.9;112.2;11.9;-;-
SIA;193308;-;822.5;-;-;38;64.5;79.2;11.5;-;-
SIA;193309;-;821.0;-;-;64;78.6;73.9;7.8;-;-
SIA;193310;-;816.2;-;-;51;80.4;206.4;1.9;-;-
SIA;193311;-;809.0;-;-;75;79.9;114.1;-3.8;-14.4;-
SIA;193312;-;809.5;-;-;40;78.0;25.4;-8.9;-21.0;-
SIA;193401;-;817.7;-;-;45;71.7;10.1;-8.9;-18.9;-
SIA;193402;-;819.2;-;-;23;63.2;36.3;-6.3;-20.7;-
SIA;193403;-;-;-;-;69;76.1;141.3;-3.4;-18.0;-
SIA;193404;-;-;-;-;61;77.7;107.5;1.9;-8.4;-
SIA;193405;-;818.6;-;-;55;65.0;61.9;7.8;-1.5;-
SIA;193406;-;818.4;-;-;55;64.0;117.8;9.3;-0.4;-
SIA;193407;-;820.3;-;-;42;58.5;108.2;12.3;3.6;-
SIA;193408;-;818.0;-;-;65;76.9;222.0;9.8;-0.7;-
SIA;193409;-;822.5;-;-;32;74.1;33.7;8.4;-0.6;-
SIA;193410;-;818.7;-;-;41;67.4;50.0;2.0;-7.7;-
SIA;193411;-;-;-;-;48;76.4;194.4;-3.7;-13.0;-
SIA;193412;-;811.8;-;-;62;79.1;46.7;-3.9;-14.6;-
SIA;193501;-;811.4;-;-;41;67.0;19.3;-10.1;-20.3;-
SIA;193502;-;807.9;-;-;69;67.2;108.8;-5.9;-22.4;-
SIA;193503;-;-;-;-;40;61.7;5.1;-5.8;-25.1;-
SIA;193504;-;810.8;-;-;66;65.9;73.9;-0.4;-15.2;-
SIA;193505;-;814.6;-;-;69;69.2;129.6;2.8;-10.5;-
SIA;193506;-;-;-;-;41;56.8;48.5;11.3;0.0;-
SIA;193507;-;-;-;-;37;56.7;100.2;11.5;1.3;-
SIA;193508;-;819.7;-;-;55;72.2;159.0;9.7;0.4;-
SIA;193509;-;820.6;-;-;42;70.7;81.1;7.6;-2.0;-
SIA;193510;-;814.4;-;-;76;81.5;217.8;3.2;-6.8;-
SIA;193511;-;-;-;-;63;79.7;139.6;-2.2;-15.1;-
SIA;193512;-;804.9;-;-;64;74.6;108.0;-7.1;-19.6;-
SIA;193601;-;809.1;-;-;71;76.7;76.6;-4.4;-20.5;-
SIA;193602;-;805.5;-;-;57;65.4;66.1;-7.0;-21.6;-
SIA;193603;-;811.7;-;-;53;72.6;67.0;-2.9;-15.8;-
SIA;193604;-;-;-;-;78;71.2;86.6;0.5;-11.6;-
SIA;193605;-;813.5;-;-;63;65.3;92.2;6.0;-3.4;-
SIA;193606;-;818.5;-;-;69;63.0;84.5;9.0;-4.0;-
SIA;193607;-;819.6;-;-;60;72.0;175.8;10.7;0.7;-
SIA;193608;-;822.4;-;-;35;67.6;52.7;10.5;2.2;-
SIA;193609;-;818.6;-;-;64;76.4;72.8;7.9;-6.5;-
SIA;193610;-;814.7;-;-;49;64.3;13.5;-0.5;-10.5;-
SIA;193611;-;814.9;-;-;52;74.3;44.9;-3.2;-12.3;-
SIA;193612;-;819.3;-;-;33;74.5;110.0;-6.5;-16.0;-
SIA;193701;-;814.1;-;-;49;72.9;31.7;-7.2;-19.5;-
SIA;193702;-;807.5;-;-;74;67.4;81.3;-4.7;-16.6;-
SIA;193703;-;804.9;-;-;67;71.3;178.4;-4.5;-17.3;-
SIA;193704;-;810.7;-;-;69;64.3;50.4;0.5;-8.1;-
SIA;193705;-;819.3;-;-;54;61.5;92.1;6.7;-4.6;-
SIA;193706;-;820.1;-;-;58;65.5;115.2;10.6;0.4;-
SIA;193707;-;820.2;-;-;54;63.7;133.9;11.8;0.5;-
SIA;193708;-;819.8;-;-;60;71.1;105.3;10.3;1.4;-
SIA;193709;-;-;-;-;58;78.5;238.7;6.7;-1.2;-
SIA;193710;-;817.4;-;-;61;79.1;194.4;3.2;-7.1;-
SIA;193711;-;813.0;-;-;44;72.1;30.5;-3.2;-13.1;-
SIA;193712;-;807.7;-;-;49;77.6;102.6;-8.9;-20.1;-
SIA;193801;-;812.2;-;-;52;64.2;28.8;-8.2;-24.2;-
SIA;193802;-;817.1;-;-;32;62.2;11.4;-8.2;-19.2;-
SIA;193803;-;822.4;-;-;30;61.2;18.3;-1.5;-13.5;-
SIA;193804;-;813.9;-;-;31;52.7;18.0;-1.9;-12.3;-
SIA;193805;-;814.4;-;-;67;65.8;85.9;4.0;-11.2;-
SIA;193806;-;821.6;-;-;42;61.7;136.2;11.2;-1.8;-
SIA;193807;-;820.6;-;-;56;66.2;145.1;11.0;-0.1;-
SIA;193808;-;-;-;-;58;70.3;132.8;10.5;-1.3;-
SIA;193809;-;820.1;-;-;-;80.0;77.2;7.0;-2.0;-
SIA;193810;-;817.3;-;-;36;76.4;56.7;2.8;-7.8;-
SIA;193811;-;818.2;-;-;37;75.2;58.0;-1.3;-11.1;-
SIA;193812;-;809.1;-;-;64;76.0;70.0;-6.5;-21.4;-
SIA;193901;-;809.4;-;-;63;78.0;86.1;-5.9;-19.7;-
SIA;193902;-;817.6;-;-;39;63.2;14.0;-5.5;-19.0;-
SIA;193903;-;808.2;-;-;64;62.2;22.8;-6.7;-17.8;-
SIA;193904;-;813.9;-;-;62;72.9;112.0;2.0;-6.1;-
SIA;193905;-;811.4;-;-;87;70.4;138.5;3.5;-5.6;-
SIA;193906;-;818.1;-;-;58;66.9;131.3;9.3;0.3;-
SIA;193907;-;820.4;-;-;50;71.0;199.3;9.9;0.2;-
SIA;193908;-;820.0;-;-;57;74.6;118.5;10.5;0.6;-
SIA;193909;-;817.7;-;-;51;79.4;64.9;6.8;-5.1;-
SIA;193910;-;-;-;-;-;-;179.1;1.6;-;-
SIA;193911;-;816.6;-;-;56;73.9;122.7;-1.3;-15.8;-
SIA;193912;-;811.0;-;-;51;72.3;40.2;-7.8;-24.0;-
SIA;194001;-;-;-;-;34;68.7;27.8;-10.2;-24.0;-
SIA;194002;-;810.2;-;-;61;69.0;46.9;-7.2;-27.3;-
SIA;194003;-;812.2;-;-;54;67.3;54.2;-4.2;-18.2;-
SIA;194004;-;813.0;-;-;56;65.6;45.0;0.1;-11.1;-
SIA;194005;-;816.0;-;-;66;64.4;150.2;5.3;-4.6;-
SIA;194006;-;817.4;-;-;65;62.5;103.1;8.6;-1.6;-
SIA;194007;-;819.2;-;-;60;68.9;187.6;10.3;1.3;-
SIA;194008;-;821.3;-;-;36;61.7;33.2;10.4;-1.7;-
SIA;194009;-;-;-;-;49;-;104.9;7.6;-;-
SIA;194010;-;813.9;-;-;69;83.1;77.8;2.9;-8.8;-
SIA;194011;-;813.3;-;-;63;80.2;143.2;-2.1;-11.0;-
SIA;194012;-;811.4;-;-;39;67.1;23.7;-10.9;-23.1;-
SIA;194101;-;804.4;-;-;58;77.9;37.6;-9.6;-21.4;-
SIA;194102;-;804.6;-;-;55;71.2;48.9;-7.4;-20.6;-
SIA;194103;-;811.3;-;-;43;67.3;113.8;-4.1;-16.8;-
SIA;194104;-;810.0;-;-;68;71.3;154.1;-0.4;-15.5;-
SIA;194105;-;811.9;-;-;68;66.0;123.6;2.6;-7.9;-
SIA;194106;-;819.9;-;-;46;54.0;86.4;10.2;-2.1;-
SIA;194107;-;820.5;-;-;57;66.6;86.4;12.1;0.1;-
SIA;194108;-;818.7;-;-;65;72.3;110.4;9.7;0.5;-
SIA;194109;-;822.5;-;-;44;68.7;41.5;6.6;-5.0;-
SIA;194110;-;817.0;-;-;55;65.1;14.7;1.9;-10.8;-
SIA;194111;-;814.6;-;-;63;80.3;85.3;-3.9;-13.2;-
SIA;194112;-;817.3;-;-;37;61.3;15.7;-7.4;-24.3;-
SIA;194201;-;806.3;-;-;55;67.1;13.9;-11.7;-25.0;-
SIA;194202;-;806.2;-;-;60;65.5;22.6;-9.2;-23.5;-
SIA;194203;-;813.0;-;-;53;73.8;2.0;-0.8;-14.7;-
SIA;194204;-;813.0;-;-;65;68.6;48.9;1.0;-9.4;-
SIA;194205;-;816.6;-;-;52;59.1;42.3;6.3;-11.7;-
SIA;194206;-;819.6;-;-;51;60.1;123.1;10.1;-1.3;-
SIA;194207;-;820.4;-;-;55;64.4;84.7;11.4;1.5;-
SIA;194208;-;821.7;-;-;55;74.6;169.5;10.6;0.6;-
SIA;194209;-;820.7;-;-;49;78.5;173.6;8.8;-8.3;-
SIA;194210;-;820.1;-;-;44;75.2;140.8;5.0;-;-
SIA;194211;-;815.9;-;-;35;67.4;51.9;-3.2;-;-
SIA;194212;-;816.8;-;-;43;76.1;42.0;-5.4;-;-
SIA;194301;-;811.8;-;-;54;70.3;24.7;-8.2;-;-
SIA;194302;-;819.5;-;-;36;61.6;21.0;-6.6;-;-
SIA;194303;-;816.6;-;-;42;71.8;39.9;-1.9;-;-
SIA;194304;-;819.5;-;-;45;56.9;27.7;2.2;-;-
SIA;194305;-;819.0;-;-;59;60.7;115.8;7.0;-;-
SIA;194306;-;820.5;-;-;62;56.9;61.0;9.2;-;-
SIA;194307;-;820.2;-;-;56;67.5;140.8;11.0;-;-
SIA;194308;-;822.0;-;-;35;66.7;91.5;12.2;-;-
SIA;194309;-;820.1;-;-;63;77.3;161.4;8.7;-;-
SIA;194310;-;819.2;-;-;48;83.4;15.0;4.3;-;-
SIA;194311;-;812.0;-;-;53;70.1;14.4;-3.6;-;-
SIA;194312;-;816.7;-;-;45;79.7;34.6;-6.3;-;-
SIA;194401;-;820.2;-;-;28;61.9;15.7;-5.9;-;-
SIA;194402;-;806.3;-;-;53;69.3;51.6;-9.3;-;-
SIA;194403;-;809.1;-;-;60;59.3;13.7;-6.7;-;-
SIA;194404;-;816.8;-;-;61;61.3;13.1;1.9;-;-
SIA;194405;-;818.2;-;-;51;61.4;124.3;5.8;-;-
SIA;194406;-;816.0;-;-;59;62.4;120.8;8.9;-;-
SIA;194407;-;818.9;-;-;59;70.1;153.2;11.2;-;-
SIA;194408;-;822.5;-;-;56;78.8;61.0;13.0;-;-
SIA;194409;-;821.0;-;-;68;84.5;112.5;7.3;-;-
SIA;194410;-;811.9;-;-;76;81.4;166.8;1.9;-;-
SIA;194411;-;811.1;-;-;64;73.9;80.3;-4.0;-;-
SIA;194412;-;812.6;-;-;35;73.8;57.0;-9.3;-;-
SIA;194501;-;805.0;-;-;50;65.1;24.8;-12.3;-;-
SIA;194502;-;820.9;-;-;49;68.3;31.5;-3.6;-;-
SIA;194503;-;821.3;-;-;43;67.6;89.5;-2.1;-;-
SIA;194504;-;817.4;-;-;43;59.4;48.0;2.0;-;-
SIA;194505;-;-;-;-;52;64.9;118.6;6.4;-;-
SIA;194506;-;822.7;-;-;35;63.4;34.5;10.8;-;-
SIA;194507;-;821.2;-;-;32;67.2;46.7;12.7;-;-
SIA;194508;-;819.5;-;-;50;75.2;208.4;10.1;-;-
SIA;194509;-;821.1;-;-;45;76.2;60.0;7.8;-;-
SIA;194510;-;-;-;-;45;69.5;80.9;2.4;-;-
SIA;194511;-;813.9;-;-;35;71.0;20.7;-3.7;-;-
SIA;194512;-;810.1;-;-;65;75.8;92.9;-5.5;-;-
SIA;194601;-;816.5;-;-;44;74.7;71.5;-9.7;-;-
SIA;194602;-;813.2;-;-;68;66.4;66.0;-4.7;-;-
SIA;194603;-;811.9;-;-;63;74.2;74.5;-2.1;-;-
SIA;194604;-;817.1;-;-;47;70.0;95.9;3.1;-;-
SIA;194605;-;814.4;-;-;74;74.0;144.4;6.3;-;-
SIA;194606;-;819.2;-;-;64;68.6;223.0;9.0;-;-
SIA;194607;-;822.5;-;-;47;65.6;113.2;12.4;-;-
SIA;194608;-;819.6;-;-;54;71.2;228.2;10.7;-;-
SIA;194609;-;821.5;-;-;39;75.5;111.1;8.7;-;-
SIA;194610;-;817.0;-;-;48;72.8;35.4;2.8;-;-
SIA;194611;-;812.6;-;-;51;79.6;54.6;-3.2;-;-
SIA;194612;-;809.9;-;-;50;75.7;18.2;-8.6;-;-
SIA;194701;-;810.6;-;-;43;69.5;27.4;-11.2;-;-
SIA;194702;-;802.3;-;-;67;78.1;121.0;-7.0;-;-
SIA;194703;-;809.0;-;-;77;77.9;182.8;-1.9;-;-
SIA;194704;-;820.8;-;-;36;68.0;13.1;2.2;-;-
SIA;194705;-;818.0;-;-;61;68.5;66.6;8.5;-;-
SIA;194706;-;820.5;-;-;49;67.4;131.9;10.7;-;-
SIA;194707;-;821.4;-;-;42;73.5;180.3;12.2;-;-
SIA;194708;-;821.5;-;-;35;70.3;77.8;12.7;-;-
SIA;194709;-;822.5;-;-;35;72.9;125.0;8.8;-;-
SIA;194710;-;-;-;-;40;-;20.3;4.0;-;-
SIA;194711;-;814.2;-;-;55;67.2;67.7;0.6;-;-
SIA;194712;-;810.0;-;-;57;73.6;65.5;-6.7;-;-
SIA;194801;-;807.5;-;-;64;79.8;141.0;-4.8;-;-
SIA;194802;-;815.3;-;-;53;63.4;21.0;-6.3;-;-
SIA;194803;-;-;-;-;23;60.8;5.4;-0.8;-;-
SIA;194804;-;813.5;-;-;60;66.1;142.3;1.0;-;-
SIA;194805;-;815.5;-;-;63;69.4;114.9;7.0;-;-
SIA;194806;-;818.0;-;-;61;65.4;156.1;8.5;-;-
SIA;194807;-;-;-;-;-;-;147.6;8.2;-;-
SIA;194808;-;-;-;-;52;70.2;160.0;11.0;-;-
SIA;194809;-;-;-;-;35;62.2;92.3;8.0;-;-
SIA;194810;-;-;-;-;48;70.4;72.3;4.3;-;-
SIA;194811;-;-;-;-;29;51.3;4.4;0.6;-;-
SIA;194812;-;-;-;-;40;61.3;22.2;-5.3;-;-
SIA;194901;-;819.1;-;-;41;55.7;56.4;-5.6;-;-
SIA;194902;-;-;-;-;17;43.8;0.0;-5.6;-;-
SIA;194903;-;-;-;-;45;57.0;19.0;-5.3;-;-
SIA;194904;-;-;-;-;43;53.6;101.1;4.0;-;-
SIA;194905;-;-;-;-;72;62.2;93.4;5.7;-;-
SIA;194906;-;-;-;-;38;50.6;32.6;9.5;-;-
SIA;194907;-;-;-;-;41;51.5;63.3;12.1;-;-
SIA;194908;-;-;-;-;48;56.8;116.3;11.1;-;-
SIA;194909;-;-;-;-;43;72.6;40.6;8.9;-;-
SIA;194910;-;-;-;-;45;73.0;88.5;4.8;-;-
SIA;194911;-;-;-;-;59;68.3;110.2;-2.8;-;-
SIA;194912;-;-;-;-;45;63.0;60.9;-5.1;-;-
SIA;195001;-;-;-;-;48;59.6;67.0;-7.7;-;-
SIA;195002;-;813.5;-;-;55;58.8;92.8;-5.4;-;-
SIA;195003;-;-;-;-;27;55.2;1.9;-2.2;-;-
SIA;195004;-;-;-;-;58;60.3;151.5;-0.2;-;-
SIA;195005;-;-;-;-;52;-;93.0;6.2;-;-
SIA;195006;-;-;-;-;36;-;51.5;10.6;-;-
SIA;195007;-;-;-;-;33;-;89.5;13.1;-;-
SIA;195008;-;820.3;-;-;60;65.8;64.0;12.0;-;-
SIA;195009;-;818.8;-;-;57;68.4;80.6;7.8;-;-
SIA;195010;-;819.1;-;-;35;61.2;0.5;2.9;-;-
SIA;195011;-;811.8;-;-;68;73.0;168.5;-2.5;-;-
SIA;195012;-;805.2;-;-;76;75.4;89.9;-7.6;-;-
SIA;195101;-;810.0;-;-;65;75.7;182.0;-5.9;-;-
SIA;195102;-;-;-;-;65;77.1;180.9;-6.4;-;-
SIA;195103;-;-;-;-;65;64.4;49.9;-4.7;-;-
SIA;195104;-;815.4;-;-;49;62.1;64.6;-0.2;-;-
SIA;195105;-;813.3;-;-;66;63.2;86.2;4.7;-;-
SIA;195106;-;-;-;-;54;59.0;123.7;9.5;-;-
SIA;195107;-;-;-;-;41;-;103.4;11.1;-;-
SIA;195108;-;-;-;-;49;-;148.9;10.9;-;-
SIA;195109;-;-;-;-;-;-;50.4;10.6;-;-
SIA;195110;-;-;-;-;63;-;49.5;2.6;-;-
SIA;195111;-;-;-;-;75;-;249.7;-0.6;-;-
SIA;195112;-;-;-;-;39;-;26.4;-4.1;-;-
SIA;195201;-;809.7;-;-;50;57.9;30.9;-8.3;-;-
SIA;195202;-;810.9;-;-;40;52.8;13.0;-8.1;-;-
SIA;195203;-;-;-;-;52;58.9;66.7;-2.2;-;-
SIA;195204;-;-;-;-;54;-;120.0;2.8;-;-
SIA;195205;-;-;-;-;63;-;86.6;6.6;-;-
SIA;195206;-;-;-;-;48;-;64.2;11.6;-;-
SIA;195207;-;-;-;-;49;71.8;112.0;13.6;-;-
SIA;195208;-;-;-;-;52;80.4;137.0;11.6;-;-
SIA;195209;-;-;-;-;58;79.2;133.3;5.2;-;-
SIA;195210;-;-;-;-;65;82.8;159.6;1.9;-;-
SIA;195211;-;-;-;-;65;81.6;110.1;-4.0;-;-
SIA;195212;-;-;-;-;55;83.9;60.9;-7.3;-;-
SIA;195301;-;-;-;87;29;75.8;1.5;-9.8;-;-
SIA;195302;-;-;-;102;28;72.0;4.0;-8.3;-;-
SIA;195303;-;-;-;91;24;69.0;0.2;-3.2;-;-
SIA;195304;-;-;-;19;61;78.8;82.5;2.3;-;-
SIA;195305;-;-;-;0;48;65.7;16.1;6.9;-;-
SIA;195306;-;-;-;1;77;80.0;108.8;7.8;-;-
SIA;195307;-;-;-;0;54;76.5;186.2;11.6;-;-
SIA;195308;-;-;-;0;48;72.5;72.3;11.5;-;-
SIA;195309;-;-;-;0;59;80.0;104.9;8.8;-;-
SIA;195310;-;-;-;1;63;83.6;205.3;4.5;-;-
SIA;195311;-;-;-;3;20;71.7;7.0;-0.5;-;-
SIA;195312;-;-;-;6;46;79.5;13.7;-2.9;-;-
SIA;195401;-;-;-;37;59;77.0;42.6;-9.3;-;-
SIA;195402;-;-;-;50;52;79.6;36.1;-7.3;-;-
SIA;195403;-;-;-;101;64;77.6;61.0;-2.5;-;-
SIA;195404;-;-;-;53;64;72.6;49.8;0.4;-;-
SIA;195405;-;-;-;8;64;70.9;127.8;4.8;-;-
SIA;195406;-;-;-;0;69;76.5;161.9;9.9;-;-
SIA;195407;-;-;-;0;65;69.2;122.5;9.5;-;-
SIA;195408;-;-;-;0;60;73.1;230.7;9.6;-;-
SIA;195409;-;-;-;0;53;76.0;150.8;8.1;-;-
SIA;195410;-;-;-;0;39;75.8;38.1;3.5;-;-
SIA;195411;-;-;-;1;48;73.4;23.6;-0.9;-;-
SIA;195412;-;-;-;65;53;76.7;210.9;-3.9;-;-
SIA;195501;-;-;-;115;49;78.6;52.8;-6.2;-;-
SIA;195502;-;-;-;146;69;76.9;110.5;-7.4;-;-
SIA;195503;-;-;-;153;42;72.6;38.7;-4.8;-;-
SIA;195504;-;-;-;100;35;62.4;3.6;1.0;-;-
SIA;195505;-;-;-;7;50;67.9;76.2;4.8;-;-
SIA;195506;-;-;-;0;62;69.7;120.8;9.4;-;-
SIA;195507;-;-;-;0;64;69.7;102.2;11.7;-;-
SIA;195508;-;-;-;0;59;70.0;46.3;10.0;-;-
SIA;195509;-;-;-;0;57;76.0;50.7;7.5;-;-
SIA;195510;-;-;-;0;53;75.2;91.3;2.1;-;-
SIA;195511;-;-;-;1;44;72.1;14.1;-2.1;-;-
SIA;195512;-;-;-;6;56;79.8;24.4;-2.9;-;-
SIA;195601;-;-;-;38;45;80.8;50.9;-6.6;-;-
SIA;195602;-;-;-;52;36;73.3;1.5;-14.2;-;-
SIA;195603;-;-;-;27;56;75.3;69.8;-3.5;-;-
SIA;195604;-;-;-;17;64;73.2;75.4;-0.7;-;-
SIA;195605;-;-;-;0;47;68.8;65.9;5.7;-;-
SIA;195606;-;-;-;2;68;71.6;100.1;7.1;-;-
SIA;195607;-;-;-;0;53;72.4;135.0;11.0;-;-
SIA;195608;-;-;-;0;60;72.2;163.9;10.6;-;-
SIA;195609;-;-;-;0;45;80.2;139.0;8.4;-;-
SIA;195610;-;-;-;5;42;73.5;55.1;1.7;-;-
SIA;195611;-;-;-;23;50;76.1;18.9;-3.6;-;-
SIA;195612;-;-;-;30;27;76.6;2.6;-6.6;-;-
SIA;195701;-;-;-;73;38;74.7;61.5;-7.9;-;-
SIA;195702;-;-;-;83;60;75.6;66.5;-3.8;-;-
SIA;195703;-;-;-;78;39;72.5;28.8;-0.4;-;-
SIA;195704;-;-;-;22;51;70.3;27.0;1.3;-;-
SIA;195705;-;-;-;0;74;74.6;57.4;3.5;-;-
SIA;195706;-;-;-;0;63;74.8;203.7;9.6;-;-
SIA;195707;-;-;-;0;54;69.8;155.7;10.9;-;-
SIA;195708;-;-;-;0;54;74.1;176.1;10.1;-;-
SIA;195709;-;-;-;1;46;72.9;38.3;7.2;-;-
SIA;195710;-;-;-;0;32;75.0;23.0;3.8;-;-
SIA;195711;-;-;-;26;43;79.3;116.5;-0.8;-;-
SIA;195712;-;-;-;54;32;77.8;71.1;-6.4;-;-
SIA;195801;-;-;-;82;35;74.5;29.7;-8.9;-;-
SIA;195802;-;-;-;93;60;72.1;82.9;-3.6;-;-
SIA;195803;-;-;-;129;45;68.7;12.4;-6.7;-;-
SIA;195804;-;-;-;131;55;68.4;103.4;-1.2;-;-
SIA;195805;-;-;-;29;54;67.8;85.8;7.4;-;-
SIA;195806;-;-;-;0;59;69.7;124.2;8.5;-;-
SIA;195807;-;-;-;0;59;70.5;117.5;11.7;-;-
SIA;195808;-;-;-;0;56;69.5;174.2;11.8;-;-
SIA;195809;-;-;-;0;46;75.0;95.2;8.9;-;-
SIA;195810;-;-;-;1;50;74.2;132.7;2.8;-;-
SIA;195811;-;-;-;19;50;78.0;29.1;-1.3;-;-
SIA;195812;-;-;-;65;49;75.6;145.3;-4.8;-;-
SIA;195901;-;-;-;103;41;67.0;29.1;-8.0;-;-
SIA;195902;-;-;-;105;15;66.0;1.1;-5.4;-;-
SIA;195903;-;-;-;111;61;74.9;65.2;-0.3;-;-
SIA;195904;-;-;-;59;45;67.0;63.0;1.3;-;-
SIA;195905;-;-;-;0;62;68.0;48.3;5.9;-;-
SIA;195906;-;-;-;0;70;68.0;65.3;9.6;-;-
SIA;195907;-;-;-;0;51;62.8;58.7;12.9;-;-
SIA;195908;-;-;-;0;63;69.2;59.3;10.7;-;-
SIA;195909;-;-;-;0;51;77.0;11.8;8.6;-;-
SIA;195910;-;-;-;4;47;75.0;109.6;2.7;-;-
SIA;195911;-;-;-;59;56;79.3;128.1;-3.0;-;-
SIA;195912;-;-;-;114;58;76.5;102.6;-5.4;-;-
SIA;196001;-;-;-;125;49;74.4;91.7;-7.7;-;-
SIA;196002;-;-;-;172;52;74.3;87.3;-5.8;-;-
SIA;196003;-;-;-;170;66;67.8;71.3;-2.3;-;-
SIA;196004;-;-;-;118;48;52.9;28.7;1.0;-;-
SIA;196005;-;-;-;27;53;58.4;97.9;6.4;-;-
SIA;196006;-;-;-;0;56;69.1;111.3;10.0;-;-
SIA;196007;-;-;-;0;62;68.2;168.7;9.6;-;-
SIA;196008;-;-;-;0;63;70.8;149.2;10.1;-;-
SIA;196009;-;-;-;2;57;76.7;309.7;5.8;-;-
SIA;196010;-;-;-;15;74;77.1;270.8;1.5;-;-
SIA;196011;-;-;-;37;55;76.6;105.6;-2.1;-;-
SIA;196012;-;-;-;105;52;78.1;122.8;-7.2;-;-
SIA;196101;-;-;-;133;39;75.1;55.9;-9.1;-;-
SIA;196102;-;-;-;149;43;66.5;57.6;-3.9;-;-
SIA;196103;-;-;-;138;27;60.3;9.4;-2.1;-;-
SIA;196104;-;-;-;53;67;72.1;70.6;3.9;-;-
SIA;196105;-;-;-;1;67;64.7;101.9;4.8;-;-
SIA;196106;-;-;-;0;54;66.3;100.1;10.1;-;-
SIA;196107;-;-;-;0;57;62.6;54.5;10.4;-;-
SIA;196108;-;-;-;0;36;62.2;54.7;10.9;-;-
SIA;196109;-;-;-;0;39;68.6;9.3;10.4;-;-
SIA;196110;-;-;-;2;45;74.1;89.7;3.7;-;-
SIA;196111;-;-;-;29;49;73.7;85.3;-2.3;-;-
SIA;196112;-;-;-;45;47;69.6;59.2;-4.4;-;-
SIA;196201;-;-;-;77;44;65.3;53.7;-6.8;-;-
SIA;196202;-;-;-;104;46;62.0;23.3;-6.6;-;-
SIA;196203;-;-;-;154;52;65.0;57.0;-6.7;-;-
SIA;196204;-;-;-;150;48;61.6;139.9;-0.6;-;-
SIA;196205;-;-;-;28;57;65.8;91.7;3.8;-;-
SIA;196206;-;-;-;0;38;57.4;37.8;8.7;-;-
SIA;196207;-;-;-;0;42;60.8;50.0;10.9;-;-
SIA;196208;-;-;-;0;36;66.2;78.5;12.6;-;-
SIA;196209;-;-;-;0;41;68.8;50.2;7.4;-;-
SIA;196210;-;-;-;1;34;74.1;20.3;3.7;-;-
SIA;196211;-;-;-;12;47;71.5;76.8;-3.7;-;-
SIA;196212;-;-;-;39;42;66.4;59.4;-8.4;-;-
SIA;196301;-;-;-;77;43;69.7;30.4;-11.2;-;-
SIA;196302;-;-;-;82;36;66.9;18.2;-11.4;-;-
SIA;196303;-;-;-;82;52;64.4;58.1;-4.4;-;-
SIA;196304;-;-;-;80;61;74.9;71.8;1.5;-;-
SIA;196305;-;-;-;2;62;72.8;72.9;4.8;-;-
SIA;196306;-;-;-;0;65;77.5;187.7;8.9;-;-
SIA;196307;-;-;-;0;52;75.0;86.8;12.2;-;-
SIA;196308;-;-;-;0;60;77.4;201.7;9.8;-;-
SIA;196309;-;-;-;0;58;79.2;83.2;8.0;-;-
SIA;196310;-;-;-;0;34;73.1;34.9;3.5;-;-
SIA;196311;-;-;-;20;63;83.2;344.1;-0.1;-;-
SIA;196312;-;-;-;47;29;77.1;21.7;-8.2;-;-
SIA;196401;-;-;-;58;20;70.2;8.9;-8.1;-;-
SIA;196402;-;-;-;60;46;73.4;8.0;-5.0;-;-
SIA;196403;-;-;-;68;64;76.4;56.0;-2.5;-;-
SIA;196404;-;-;-;45;52;67.3;76.0;2.1;-;-
SIA;196405;-;-;-;0;45;64.2;32.0;7.5;-;-
SIA;196406;-;-;-;0;52;71.6;106.9;10.6;-;-
SIA;196407;-;-;-;0;39;66.4;45.2;12.4;-;-
SIA;196408;-;-;-;0;48;71.6;113.6;10.3;-;-
SIA;196409;-;-;-;0;35;71.3;22.3;8.0;-;-
SIA;196410;-;-;-;18;67;79.9;119.8;1.4;-;-
SIA;196411;-;-;-;24;48;73.2;59.3;0.3;-;-
SIA;196412;-;-;-;67;48;79.7;34.9;-6.7;-;-
SIA;196501;-;-;-;81;59;74.4;27.9;-6.2;-;-
SIA;196502;-;-;-;90;30;60.8;3.5;-10.1;-;-
SIA;196503;-;-;-;125;52;70.7;58.0;-4.0;-;-
SIA;196504;-;-;-;73;58;62.2;6.3;-0.3;-;-
SIA;196505;-;-;-;5;62;69.5;93.2;5.0;-;-
SIA;196506;-;-;-;0;54;69.8;74.3;9.6;-;-
SIA;196507;-;-;-;0;53;75.0;156.0;9.8;-;-
SIA;196508;-;-;-;0;55;72.2;151.4;9.7;-;-
SIA;196509;-;-;-;1;62;81.6;300.5;5.2;-;-
SIA;196510;-;-;-;0;25;74.8;6.7;3.3;-;-
SIA;196511;-;-;-;15;63;79.6;77.4;-2.7;-;-
SIA;196512;-;-;-;64;53;77.2;58.8;-5.9;-;-
SIA;196601;-;-;-;78;40;69.1;14.6;-9.3;-;-
SIA;196602;-;-;-;83;65;71.8;68.7;-2.0;-;-
SIA;196603;-;-;-;98;38;63.1;11.6;-4.2;-;-
SIA;196604;-;-;-;65;52;73.6;77.4;2.1;-;-
SIA;196605;-;-;-;2;52;68.6;90.8;6.0;-;-
SIA;196606;-;-;-;0;52;70.1;73.3;9.8;-;-
SIA;196607;-;-;-;0;55;74.1;183.1;9.4;-;-
SIA;196608;-;-;-;0;58;75.7;146.6;9.1;-;-
SIA;196609;-;-;-;0;40;77.1;51.5;9.0;-;-
SIA;196610;-;-;-;1;75;87.3;133.3;5.0;-;-
SIA;196611;-;-;-;57;54;75.6;135.6;-4.4;-;-
SIA;196612;-;-;-;99;50;74.0;76.9;-5.9;-;-
SIA;196701;-;-;-;103;33;77.2;9.5;-7.6;-;-
SIA;196702;-;-;-;119;42;76.5;64.9;-6.7;-;-
SIA;196703;-;-;-;136;56;74.0;71.3;-1.8;-;-
SIA;196704;-;-;-;137;45;70.3;79.5;0.0;-;-
SIA;196705;-;-;-;46;55;73.1;119.5;4.8;-;-
SIA;196706;-;-;-;0;50;70.3;40.2;8.4;-;-
SIA;196707;-;-;-;0;50;75.6;103.5;12.4;-;-
SIA;196708;-;-;-;0;55;77.4;147.8;10.6;-;-
SIA;196709;-;-;-;0;54;80.2;97.9;6.7;-;-
SIA;196710;-;-;-;1;29;69.2;61.3;4.6;-;-
SIA;196711;-;-;-;29;47;72.5;147.4;-0.6;-;-
SIA;196712;-;-;-;35;34;58.3;11.3;-6.3;-;-
SIA;196801;-;-;-;66;54;64.4;48.9;-8.3;-;-
SIA;196802;-;-;-;133;56;78.9;114.6;-5.5;-;-
SIA;196803;-;-;-;158;35;65.0;67.7;-4.1;-;-
SIA;196804;-;-;-;114;52;71.2;95.0;1.5;-;-
SIA;196805;-;-;-;8;62;70.8;109.6;4.6;-;-
SIA;196806;-;-;-;0;58;68.8;117.9;8.6;-;-
SIA;196807;-;-;-;0;51;68.2;88.5;10.6;-;-
SIA;196808;-;-;-;0;66;77.8;118.8;9.3;-;-
SIA;196809;-;-;-;0;56;81.5;150.6;6.5;-;-
SIA;196810;-;-;-;0;36;77.0;40.0;4.7;-;-
SIA;196811;-;-;-;24;48;83.5;180.9;-1.3;-;-
SIA;196812;-;-;-;46;36;82.5;24.5;-8.0;-;-
SIA;196901;-;-;-;81;38;82.1;66.7;-7.0;-;-
SIA;196902;-;-;-;105;56;80.4;39.5;-9.6;-;-
SIA;196903;-;-;-;97;51;80.2;17.2;-3.3;-;-
SIA;196904;-;-;-;67;57;71.7;25.0;0.2;-;-
SIA;196905;-;-;-;2;54;76.4;171.5;6.5;-;-
SIA;196906;-;-;-;0;60;74.4;104.1;7.9;-;-
SIA;196907;-;-;-;0;53;72.3;82.9;11.9;-;-
SIA;196908;-;-;-;0;63;75.6;107.5;9.8;-;-
SIA;196909;-;-;-;0;51;83.4;47.8;8.3;-;-
SIA;196910;-;-;-;0;21;72.2;0.0;5.2;-;-
SIA;196911;-;-;-;13;57;82.7;157.1;-2.2;-;-
SIA;196912;-;-;-;30;38;76.6;5.0;-9.5;-;-
SIA;197001;-;-;-;76;49;84.3;74.1;-7.0;-;-
SIA;197002;-;-;-;112;52;74.6;60.4;-7.8;-;-
SIA;197003;-;-;-;120;61;76.0;50.7;-5.6;-;-
SIA;197004;-;-;-;130;60;72.8;75.4;-1.6;-;-
SIA;197005;-;-;-;49;67;72.8;47.7;3.8;-;-
SIA;197006;-;-;-;0;55;73.7;88.2;10.1;-;-
SIA;197007;-;-;-;0;47;69.2;68.2;10.8;-;-
SIA;197008;-;-;-;0;62;79.8;175.0;10.6;-;-
SIA;197009;-;-;-;0;36;73.3;77.4;8.9;-;-
SIA;197010;-;-;-;3;46;75.3;49.4;3.0;-;-
SIA;197011;-;-;-;34;53;75.4;163.1;-0.6;-;-
SIA;197012;-;-;-;64;40;75.1;36.5;-6.9;-;-
SIA;197101;-;-;-;99;46;82.0;57.4;-7.9;-23.0;-
SIA;197102;-;-;-;122;41;68.6;29.6;-6.2;-20.0;-
SIA;197103;-;-;-;142;49;75.3;100.7;-6.5;-25.8;-
SIA;197104;-;-;-;91;50;76.2;59.8;2.5;-9.6;-
SIA;197105;-;-;-;1;71;80.8;61.9;6.3;-1.0;-
SIA;197106;-;-;-;0;70;73.7;119.1;8.1;-1.5;-
SIA;197107;-;-;-;0;43;69.2;74.7;12.4;0.0;-
SIA;197108;-;-;-;0;49;75.1;145.9;12.5;4.0;-
SIA;197109;-;-;-;0;35;72.8;22.7;7.0;-4.5;-
SIA;197110;-;-;-;0;26;71.7;6.4;4.3;-8.0;-
SIA;197111;-;-;-;28;54;79.2;125.7;-2.6;-18.5;-
SIA;197112;-;-;-;63;28;74.9;26.8;-3.5;-13.0;-
SIA;197201;-;-;-;80;50;85.5;30.0;-7.6;-21.0;-
SIA;197202;-;-;-;96;73;83.6;44.6;-3.5;-17.0;-
SIA;197203;-;-;-;105;45;77.7;79.6;-1.1;-9.5;-
SIA;197204;-;-;-;56;68;80.3;56.5;1.2;-9.5;-
SIA;197205;-;-;-;3;65;76.2;78.1;4.9;-7.0;-
SIA;197206;-;-;-;0;63;77.4;132.8;8.4;-2.0;-
SIA;197207;-;-;-;0;61;75.8;149.5;10.6;1.4;-
SIA;197208;-;-;-;0;55;74.3;56.9;10.5;1.0;-
SIA;197209;-;-;-;0;55;78.2;62.5;4.3;-5.0;-
SIA;197210;-;-;-;3;44;78.6;47.5;1.9;-6.0;-
SIA;197211;-;-;-;5;48;74.1;24.0;-1.4;-14.5;-
SIA;197212;-;-;-;31;36;82.4;29.8;-5.3;-13.5;-
SIA;197301;-;-;-;44;44;78.4;30.8;-6.2;-19.0;-
SIA;197302;-;-;-;57;43;69.7;13.7;-7.4;-20.5;-
SIA;197303;-;-;-;56;43;69.1;4.9;-3.8;-19.5;-
SIA;197304;-;-;-;31;59;70.8;63.8;-1.9;-17.0;-
SIA;197305;-;-;-;2;61;73.3;88.7;6.3;-4.5;-
SIA;197306;-;-;-;0;60;71.5;101.4;10.2;1.5;-
SIA;197307;-;-;-;0;65;71.8;194.9;10.6;1.5;-
SIA;197308;-;-;-;0;58;77.6;60.8;12.5;3.5;-
SIA;197309;-;-;-;0;55;75.7;142.2;8.7;-0.6;-
SIA;197310;-;-;-;4;40;71.6;70.5;2.8;-9.5;-
SIA;197311;-;-;-;1;40;68.5;22.4;-1.3;-15.5;-
SIA;197312;-;-;-;27;50;76.4;62.3;-5.8;-21.5;-
SIA;197401;-;-;-;37;48;77.0;17.6;-3.9;-15.5;-
SIA;197402;-;-;-;76;65;80.7;72.4;-4.3;-17.0;-
SIA;197403;-;-;-;67;60;80.4;46.1;-1.8;-17.5;-
SIA;197404;-;-;-;7;56;74.1;35.6;0.9;-9.5;-
SIA;197405;-;-;-;1;58;67.9;50.8;5.4;-3.0;-
SIA;197406;-;-;-;0;64;69.7;95.8;7.8;-2.0;-
SIA;197407;-;-;-;0;49;65.1;87.7;11.3;2.5;-
SIA;197408;-;-;-;0;53;71.4;118.4;12.0;1.0;-
SIA;197409;-;-;-;2;55;78.2;132.5;7.1;-6.0;-
SIA;197410;-;-;-;14;60;71.2;31.5;-2.0;-13.0;-
SIA;197411;-;-;-;21;61;82.3;83.0;-2.6;-11.5;-
SIA;197412;-;-;-;33;48;71.9;14.5;-3.1;-15.0;-
SIA;197501;-;-;-;89;51;80.1;87.8;-4.2;-17.5;-
SIA;197502;-;-;-;127;21;76.3;15.5;-6.8;-18.5;-
SIA;197503;-;-;-;142;65;84.0;118.1;-4.0;-16.0;-
SIA;197504;-;-;-;180;45;75.6;182.3;0.9;-13.6;-
SIA;197505;-;-;-;41;59;80.2;120.8;5.0;-4.0;-
SIA;197506;-;-;-;0;59;73.8;95.2;7.7;-1.9;-
SIA;197507;-;-;-;0;46;69.7;57.1;11.5;1.0;-
SIA;197508;-;-;-;0;61;78.3;155.7;11.0;3.0;-
SIA;197509;-;-;-;0;61;82.8;115.9;9.4;0.4;-
SIA;197510;-;-;-;3;34;71.9;38.0;2.6;-7.0;-
SIA;197511;-;-;-;20;51;84.4;96.9;-2.4;-17.6;-
SIA;197512;-;-;-;65;29;80.8;16.3;-5.5;-16.0;-
SIA;197601;-;-;-;61;39;69.8;9.5;-5.8;-22.8;-
SIA;197602;-;-;-;75;46;78.6;12.1;-4.6;-17.0;-
SIA;197603;-;-;-;61;38;71.9;4.5;-4.1;-19.3;-
SIA;197604;-;-;-;15;49;76.3;65.6;1.0;-9.1;-
SIA;197605;-;-;-;0;48;70.3;42.0;6.3;-4.6;-
SIA;197606;-;-;-;0;50;69.4;61.7;10.6;-1.0;-
SIA;197607;-;-;-;0;66;71.8;135.3;11.4;1.0;-
SIA;197608;-;-;-;0;66;76.4;89.4;8.9;0.1;-
SIA;197609;-;-;-;1;56;80.8;256.3;5.4;-3.9;-
SIA;197610;-;-;-;1;56;84.2;232.5;3.7;-3.5;-
SIA;197611;-;-;-;35;56;81.1;126.3;-2.7;-11.0;-
SIA;197612;-;-;-;69;46;85.3;38.4;-8.1;-22.5;-
SIA;197701;-;-;-;130;61;86.7;127.3;-6.9;-23.2;-
SIA;197702;-;-;-;145;53;81.7;98.9;-5.0;-18.7;-
SIA;197703;-;-;-;151;55;76.5;96.0;-0.4;-14.9;-
SIA;197704;-;-;-;133;63;74.6;110.7;0.0;-13.7;-
SIA;197705;-;-;-;27;66;81.7;155.6;4.5;-4.2;-
SIA;197706;-;-;-;0;68;79.5;74.1;8.2;1.0;-
SIA;197707;-;-;-;0;56;75.6;128.2;10.5;0.4;-
SIA;197708;-;-;-;0;69;81.0;239.4;8.7;1.4;17.0
SIA;197709;-;-;-;0;44;76.0;12.4;6.6;-3.0;20.0
SIA;197710;-;-;-;0;45;80.9;117.2;3.9;-4.6;12.0
SIA;197711;-;-;-;9;49;75.7;26.9;-2.8;-15.5;13.5
SIA;197712;-;-;-;40;40;79.6;41.1;-5.9;-16.4;5.0
SIA;197801;-;-;-;95;53;79.4;109.5;-8.1;-20.0;1.2
SIA;197802;-;-;-;125;63;81.6;76.5;-7.2;-25.5;3.8
SIA;197803;-;-;-;139;63;77.6;72.2;-3.1;-19.1;9.2
SIA;197804;-;-;-;125;66;77.6;81.7;-0.9;-15.7;7.9
SIA;197805;-;-;-;38;71;77.2;94.4;3.3;-7.0;14.0
SIA;197806;-;-;-;0;58;72.3;117.9;7.4;-2.8;17.7
SIA;197807;-;-;-;0;59;73.2;110.3;9.4;0.2;20.2
SIA;197808;-;-;-;0;49;76.2;64.5;9.6;0.6;20.1
SIA;197809;-;-;-;0;43;73.2;19.6;7.8;-4.0;21.1
SIA;197810;-;-;-;5;35;77.2;64.8;3.0;-5.8;15.1
SIA;197811;-;-;-;1;18;78.1;2.9;-1.8;-13.5;12.9
SIA;197812;-;-;-;23;55;90.0;61.0;-5.5;-15.3;2.5
SIA;197901;-;-;-;67;58;82.6;107.5;-9.9;-23.1;2.3
SIA;197902;-;-;-;121;54;83.5;30.8;-6.5;-24.6;4.0
SIA;197903;-;-;-;147;66;85.4;180.0;-3.3;-19.7;8.8
SIA;197904;-;-;-;160;61;80.1;77.0;-2.2;-15.7;9.0
SIA;197905;-;-;-;76;49;75.6;84.7;3.6;-13.5;17.5
SIA;197906;-;-;-;0;64;76.9;89.8;9.2;0.2;19.5
SIA;197907;-;-;-;0;55;72.9;118.1;10.5;1.2;19.6
SIA;197908;-;-;-;0;56;78.9;146.1;9.2;-0.9;20.4
SIA;197909;-;-;-;4;46;81.4;119.7;7.1;-2.4;17.5
SIA;197910;-;-;-;0;65;84.1;253.9;3.6;-3.2;15.5
SIA;197911;-;-;-;36;51;77.5;97.0;-3.3;-15.0;8.4
SIA;197912;-;-;-;66;56;82.7;88.2;-5.1;-15.8;7.0
SIA;198001;-;-;-;102;53;82.6;53.9;-10.0;-24.5;2.0
SIA;198002;-;-;-;116;36;75.7;4.9;-6.4;-20.5;7.1
SIA;198003;-;-;-;113;59;81.7;41.2;-3.9;-17.5;9.9
SIA;198004;-;-;-;82;59;73.6;3.2;-2.2;-12.6;9.3
SIA;198005;-;-;-;9;71;82.0;60.0;3.2;-3.3;12.4
SIA;198006;-;-;-;0;63;76.6;148.5;7.2;-0.9;21.0
SIA;198007;-;-;-;0;58;76.4;141.3;9.1;-0.2;22.0
SIA;198008;-;-;-;0;50;77.5;46.9;11.9;-0.4;22.0
SIA;198009;-;-;-;0;36;75.2;35.8;8.7;-0.6;21.1
SIA;198010;-;-;-;10;53;81.8;248.9;1.6;-7.6;17.5
SIA;198011;-;-;-;21;58;80.9;25.2;-2.8;-12.4;7.4
SIA;198012;-;-;-;30;48;73.8;10.7;-7.5;-18.5;6.0
SIA;198101;-;-;-;37;48;68.4;18.8;-9.1;-24.3;5.2
SIA;198102;-;-;-;38;35;74.3;3.0;-8.9;-23.0;8.4
SIA;198103;-;-;-;45;60;81.5;155.4;-1.5;-15.9;13.9
SIA;198104;-;-;-;8;50;77.4;30.6;2.2;-10.7;14.5
SIA;198105;-;-;-;5;66;80.1;181.9;4.4;-4.9;15.8
SIA;198106;-;-;-;0;54;74.3;76.5;9.2;-0.6;23.0
SIA;198107;-;-;-;0;63;77.5;238.6;9.7;0.4;21.5
SIA;198108;-;-;-;0;45;75.1;38.6;11.3;0.4;23.0
SIA;198109;-;-;-;0;73;84.6;219.0;8.0;0.0;17.0
SIA;198110;-;-;-;13;63;80.9;74.0;2.2;-12.6;13.0
SIA;198111;-;-;-;22;36;72.1;12.2;-3.3;-15.9;10.7
SIA;198112;-;-;-;66;68;77.9;128.0;-7.1;-22.1;3.5
SIA;198201;-;-;-;108;50;82.1;47.2;-6.2;-20.1;3.9
SIA;198202;-;-;-;117;40;78.0;7.3;-7.9;-24.3;6.1
SIA;198203;-;-;-;121;59;77.3;46.0;-5.4;-19.5;7.7
SIA;198204;-;-;-;66;43;70.8;0.6;-0.3;-12.2;9.2
SIA;198205;-;-;-;7;51;75.5;106.6;5.3;-6.3;16.8
SIA;198206;-;-;-;0;61;78.4;157.2;9.7;-0.8;19.4
SIA;198207;-;-;-;0;50;71.1;119.0;12.8;2.2;24.5
SIA;198208;-;-;-;0;60;81.4;204.4;10.4;0.4;20.1
SIA;198209;-;-;-;0;53;82.1;101.1;9.3;0.3;20.3
SIA;198210;-;-;-;1;54;79.3;114.1;2.5;-4.6;13.6
SIA;198211;-;-;-;7;56;82.2;106.6;-1.1;-10.1;12.5
SIA;198212;-;-;-;55;49;77.9;84.6;-5.6;-16.1;4.2
SIA;198301;-;-;-;84;46;71.3;61.5;-4.7;-17.6;7.0
SIA;198302;-;-;-;107;44;73.9;8.6;-10.0;-24.1;5.4
SIA;198303;-;-;-;101;50;74.8;36.4;-2.4;-16.0;10.9
SIA;198304;-;-;-;80;75;85.2;157.5;0.2;-10.5;10.1
SIA;198305;-;-;-;12;71;80.2;357.3;3.0;-6.1;13.5
SIA;198306;-;-;-;0;58;72.1;39.0;9.2;-2.4;20.2
SIA;198307;-;-;-;0;39;64.8;28.0;14.1;2.8;26.7
SIA;198308;-;-;-;0;63;78.4;85.9;10.7;1.4;21.5
SIA;198309;-;-;-;0;48;73.5;103.3;8.4;-2.1;21.2
SIA;198310;-;-;-;0;39;70.3;32.7;4.4;-6.7;16.4
SIA;198311;-;-;-;1;35;69.8;23.2;-1.2;-11.7;10.5
SIA;198312;-;-;-;30;41;82.6;63.7;-5.7;-17.3;7.6
SIA;198401;-;-;-;49;60;72.2;16.6;-7.9;-20.4;3.4
SIA;198402;-;-;-;60;54;75.8;50.9;-8.8;-21.9;1.9
SIA;198403;-;-;-;72;48;75.5;73.4;-6.2;-20.0;4.0
SIA;198404;-;-;-;134;48;73.1;42.4;-1.3;-14.0;11.5
SIA;198405;-;-;-;18;75;83.0;173.3;1.7;-12.0;10.5
SIA;198406;-;-;-;0;54;67.4;62.5;8.1;-1.8;18.3
SIA;198407;-;-;-;0;46;64.1;30.1;11.0;-0.6;21.6
SIA;198408;-;-;-;0;64;72.6;45.2;10.2;2.0;20.5
SIA;198409;-;-;-;2;61;76.7;192.2;5.7;-3.4;21.0
SIA;198410;-;-;-;0;50;74.9;104.6;3.4;-4.3;15.8
SIA;198411;-;-;-;12;50;75.8;43.6;-0.6;-11.2;13.5
SIA;198412;-;-;-;43;46;77.4;50.3;-5.4;-16.4;6.0
SIA;198501;-;-;-;80;58;72.1;106.6;-11.2;-27.6;3.5
SIA;198502;-;-;-;89;51;68.5;11.5;-5.6;-22.6;7.0
SIA;198503;-;-;-;124;64;74.6;123.7;-5.4;-21.6;3.9
SIA;198504;-;-;-;97;55;69.8;65.0;-0.3;-13.5;9.4
SIA;198505;-;-;-;23;66;75.1;182.4;4.5;-5.4;17.2
SIA;198506;-;-;-;0;63;66.4;152.4;7.5;-1.3;17.5
SIA;198507;-;-;-;0;49;67.4;136.0;12.4;1.5;23.0
SIA;198508;-;-;-;0;43;64.8;184.5;10.5;-1.2;22.1
SIA;198509;-;-;-;0;31;65.9;39.4;9.1;-1.8;20.8
SIA;198510;-;-;-;0;39;68.4;10.4;4.3;-5.7;17.9
SIA;198511;-;-;-;15;51;72.0;42.2;-5.2;-17.3;6.8
SIA;198512;-;-;-;34;48;71.3;50.3;-3.6;-15.0;5.6
SIA;198601;-;-;-;66;64;70.0;81.6;-8.1;-23.9;4.8
SIA;198602;-;-;-;92;49;71.0;18.3;-11.6;-26.2;1.5
SIA;198603;-;-;-;89;55;71.3;43.2;-3.5;-16.8;9.0
SIA;198604;-;-;-;98;81;76.3;235.4;-1.0;-17.7;10.6
SIA;198605;-;-;-;26;61;69.5;103.9;6.5;-3.1;18.2
SIA;198606;-;-;-;0;49;63.1;42.6;9.0;-2.7;22.9
SIA;198607;-;-;-;0;51;74.6;98.1;10.8;-0.8;21.6
SIA;198608;-;-;-;0;51;83.1;215.1;10.5;0.2;21.0
SIA;198609;-;-;-;0;50;81.0;43.3;8.2;-1.6;18.2
SIA;198610;-;-;-;1;35;74.6;24.2;4.4;-7.2;19.1
SIA;198611;-;-;-;5;39;78.7;24.5;-1.2;-12.3;9.1
SIA;198612;-;-;-;22;48;76.7;36.3;-5.8;-20.3;4.6
SIA;198701;-;-;-;37;43;75.5;15.1;-8.8;-25.1;4.4
SIA;198702;-;-;-;64;64;81.3;71.2;-5.5;-21.5;7.3
SIA;198703;-;-;-;73;51;75.5;36.4;-7.3;-24.0;6.0
SIA;198704;-;-;-;51;45;73.0;50.2;0.8;-16.3;13.5
SIA;198705;-;-;-;4;60;72.7;59.5;3.1;-6.8;15.5
SIA;198706;-;-;-;1;63;75.4;222.1;7.2;-2.0;22.0
SIA;198707;-;-;-;0;64;79.1;229.9;11.4;-0.8;22.2
SIA;198708;-;-;-;0;55;77.4;131.8;10.8;-1.9;21.6
SIA;198709;-;-;-;0;53;75.5;106.8;10.2;-1.9;23.0
SIA;198710;-;-;-;0;68;85.2;109.6;4.2;-4.6;13.3
SIA;198711;-;-;-;6;58;74.3;45.1;-1.2;-10.0;12.6
SIA;198712;-;-;-;20;44;78.7;18.5;-3.2;-15.0;7.4
SIA;198801;-;-;-;41;59;82.4;85.9;-4.7;-16.0;3.0
SIA;198802;-;-;-;81;53;71.3;59.0;-7.6;-21.1;6.5
SIA;198803;-;-;-;71;66;68.8;48.4;-4.5;-17.6;7.0
SIA;198804;-;-;-;48;64;80.6;38.3;1.5;-12.7;11.8
SIA;198805;-;-;-;1;70;83.8;110.6;5.9;-3.9;16.0
SIA;198806;-;-;-;0;68;74.0;90.2;7.9;-1.0;16.5
SIA;198807;-;-;-;0;48;72.1;95.9;11.9;2.3;20.7
SIA;198808;-;-;-;0;50;77.0;189.0;11.3;-0.5;21.6
SIA;198809;-;-;-;0;51;75.8;69.7;7.7;-1.0;18.9
SIA;198810;-;-;-;0;55;79.5;192.5;5.1;-5.0;18.1
SIA;198811;-;-;-;1;30;66.1;6.0;-2.6;-16.8;8.2
SIA;198812;-;-;-;21;46;63.9;43.4;-3.9;-16.5;6.2
SIA;198901;-;-;-;20;16;65.4;0.0;-5.3;-14.0;5.6
SIA;198902;-;-;-;32;41;72.1;84.8;-3.6;-20.2;9.7
SIA;198903;-;-;-;64;39;72.7;38.4;-1.0;-19.2;12.5
SIA;198904;-;-;-;68;76;82.3;216.0;-0.2;-9.5;9.0
SIA;198905;-;-;-;14;51;74.1;29.6;5.5;-4.5;16.0
SIA;198906;-;-;-;1;61;67.0;108.3;7.8;-2.3;19.0
SIA;198907;-;-;-;0;61;71.3;117.5;11.7;2.0;22.8
SIA;198908;-;-;-;0;51;71.3;56.8;10.9;-0.3;21.5
SIA;198909;-;-;-;0;64;78.2;40.1;7.7;-0.3;19.6
SIA;198910;-;-;-;0;29;68.0;12.0;3.9;-5.0;17.5
SIA;198911;-;-;-;13;39;81.8;65.2;-2.9;-14.5;11.7
SIA;198912;-;-;-;13;33;83.9;151.8;-4.8;-15.2;5.5
SIA;199001;-;-;-;25;28;79.5;48.6;-7.4;-19.5;5.9
SIA;199002;-;-;-;72;44;81.5;89.1;-3.9;-19.6;10.4
SIA;199003;-;-;-;52;43;74.2;5.9;-1.0;-16.8;14.0
SIA;199004;-;-;-;33;66;82.2;71.4;0.0;-10.2;13.0
SIA;199005;-;-;-;0;51;78.1;62.2;6.6;-4.3;17.0
SIA;199006;-;-;-;0;64;82.2;221.3;8.3;-1.4;20.5
SIA;199007;-;-;-;0;45;70.2;54.5;12.0;1.3;25.0
SIA;199008;-;-;-;0;46;78.3;66.2;11.4;0.6;22.4
SIA;199009;-;-;-;0;49;77.5;56.8;6.9;-1.6;16.8
SIA;199010;-;-;-;2;59;81.7;117.7;4.6;-7.0;15.2
SIA;199011;-;-;-;32;49;82.6;126.4;-3.2;-12.5;9.8
SIA;199012;-;-;-;89;41;86.8;50.8;-8.7;-18.0;2.0
SIA;199101;-;-;-;88;36;85.3;20.7;-8.2;-23.0;3.0
SIA;199102;-;-;-;100;36;82.7;26.9;-10.0;-29.0;10.6
SIA;199103;-;-;-;73;61;86.8;102.7;-0.3;-11.6;10.0
SIA;199104;-;-;-;27;58;81.0;27.1;-0.7;-13.7;11.0
SIA;199105;-;-;-;2;64;75.6;39.2;2.9;-7.0;16.5
SIA;199106;-;-;-;0;60;80.6;142.4;8.3;-1.0;22.0
SIA;199107;-;-;-;0;53;81.9;89.9;12.8;0.2;25.2
SIA;199108;-;-;-;0;45;73.9;6.0;13.0;1.8;22.4
SIA;199109;-;-;-;0;56;82.6;160.6;9.7;-0.8;20.4
SIA;199110;-;-;-;0;51;83.3;62.4;2.4;-8.6;16.5
SIA;199111;-;-;-;25;50;82.9;51.8;-2.8;-12.5;9.4
SIA;199112;-;-;-;53;26;76.7;92.7;-7.1;-17.0;7.0
SIA;199201;-;-;-;84;25;80.3;20.6;-7.5;-22.0;4.5
SIA;199202;-;-;-;92;36;73.0;25.0;-6.1;-24.2;5.8
SIA;199203;-;-;-;90;51;78.8;104.7;-2.6;-16.8;10.4
SIA;199204;-;-;-;91;56;81.8;93.2;0.4;-16.0;14.0
SIA;199205;-;-;-;6;54;79.4;34.8;6.9;-1.8;18.6
SIA;199206;-;-;-;0;66;85.2;143.5;8.1;-0.4;17.5
SIA;199207;-;-;-;0;54;83.2;116.2;11.9;1.0;22.5
SIA;199208;-;-;-;0;45;80.8;141.6;13.4;3.6;23.2
SIA;199209;-;-;-;0;50;79.8;91.0;7.4;-3.0;20.0
SIA;199210;-;-;-;2;68;87.2;123.6;1.6;-10.7;11.4
SIA;199211;-;-;-;1;54;77.8;52.8;0.3;-10.2;14.4
SIA;199212;-;-;-;51;34;85.1;99.9;-5.9;-16.5;3.4
SIA;199301;-;-;-;51;34;75.9;10.4;-4.7;-20.5;6.5
SIA;199302;-;-;-;57;28;69.8;15.4;-7.1;-21.8;7.0
SIA;199303;-;-;-;46;44;71.5;15.2;-3.9;-19.5;14.0
SIA;199304;-;-;-;7;64;80.6;29.0;1.5;-10.0;14.0
SIA;199305;-;-;-;0;65;82.7;85.1;6.8;-2.2;19.6
SIA;199306;-;-;-;0;61;77.6;160.8;9.6;0.8;20.5
SIA;199307;-;-;-;0;59;74.9;101.4;10.3;-1.4;22.2
SIA;199308;-;-;-;0;49;75.1;89.9;11.8;-1.0;23.4
SIA;199309;-;-;-;1;69;84.0;219.4;6.3;-2.8;17.5
SIA;199310;-;-;-;7;66;88.3;298.4;2.0;-8.2;12.0
SIA;199311;-;-;-;2;48;79.1;20.6;-3.4;-15.2;7.0
SIA;199312;-;-;-;17;51;76.3;52.8;-4.3;-15.6;5.8
SIA;199401;-;-;-;111;55;81.3;135.9;-5.9;-19.9;6.0
SIA;199402;-;-;-;99;50;80.0;67.1;-7.6;-21.6;5.0
SIA;199403;-;-;-;95;45;72.0;15.8;0.7;-15.6;13.8
SIA;199404;-;-;-;32;65;74.3;37.9;-0.2;-13.2;16.2
SIA;199405;-;-;-;0;63;80.9;87.5;6.2;-3.6;17.0
SIA;199406;-;-;-;0;59;71.0;55.8;9.8;0.4;22.4
SIA;199407;-;-;-;0;55;74.0;75.3;13.8;4.2;25.0
SIA;199408;-;-;-;0;50;75.3;128.9;12.9;5.0;23.5
SIA;199409;-;-;-;0;65;83.2;247.8;7.6;-3.0;16.4
SIA;199410;-;-;-;1;44;78.1;40.2;3.1;-7.5;16.2
SIA;199411;-;-;-;2;56;81.7;64.9;2.0;-4.8;9.8
SIA;199412;-;-;-;4;43;79.9;21.0;-3.0;-14.4;12.4
SIA;199501;-;-;-;52;48;78.2;77.5;-8.4;-22.6;1.6
SIA;199502;-;-;-;65;55;80.2;38.1;-3.9;-17.8;9.4
SIA;199503;-;-;-;72;46;73.2;29.6;-5.5;-21.4;11.0
SIA;199504;-;-;-;36;64;77.8;94.4;1.4;-8.4;13.4
SIA;199505;-;-;-;0;56;77.0;88.1;5.5;-4.5;17.5
SIA;199506;-;-;-;0;64;79.4;82.5;7.8;-1.0;20.5
SIA;199507;-;-;-;0;53;80.8;63.7;13.6;4.0;24.5
SIA;199508;-;-;-;0;69;81.7;80.0;10.7;-1.2;21.8
SIA;199509;-;-;-;0;63;82.9;148.0;5.1;-6.8;16.0
SIA;199510;-;-;-;0;33;77.6;6.2;5.9;-5.5;17.0
SIA;199511;-;-;-;5;50;79.0;33.9;-2.0;-13.6;10.8
SIA;199512;-;-;-;20;54;85.7;41.7;-5.2;-18.0;3.0
SIA;199601;-;-;-;55;48;88.3;50.6;-6.1;-18.8;2.0
SIA;199602;-;-;-;65;45;74.7;14.2;-8.7;-23.4;5.5
SIA;199603;-;-;-;54;48;76.1;13.8;-4.8;-22.6;11.0
SIA;199604;-;-;-;11;55;74.6;14.4;1.6;-9.6;12.2
SIA;199605;-;-;-;1;64;79.1;103.9;5.8;-4.0;19.8
SIA;199606;-;-;-;0;53;73.5;88.7;10.1;-0.2;22.4
SIA;199607;-;-;-;0;54;77.0;131.5;10.5;0.0;21.5
SIA;199608;-;-;-;0;65;83.1;208.3;10.2;0.6;19.4
SIA;199609;-;-;-;0;56;75.9;10.1;5.0;-3.4;15.4
SIA;199610;-;-;-;0;54;77.4;101.8;3.2;-4.8;14.4
SIA;199611;-;-;-;38;65;81.8;267.7;-2.2;-14.6;14.5
SIA;199612;-;-;-;77;53;85.8;54.8;-5.7;-21.2;3.0
SIA;199701;-;-;-;109;38;86.4;32.5;-7.2;-22.2;4.4
SIA;199702;-;-;-;101;34;72.8;9.7;-5.5;-17.2;8.4
SIA;199703;-;-;-;92;40;69.7;15.0;-0.8;-10.4;12.2
SIA;199704;-;-;-;35;38;64.7;28.6;-0.3;-12.5;10.5
SIA;199705;-;-;-;2;54;75.5;86.7;5.4;-8.0;17.8
SIA;199706;-;-;-;0;68;83.8;260.6;8.1;-0.8;18.0
SIA;199707;-;-;-;0;59;76.8;110.7;9.6;0.5;20.4
SIA;199708;-;-;-;0;55;79.8;90.4;11.9;1.0;21.8
SIA;199709;-;-;-;0;33;74.0;35.0;9.9;0.8;20.8
SIA;199710;-;-;-;0;39;71.9;26.7;3.6;-11.0;16.0
SIA;199711;-;-;-;30;51;85.0;151.6;-1.8;-12.5;9.4
SIA;199712;-;-;-;55;53;82.0;68.5;-4.7;-16.5;5.0
SIA;199801;-;-;-;84;36;76.8;44.4;-7.3;-20.8;1.4
SIA;199802;-;-;-;79;18;70.5;15.0;-4.1;-19.6;10.0
SIA;199803;-;-;-;71;45;66.6;5.7;-2.9;-20.0;10.2
SIA;199804;-;-;-;42;65;77.9;140.2;-0.2;-16.5;11.6
SIA;199805;-;-;-;0;49;72.2;39.0;6.0;-3.2;18.8
SIA;199806;-;-;-;0;54;73.8;141.3;9.7;-3.5;23.5
SIA;199807;-;-;-;0;52;72.0;136.3;11.8;1.0;21.8
SIA;199808;-;-;-;0;42;72.1;102.9;12.0;-1.5;25.4
SIA;199809;-;-;-;0;61;77.2;149.8;6.8;-2.5;16.0
SIA;199810;-;-;-;0;55;71.7;129.1;2.7;-7.0;15.0
SIA;199811;-;-;-;1;39;68.0;21.5;-4.0;-18.2;10.5
SIA;199812;-;-;-;5;42;68.4;7.1;-5.6;-18.0;6.8
SIA;199901;-;-;-;25;38;77.3;53.2;-7.3;-23.0;5.5
SIA;199902;-;-;-;79;51;68.7;54.1;-7.5;-23.0;7.2
SIA;199903;-;-;-;110;46;73.6;78.0;-2.5;-22.2;9.4
SIA;199904;-;-;-;80;56;73.0;86.8;0.3;-14.0;11.0
SIA;199905;-;-;-;1;59;77.0;87.2;7.3;-3.2;19.2
SIA;199906;-;-;-;0;59;74.4;182.1;8.1;-2.4;20.5
SIA;199907;-;-;-;0;56;72.6;69.0;11.5;2.0;21.0
SIA;199908;-;-;-;0;62;79.6;220.8;11.3;1.5;21.0
SIA;199909;-;-;-;0;54;79.3;216.5;9.2;-0.2;22.0
SIA;199910;-;-;-;0;49;76.4;138.7;3.8;-6.5;14.5
SIA;199911;-;-;-;9;46;72.9;38.4;-3.8;-17.0;8.6
SIA;199912;-;-;-;44;46;66.9;74.7;-6.5;-22.0;5.5
SIA;200001;-;-;-;57;25;71.2;20.4;-8.4;-24.0;3.0
SIA;200002;-;-;-;67;39;66.4;29.0;-5.1;-17.0;8.0
SIA;200003;-;-;-;59;51;65.7;58.4;-1.8;-15.5;9.2
SIA;200004;-;-;-;53;65;78.4;140.4;1.1;-11.8;13.5
SIA;200005;-;-;-;0;57;77.0;109.5;6.7;-3.0;15.8
SIA;200006;-;-;-;0;45;71.3;77.2;10.2;0.0;19.0
SIA;200007;-;-;-;0;52;70.1;190.2;9.4;0.0;19.4
SIA;200008;-;-;-;0;44;73.3;163.3;11.5;3.0;22.2
SIA;200009;-;-;-;0;42;72.8;94.4;8.2;-1.0;20.5
SIA;200010;-;-;-;0;65;78.6;250.9;4.1;-2.5;15.6
SIA;200011;-;-;-;58;65;85.9;391.0;-2.6;-12.0;6.0
SIA;200012;-;-;-;78;55;80.1;82.3;-4.4;-17.4;3.0
SIA;200101;-;-;-;126;56;80.8;156.2;-7.4;-24.8;2.0
SIA;200102;-;-;-;168;44;70.4;61.8;-5.9;-24.5;5.5
SIA;200103;-;-;-;159;66;77.3;115.4;-1.0;-18.5;9.0
SIA;200104;-;-;-;109;65;69.2;67.5;-0.9;-14.5;8.5
SIA;200105;-;-;-;17;54;70.5;42.2;7.5;-1.5;21.2
SIA;200106;-;-;-;0;50;66.1;208.0;8.2;-3.0;20.5
SIA;200107;-;-;-;0;51;71.2;105.4;11.5;2.5;22.0
SIA;200108;-;-;-;0;48;70.0;188.8;12.5;2.0;22.6
SIA;200109;-;-;-;0;66;74.1;86.6;4.8;-2.0;15.8
SIA;200110;-;-;-;0;39;77.8;82.3;6.2;-5.0;18.5
SIA;200111;-;-;-;1;40;71.3;26.1;-0.8;-11.8;12.8
SIA;200112;-;-;-;0;29;69.2;4.5;-6.2;-20.0;6.0
SIA;200201;-;-;-;1;26;66.9;6.9;-5.4;-19.0;12.0
SIA;200202;-;-;-;19;55;73.8;44.5;-3.1;-18.0;10.5
SIA;200203;-;-;-;26;56;74.1;74.1;-1.5;-15.0;9.9
SIA;200204;-;-;-;1;64;74.6;25.5;1.4;-6.1;12.0
SIA;200205;-;-;-;1;64;80.4;239.8;5.6;-5.0;16.0
SIA;200206;-;-;-;0;55;76.1;104.2;11.3;0.5;23.8
SIA;200207;-;-;-;0;68;77.7;91.0;10.8;0.5;21.0
SIA;200208;-;-;-;0;64;80.7;109.2;10.6;0.3;20.1
SIA;200209;-;-;-;0;65;76.3;31.2;6.8;-5.6;16.8
SIA;200210;-;-;-;1;57;73.3;79.3;3.7;-10.0;16.5
SIA;200211;-;-;-;21;82;83.3;454.7;-0.1;-10.5;11.0
SIA;200212;-;-;-;63;64;83.0;33.7;-3.6;-15.5;6.5
SIA;200301;-;-;-;79;41;73.2;24.8;-7.5;-21.5;6.5
SIA;200302;-;-;-;89;31;69.9;9.0;-10.0;-25.0;5.2
SIA;200303;-;-;-;58;44;70.3;1.5;-1.4;-13.9;11.0
SIA;200304;-;-;-;1;61;71.3;43.5;0.7;-17.0;12.0
SIA;200305;-;-;-;0;70;75.1;85.6;7.2;-5.0;17.8
SIA;200306;-;-;-;0;49;72.8;39.0;13.4;3.0;23.2
SIA;200307;-;-;-;0;50;71.9;135.4;12.4;1.0;23.2
SIA;200308;-;-;-;0;49;67.5;107.1;14.7;5.8;28.5
SIA;200309;-;-;-;0;53;75.5;17.8;7.8;0.0;20.2
SIA;200310;-;-;-;2;67;77.9;132.1;1.3;-13.5;14.9
SIA;200311;-;-;-;13;58;80.8;74.6;-0.1;-9.0;12.9
SIA;200312;-;-;-;26;58;73.7;44.4;-4.0;-16.5;9.0
SIA;200401;-;-;-;58;60;73.7;33.1;-6.9;-21.5;5.2
SIA;200402;-;-;-;59;52;68.9;24.1;-5.7;-21.1;10.4
SIA;200403;-;-;-;63;62;73.2;28.3;-3.5;-16.5;12.5
SIA;200404;-;-;-;9;70;77.0;40.8;1.1;-10.5;12.5
SIA;200405;-;-;-;1;59;69.8;75.7;4.6;-3.4;16.3
SIA;200406;-;-;-;0;61;66.9;55.0;9.7;-0.4;21.0
SIA;200407;-;-;-;0;60;68.7;111.1;11.0;0.1;23.5
SIA;200408;-;-;-;0;69;76.4;150.7;11.1;1.8;22.5
SIA;200409;-;-;-;0;61;76.2;36.8;8.8;-2.0;20.0
SIA;200410;-;-;-;0;81;85.3;139.5;5.1;-9.0;13.9
SIA;200411;-;-;-;1;54;66.9;60.2;-0.9;-13.4;14.5
SIA;200412;-;-;-;16;43;77.0;33.8;-5.0;-20.0;6.7
SIA;200501;-;-;-;30;40;66.0;36.0;-7.3;-22.6;6.2
SIA;200502;-;-;-;39;50;67.8;16.7;-9.7;-22.9;4.5
SIA;200503;-;-;-;22;50;72.0;22.2;-3.0;-28.5;12.0
SIA;200504;-;-;-;2;68;72.9;50.9;1.4;-9.0;16.5
SIA;200505;-;-;-;0;62;69.8;90.2;6.5;-4.7;20.0
SIA;200506;-;-;-;0;53;65.8;50.7;10.9;-3.5;25.3
SIA;200507;-;-;-;0;65;70.4;91.8;11.4;-1.3;22.5
SIA;200508;-;-;-;0;69;72.6;121.7;9.7;-1.2;19.4
SIA;200509;-;-;-;0;68;76.5;50.6;8.8;-0.4;21.0
SIA;200510;-;-;-;1;54;77.5;68.5;4.2;-4.5;17.0
SIA;200511;-;-;-;2;49;76.0;25.9;-2.3;-18.2;12.0
SIA;200512;-;-;-;38;52;75.1;82.8;-7.8;-22.9;8.9
SIA;200601;-;-;-;46;39;75.4;33.9;-9.6;-23.5;5.1
SIA;200602;-;-;-;68;51;72.4;32.3;-7.3;-24.0;5.5
SIA;200603;-;-;-;78;55;71.5;54.2;-5.2;-25.0;9.8
SIA;200604;-;-;-;23;65;73.5;48.7;1.1;-14.1;11.5
SIA;200605;-;-;-;0;72;71.1;58.6;5.9;-4.6;16.5
SIA;200606;-;-;-;0;59;66.7;58.8;10.1;-3.5;22.0
SIA;200607;-;-;-;0;58;75.1;122.0;13.5;4.5;23.0
SIA;200608;-;-;-;0;69;72.0;95.8;8.5;-1.1;17.5
SIA;200609;-;-;-;0;62;76.3;67.9;10.0;-1.4;23.5
SIA;200610;-;-;-;0;56;76.4;72.3;5.8;-3.5;16.5
SIA;200611;-;-;-;1;57;68.6;24.9;0.9;-11.0;12.7
SIA;200612;-;-;-;17;42;75.7;84.1;-3.3;-16.0;8.0
SIA;200701;-;-;-;28;54;73.3;72.0;-3.4;-19.0;10.0
SIA;200702;-;-;-;29;55;70.7;34.3;-3.3;-17.0;9.0
SIA;200703;-;-;-;19;60;67.4;55.1;-1.8;-18.5;11.0
SIA;200704;-;-;-;1;43;69.6;1.2;5.0;-5.5;16.5
SIA;200705;-;-;-;0;66;73.4;102.6;6.7;-4.1;19.0
SIA;200706;-;-;-;0;47;79.2;116.4;10.2;1.8;21.0
SIA;200707;-;-;-;0;34;65.5;118.8;11.4;1.1;26.5
SIA;200708;-;-;-;0;68;76.0;169.9;10.5;-2.5;22.0
SIA;200709;-;-;-;1;52;69.5;79.1;6.8;-12.0;18.5
SIA;200710;-;-;-;0;47;69.4;35.2;3.9;-7.5;18.3
SIA;200711;-;-;-;19;48;71.3;84.8;-1.9;-16.0;14.5
SIA;200712;-;-;-;35;38;70.3;22.1;-5.5;-17.0;6.1
SIA;200801;-;-;-;63;54;78.6;67.0;-5.1;-18.0;10.0
SIA;200802;-;-;-;66;28;65.1;14.5;-4.2;-19.0;11.0
SIA;200803;-;-;-;47;58;65.9;49.9;-2.5;-15.0;10.0
SIA;200804;-;-;-;37;76;77.6;151.1;0.3;-13.5;10.0
SIA;200805;-;-;-;1;70;75.3;120.5;6.1;-4.0;19.0
SIA;200806;-;-;-;0;62;77.0;97.8;10.5;0.5;22.3
SIA;200807;-;-;-;0;57;72.1;226.8;11.1;2.0;21.0
SIA;200808;-;-;-;0;49;73.1;110.7;11.5;2.5;21.2
SIA;200809;-;-;-;0;63;74.0;137.4;6.8;-2.0;19.2
SIA;200810;-;-;-;1;56;78.0;147.0;3.9;-9.5;18.0
SIA;200811;-;-;-;12;67;79.9;171.6;-2.1;-19.0;9.0
SIA;200812;-;-;-;81;63;77.9;93.2;-5.4;-21.0;7.0
SIA;200901;-;-;-;89;41;77.4;43.6;-9.3;-20.3;0.0
SIA;200902;-;-;-;144;56;71.1;118.6;-6.4;-23.0;6.8
SIA;200903;-;-;-;120;55;65.6;68.8;-2.6;-17.0;9.5
SIA;200904;-;-;-;38;52;74.6;50.4;2.4;-6.0;11.8
SIA;200905;-;-;-;0;53;69.4;36.2;7.6;-2.5;22.0
SIA;200906;-;-;-;0;60;70.1;107.4;9.7;0.0;21.2
SIA;200907;-;-;-;0;49;73.3;127.2;11.7;0.5;22.0
SIA;200908;-;-;-;0;48;74.6;45.0;12.9;2.9;23.0
SIA;200909;-;-;-;0;51;74.3;54.1;9.8;0.9;19.8
SIA;200910;-;-;-;0;46;68.1;48.7;3.5;-8.1;17.0
SIA;200911;-;-;-;4;44;77.3;132.2;0.0;-9.8;13.0
SIA;200912;-;-;-;56;54;80.0;82.9;-6.6;-21.0;5.5
SIA;201001;-;-;-;80;46;74.3;10.4;-9.9;-23.0;2.8
SIA;201002;-;-;-;85;56;73.8;15.9;-7.3;-24.9;4.0
SIA;201003;-;-;-;76;53;72.3;18.2;-4.0;-21.0;8.3
SIA;201004;-;-;-;34;48;72.7;20.0;1.1;-20.5;13.7
SIA;201005;-;-;-;0;70;75.3;166.8;5.0;-4.0;17.8
SIA;201006;-;-;-;0;59;70.6;65.1;10.2;0.5;21.5
SIA;201007;-;-;-;0;44;71.5;66.8;13.3;4.0;24.5
SIA;201008;-;-;-;0;53;78.0;171.6;10.7;0.5;21.5
SIA;201009;-;-;-;0;51;74.7;126.9;7.5;-1.5;17.6
SIA;201010;-;-;-;2;53;77.4;81.6;2.9;-7.5;14.4
SIA;201011;-;-;-;25;70;81.4;115.2;-1.9;-18.5;14.2
SIA;201012;-;-;-;47;56;74.9;75.4;-7.0;-19.8;4.5
SIA;201101;-;-;-;62;35;75.0;14.3;-6.8;-21.2;8.0
SIA;201102;-;-;-;61;41;67.9;10.1;-4.6;-21.0;10.1
SIA;201103;-;-;-;49;42;72.7;27.0;-1.6;-14.6;11.0
SIA;201104;-;-;-;0;34;65.3;3.9;4.2;-5.5;17.7
SIA;201105;-;-;-;0;46;70.1;102.3;7.4;-5.5;19.5
SIA;201106;-;-;-;0;68;76.2;136.4;10.0;2.0;22.8
SIA;201107;-;-;-;0;62;72.4;144.6;10.2;0.0;19.2
SIA;201108;-;-;-;0;41;69.7;100.7;12.4;1.0;24.2
SIA;201109;-;-;-;2;35;77.5;141.0;9.9;-1.0;19.0
SIA;201110;-;-;-;1;31;69.5;94.4;3.8;-7.3;20.0
SIA;201111;-;-;-;0;26;70.3;41.4;0.8;-7.3;12.0
SIA;201112;-;-;-;18;53;76.9;42.0;-3.8;-16.3;6.6
SIA;201201;-;-;-;64;45;72.3;44.0;-5.4;-17.0;4.9
SIA;201202;-;-;-;58;36;61.6;2.7;-8.3;-25.1;11.0
SIA;201203;-;-;-;31;30;63.4;52.6;0.5;-15.2;13.0
SIA;201204;-;-;-;14;66;78.1;91.6;0.6;-12.7;15.2
SIA;201205;-;-;-;0;57;69.3;65.5;6.7;-4.0;19.0
SIA;201206;-;-;-;0;56;77.5;142.3;10.8;0.0;22.9
SIA;201207;-;-;-;0;55;75.1;106.5;12.1;1.5;22.3
SIA;201208;-;-;-;0;42;74.6;140.8;12.9;2.2;25.3
SIA;201209;-;-;-;0;53;76.3;88.6;8.5;-1.2;19.0
SIA;201210;-;-;-;2;49;79.6;45.9;3.8;-11.5;20.0
SIA;201211;-;-;-;2;48;78.7;140.2;-0.4;-10.0;10.7
SIA;201212;-;-;-;29;47;76.6;29.5;-6.2;-19.1;7.0
SIA;201301;-;-;-;46;44;66.9;35.0;-5.8;-22.0;8.6
SIA;201302;-;-;-;54;48;67.0;15.2;-8.9;-26.0;4.6
SIA;201303;-;-;-;49;56;73.2;38.0;-4.0;-17.7;8.0
SIA;201304;-;-;-;19;56;76.5;94.9;1.7;-15.6;14.2
SIA;201305;-;-;-;0;80;76.4;135.0;4.1;-5.5;12.4
SIA;201306;-;-;-;0;53;71.3;47.5;9.1;-1.5;22.6
SIA;201307;-;-;-;0;38;71.1;27.8;12.9;0.5;23.0
SIA;201308;-;-;-;0;43;73.6;104.6;11.7;1.6;24.6
SIA;201309;-;-;-;0;41;70.9;50.5;8.8;-1.5;21.2
SIA;201310;-;-;-;6;71;79.4;121.7;4.8;-5.0;14.6
SIA;201311;-;-;-;6;53;72.3;44.0;-1.4;-16.0;10.4
SIA;201312;-;-;-;18;31;71.3;59.3;-3.9;-19.0;7.3
SIA;201401;-;-;-;101;52;79.2;126.0;-5.7;-24.0;4.0
SIA;201402;-;-;-;154;60;77.7;96.5;-4.8;-22.0;2.4
SIA;201403;-;-;-;126;35;70.0;49.0;-1.8;-17.3;11.1
SIA;201404;229;815.6;9915;38;55;71.5;39.6;2.1;-7.6;11.3
SIA;201405;251;818.0;10322;0;61;70.1;66.9;5.2;-5.4;15.9
SIA;201406;275;821.3;12307;0;56;73.5;114.3;9.7;-1.7;22.0
SIA;201407;215;820.1;8311;0;-;80.3;131.6;10.6;1.7;21.7
SIA;201408;193;820.0;8441;0;-;82.2;158.1;9.7;-1.0;18.8
SIA;201409;174;821.8;9300;0;-;79.7;50.7;8.1;-2.1;17.0
SIA;201410;112;821.5;7609;0;-;80.3;109.4;5.3;-5.3;15.3
SIA;201411;65;815.6;4445;11;-;88.6;241.1;1.1;-7.7;11.7
SIA;201412;55;817.5;3779;2;-;71.2;29.4;-2.8;-16.9;5.1
SIA;201501;74;815.7;5923;29;-;66.1;80.8;-5.0;-20.7;10.0
SIA;201502;118;812.8;6800;45;-;65.1;30.1;-7.2;-20.7;5.8
SIA;201503;177;818.0;9078;35;-;67.9;24.9;-1.6;-13.2;10.1
SIA;201504;251;820.0;12592;0;-;60.9;21.4;2.0;-11.2;14.4
SIA;201505;245;819.3;10320;1;-;73.6;150.5;6.6;-5.5;18.9
SIA;201506;273;823.3;12236;0;-;72.5;85.9;10.6;-0.8;21.9
SIA;201507;306;823.7;17374;0;-;70.3;98.6;14.8;2.4;25.7
SIA;201508;224;823.2;12095;0;-;79.7;103.9;12.4;1.9;23.4
SIA;201509;160;820.3;8701;0;-;79.4;186.9;6.7;-2.0;17.0
SIA;201510;124;819.2;8528;1;-;77.7;91.2;3.4;-5.2;12.9
SIA;201511;89;821.7;9076;0;-;60.0;1.5;1.0;-12.9;16.5
SIA;201512;65;828.3;8509;0;-;64.9;2.3;-1.7;-9.8;8.6
SIA;201601;69;814.2;5390;21;-;76.6;49.6;-6.0;-23.0;7.2
SIA;201602;107;812.4;4954;40;-;77.9;56.2;-3.7;-20.6;10.9
SIA;201603;189;812.4;9991;47;-;68.4;53.6;-3.7;-18.7;6.4
SIA;201604;210;814.3;7809;2;-;74.0;113.6;1.9;-9.4;11.4
SIA;201605;243;816.7;9891;-;-;71.4;130.1;4.9;-3.6;15.8
SIA;201606;255;819.6;9448;-;-;77.5;155.6;9.5;-0.2;22.8
SIA;201607;269;823.9;13577;-;-;73.0;126.2;12.2;0.8;23.9
SIA;201608;247;825.0;13713;-;-;75.2;96.5;11.6;0.7;22.5
SIA;201609;193;823.7;12018;-;-;76.6;19.4;9.4;-0.1;19.8
SIA;201610;118;820.8;8135;0;-;74.0;64.5;2.9;-6.5;15.6
SIA;201611;71;816.4;4834;5;-;78.0;73.8;-1.2;-15.0;12.4
SIA;201612;69;826.6;8984;0;-;59.2;0.5;-2.9;-11.9;8.2
SIA;201701;79;817.0;8021;6;-;67.2;16.2;-9.4;-19.4;3.2
SIA;201702;111;817.2;6391;30;-;74.8;45.8;-4.0;-20.1;7.2
SIA;201703;188;818.2;10561;31;-;67.7;31.6;0.5;-14.0;11.9
SIA;201704;244;818.1;12454;2;-;62.2;55.2;1.9;-13.2;14.7
SIA;201705;274;820.2;12826;2;-;71.0;63.8;6.7;-8.1;19.1
SIA;201706;277;821.8;13636;0;-;73.5;195.7;11.7;-2.4;23.7
SIA;201707;268;822.6;13116;0;-;73.1;94.7;12.1;0.2;23.3
SIA;201708;235;824.4;13556;0;-;75.0;146.2;12.6;-0.1;23.9
SIA;201709;158;819.4;7742;0;-;77.8;120.9;5.8;-4.0;16.4
SIA;201710;134;823.5;10752;0;-;61.9;13.9;4.7;-5.8;17.7
SIA;201711;82;816.0;6166;4;-;71.4;39.4;-2.2;-13.9;11.5
SIA;201712;59;815.0;5343;34;-;73.3;121.2;-6.2;-18.8;2.1
SIA;201801;71;816.0;5135;76;-;79.0;82.0;-4.7;-21.3;5.9
SIA;201802;125;809.4;7447;78;-;71.3;16.5;-9.3;-27.1;7.3
SIA;201803;168;805.3;6962;89;-;76.0;80.8;-3.8;-20.1;4.1
SIA;201804;241;818.1;11379;67;-;76.2;100.2;2.4;-13.0;13.9
SIA;201805;236;818.6;8522;0;-;78.4;83.0;7.4;-1.7;18.5
SIA;201806;293;820.7;14192;0;-;70.0;26.7;11.1;-0.9;23.0
SIA;201807;280;822.1;13927;0;-;70.4;81.6;13.0;2.9;24.0
SIA;201808;229;823.8;12556;0;-;77.0;118.4;12.7;1.1;24.0
SIA;201809;203;824.9;13070;0;-;76.0;37.2;9.7;-2.1;20.6
SIA;201810;119;820.6;9360;5;-;76.2;254.3;5.4;-4.4;16.3
SIA;201811;71;817.9;3931;15;-;82.0;55.2;-0.3;-13.0;8.8
SIA;201812;62;819.3;6328;29;-;71.5;53.6;-4.7;-19.1;6.8