stn;time;gre000m0;hto000m0;nto000m0;prestam0;tre200mn;tre200mx;rre150m0;tre200m0;sre000m0;ure200m0
SIO;195307;-;-;-;960.7;6.0;30.8;-;-;-;-
SIO;195308;-;-;-;963.0;5.5;30.5;-;-;-;-
SIO;195309;-;-;-;961.3;4.0;28.8;-;-;-;-
SIO;195310;-;-;-;962.0;-1.4;22.0;-;-;-;-
SIO;195311;-;-;-;968.8;-5.5;14.8;-;-;-;-
SIO;195312;-;-;-;966.1;-11.0;14.5;-;-;-;-
SIO;195401;-;-;-;959.9;-14.2;10.0;-;-;-;-
SIO;195402;-;-;-;954.1;-12.5;13.0;-;-;-;-
SIO;195403;-;-;-;954.3;-4.5;20.2;-;-;-;-
SIO;195404;-;-;-;960.0;-2.1;21.0;-;-;-;-
SIO;195405;-;-;-;957.1;-1.0;28.5;-;-;-;-
SIO;195406;-;-;-;959.2;4.0;31.2;-;-;-;-
SIO;195407;-;-;-;959.7;2.6;29.8;-;-;-;-
SIO;195408;-;-;-;958.9;4.9;31.0;-;-;-;-
SIO;195409;-;-;-;963.2;-0.5;28.2;-;-;-;-
SIO;195410;-;-;-;964.1;-1.2;21.0;-;-;-;-
SIO;195411;-;-;-;960.7;-8.8;16.6;-;-;-;-
SIO;195412;-;-;-;962.1;-7.4;11.4;-;-;-;-
SIO;195501;-;-;-;955.3;-11.5;15.6;-;-;-;-
SIO;195502;-;-;-;949.9;-11.5;15.0;-;-;-;-
SIO;195503;-;-;-;956.2;-10.8;21.5;-;-;-;-
SIO;195504;-;-;-;962.8;-4.0;26.4;-;-;-;-
SIO;195505;-;-;-;960.8;-0.2;29.0;-;-;-;-
SIO;195506;-;-;-;960.3;2.0;29.4;-;-;-;-
SIO;195507;-;-;-;960.0;4.8;31.5;-;-;-;-
SIO;195508;-;-;-;961.5;4.2;28.4;-;-;-;-
SIO;195509;-;-;-;961.8;0.1;24.6;-;-;-;-
SIO;195510;-;-;-;959.8;-4.8;18.8;-;-;-;-
SIO;195511;-;-;-;962.7;-12.3;20.7;-;-;-;-
SIO;195512;-;-;-;959.8;-7.3;12.6;-;-;-;-
SIO;195601;-;-;-;959.4;-14.0;9.5;-;-;-;-
SIO;195602;-;-;-;956.6;-17.0;10.7;-;-;-;-
SIO;195603;-;-;-;959.1;-7.5;20.2;-;-;-;-
SIO;195604;-;-;-;954.6;-6.8;21.5;-;-;-;-
SIO;195605;-;-;-;963.4;0.8;31.7;-;-;-;-
SIO;195606;-;-;-;961.7;1.5;27.3;-;-;-;-
SIO;195607;-;-;-;960.7;7.3;29.5;-;-;-;-
SIO;195608;-;-;-;958.9;3.5;29.6;-;-;-;-
SIO;195609;-;-;-;962.4;6.4;26.5;-;-;-;-
SIO;195610;-;-;-;965.3;-2.6;23.5;-;-;-;-
SIO;195611;-;-;-;961.8;-9.2;15.4;-;-;-;-
SIO;195612;-;-;-;967.1;-13.0;10.3;-;-;-;-
SIO;195701;-;-;-;966.6;-16.6;9.2;-;-;-;-
SIO;195702;-;-;-;958.3;-7.0;16.8;-;-;-;-
SIO;195703;-;-;-;960.6;-4.2;22.6;-;-;-;-
SIO;195704;-;-;-;958.6;-4.5;23.4;-;-;-;-
SIO;195705;-;-;-;957.0;-2.3;25.0;-;-;-;-
SIO;195706;-;-;-;960.7;5.0;32.0;-;-;-;-
SIO;195707;-;-;-;960.6;6.5;34.4;-;-;-;-
SIO;195708;-;-;-;960.5;5.0;30.6;-;-;-;-
SIO;195709;-;-;-;961.4;0.2;27.4;-;-;-;-
SIO;195710;-;-;-;963.1;0.0;22.3;-;-;-;-
SIO;195711;-;-;-;961.2;-7.4;18.0;-;-;-;-
SIO;195712;-;-;-;960.1;-10.0;13.4;-;-;-;-
SIO;195801;-;-;53;959.9;-14.9;10.6;59.0;-1.9;-;-
SIO;195802;-;-;69;959.5;-9.5;17.5;139.4;2.9;-;-
SIO;195803;-;-;64;953.2;-6.2;19.0;20.6;3.2;-;-
SIO;195804;-;-;60;956.8;-3.4;22.5;4.2;7.7;-;-
SIO;195805;-;-;65;961.1;3.0;31.0;18.6;15.8;-;-
SIO;195806;-;-;64;958.4;5.4;28.0;49.8;16.1;-;-
SIO;195807;-;-;58;960.0;8.5;32.6;54.7;18.9;-;-
SIO;195808;-;-;55;959.6;8.0;34.0;37.7;18.6;-;-
SIO;195809;-;-;50;962.4;3.9;27.8;46.8;16.3;-;-
SIO;195810;-;-;61;965.1;-2.7;22.0;47.8;8.4;-;-
SIO;195811;-;-;76;962.3;-4.8;13.4;30.7;3.4;-;-
SIO;195812;-;-;65;953.9;-11.2;12.0;75.9;1.2;-;-
SIO;195901;-;-;61;960.0;-11.5;10.0;80.1;-0.7;-;81.7
SIO;195902;-;-;19;972.3;-9.2;16.0;0.2;2.7;-;75.2
SIO;195903;-;-;64;959.0;-3.0;21.2;15.9;8.6;-;68.0
SIO;195904;-;-;51;955.6;-2.6;25.6;71.9;10.2;-;68.9
SIO;195905;-;-;53;957.3;1.5;27.0;21.6;14.5;-;67.3
SIO;195906;-;-;61;961.7;3.2;30.6;55.1;17.7;-;70.2
SIO;195907;-;-;41;961.2;9.6;32.0;50.4;20.1;-;69.8
SIO;195908;-;-;45;960.9;5.5;30.2;59.7;18.3;-;74.3
SIO;195909;-;-;53;961.8;6.5;27.5;25.7;16.3;-;78.2
SIO;195910;-;-;40;962.6;-1.2;21.6;50.9;8.9;-;81.1
SIO;195911;-;-;50;958.8;-6.7;14.6;16.3;3.2;-;80.6
SIO;195912;-;-;69;954.3;-9.0;11.6;155.3;1.9;-;83.9
SIO;196001;-;-;56;959.7;-13.6;14.6;33.1;-0.2;-;79.1
SIO;196002;-;-;61;956.1;-9.8;18.6;89.7;2.7;-;76.7
SIO;196003;-;-;56;954.7;-2.4;19.4;27.6;7.5;-;66.8
SIO;196004;-;-;53;959.0;0.2;22.8;2.7;10.0;-;64.2
SIO;196005;-;-;48;959.7;-0.2;30.6;51.9;15.1;-;65.7
SIO;196006;-;-;51;961.7;5.2;30.4;55.6;18.0;-;69.6
SIO;196007;-;-;61;960.0;5.8;27.6;90.6;16.8;-;71.7
SIO;196008;-;-;55;959.2;6.0;30.8;97.7;16.8;-;74.3
SIO;196009;-;-;59;959.5;3.6;25.2;79.3;13.0;-;80.5
SIO;196010;-;-;65;953.8;-2.7;23.6;63.4;9.3;-;77.1
SIO;196011;-;-;65;958.0;-1.8;16.3;86.1;5.2;-;81.7
SIO;196012;-;-;65;954.3;-10.4;9.8;18.9;0.0;-;82.4
SIO;196101;-;-;66;960.1;-13.0;7.8;77.4;-1.2;-;88.0
SIO;196102;-;-;53;968.3;-4.0;19.9;70.6;4.7;-;74.8
SIO;196103;-;-;26;968.1;-4.2;22.6;2.3;7.0;-;65.1
SIO;196104;-;-;63;955.5;1.6;25.6;52.7;12.0;-;70.3
SIO;196105;-;-;59;958.2;0.0;27.0;20.8;12.7;-;66.6
SIO;196106;-;-;51;960.5;6.8;31.0;41.4;17.8;-;68.2
SIO;196107;-;-;50;960.9;7.2;31.2;58.7;17.6;-;67.5
SIO;196108;-;-;40;963.3;5.0;31.6;40.1;17.4;-;70.0
SIO;196109;-;-;43;963.0;6.0;30.7;27.1;17.6;-;71.2
SIO;196110;-;-;49;960.0;-2.4;23.4;67.1;9.7;-;80.5
SIO;196111;-;-;50;956.6;-6.0;15.2;25.6;3.4;-;79.1
SIO;196112;-;-;58;959.1;-9.5;13.2;132.4;1.2;-;83.9
SIO;196201;-;-;64;963.4;-11.0;9.7;126.4;0.5;-;82.3
SIO;196202;-;-;54;963.6;-10.6;11.0;49.3;0.7;-;73.5
SIO;196203;-;-;56;952.3;-8.4;15.7;75.0;3.0;-;65.8
SIO;196204;-;-;54;958.3;-2.4;26.0;30.4;9.6;-;57.7
SIO;196205;-;-;59;959.3;-1.2;29.6;29.5;12.5;-;63.4
SIO;196206;-;-;44;962.5;3.0;32.7;30.6;17.2;-;58.2
SIO;196207;-;-;48;960.4;4.6;34.0;17.4;18.5;-;62.4
SIO;196208;-;-;31;961.8;8.0;33.4;16.0;19.7;-;61.3
SIO;196209;-;-;41;960.4;0.8;31.2;20.5;14.9;-;69.5
SIO;196210;-;-;34;962.9;-3.4;24.8;6.6;9.6;-;77.8
SIO;196211;-;-;56;956.1;-8.5;19.4;32.9;2.8;-;78.2
SIO;196212;-;-;54;958.7;-18.0;11.0;97.5;-3.5;-;87.2
SIO;196301;-;-;61;958.2;-17.0;9.8;31.9;-4.7;-;81.4
SIO;196302;-;-;58;951.0;-18.4;9.8;29.6;-2.6;-;75.1
SIO;196303;-;-;63;958.5;-9.2;16.4;111.1;4.0;-;70.7
SIO;196304;-;-;64;954.3;-0.8;24.1;15.4;10.7;-;61.2
SIO;196305;-;-;56;957.4;0.0;27.0;13.4;13.5;-;61.8
SIO;196306;-;-;64;956.9;7.6;32.8;81.0;16.8;-;66.3
SIO;196307;-;-;45;960.3;9.5;31.7;60.1;19.7;-;66.2
SIO;196308;-;-;58;958.0;5.5;31.8;105.6;16.8;-;69.1
SIO;196309;-;-;49;961.8;2.6;27.0;12.8;14.6;-;71.0
SIO;196310;-;-;39;964.6;-2.2;21.4;40.4;9.2;-;73.7
SIO;196311;-;-;64;956.8;-2.6;19.4;88.8;6.2;-;76.7
SIO;196312;-;-;40;960.1;-13.5;13.0;1.7;-2.2;-;75.3
SIO;196401;-;-;39;971.7;-13.8;11.5;2.2;-3.9;-;80.8
SIO;196402;-;-;44;960.0;-10.6;19.6;5.6;2.7;-;65.3
SIO;196403;-;-;74;954.0;-6.0;17.5;38.0;5.0;-;70.2
SIO;196404;-;-;55;958.1;1.0;23.2;45.8;10.8;-;57.6
SIO;196405;-;-;56;961.4;3.4;28.5;56.6;15.3;-;61.1
SIO;196406;-;-;45;959.7;5.8;33.4;33.8;18.5;-;60.5
SIO;196407;-;-;36;962.1;8.2;35.2;37.3;20.6;-;55.6
SIO;196408;-;-;48;960.0;8.5;32.0;51.7;18.2;-;61.5
SIO;196409;-;-;38;964.4;0.5;29.2;53.5;15.1;-;69.1
SIO;196410;-;-;59;959.4;-2.0;22.6;71.5;8.0;-;75.1
SIO;196411;-;-;59;963.4;-3.6;16.4;50.6;4.3;-;82.2
SIO;196412;-;-;59;958.8;-11.4;8.4;16.6;-1.3;-;79.2
SIO;196501;-;-;63;957.4;-11.0;12.4;48.4;-0.3;-;74.5
SIO;196502;-;-;26;962.2;-11.8;9.5;2.9;-1.9;-;64.4
SIO;196503;-;-;54;959.6;-8.8;21.2;74.9;5.4;-;62.7
SIO;196504;-;-;64;955.7;-0.6;21.1;29.8;8.6;-;59.1
SIO;196505;-;-;59;958.4;2.0;28.6;81.6;13.4;-;59.4
SIO;196506;-;-;58;959.4;4.5;35.4;49.6;17.5;-;61.9
SIO;196507;-;-;55;959.4;4.0;30.7;140.8;17.2;-;65.7
SIO;196508;-;-;53;960.4;5.8;32.4;91.1;16.6;-;66.0
SIO;196509;-;-;54;958.2;2.6;25.0;73.6;12.3;-;75.2
SIO;196510;-;-;33;964.1;-1.6;23.4;1.6;9.1;-;81.3
SIO;196511;-;-;75;954.9;-7.0;17.6;129.8;3.9;-;85.9
SIO;196512;-;-;78;956.1;-8.4;8.7;196.4;0.6;-;90.1
SIO;196601;-;-;53;957.9;-20.4;11.4;56.5;-3.0;-;84.8
SIO;196602;-;-;69;954.3;-2.4;16.8;99.9;5.5;-;77.0
SIO;196603;-;-;50;962.5;-5.3;16.0;31.4;4.6;-;71.6
SIO;196604;-;-;58;955.2;-0.2;22.0;59.5;10.8;-;70.6
SIO;196605;-;-;50;960.5;2.2;30.4;10.3;14.4;-;66.6
SIO;196606;-;-;51;960.0;5.4;32.8;16.4;18.5;-;64.8
SIO;196607;-;-;51;958.5;7.6;32.6;52.0;17.5;-;69.6
SIO;196608;-;-;58;959.5;4.5;32.8;75.9;16.7;-;74.5
SIO;196609;-;-;33;961.9;5.0;31.8;12.1;15.7;-;76.8
SIO;196610;-;-;61;954.7;0.6;27.6;49.8;11.9;-;83.1
SIO;196611;-;-;68;958.7;-7.5;17.2;45.0;2.4;-;79.6
SIO;196612;-;-;69;959.0;-13.0;10.2;97.3;0.1;-;86.8
SIO;196701;-;-;44;964.2;-13.4;13.8;29.3;-1.0;-;81.1
SIO;196702;-;-;40;963.0;-8.6;16.0;88.6;2.3;-;72.7
SIO;196703;-;-;60;963.8;-3.0;19.4;61.5;7.0;-;69.4
SIO;196704;-;-;43;957.1;-2.6;23.0;7.4;9.0;-;61.3
SIO;196705;-;-;59;957.9;-2.0;29.0;53.7;13.9;-;61.9
SIO;196706;-;-;50;962.5;4.3;34.4;36.2;16.8;-;62.9
SIO;196707;-;-;39;962.6;7.6;32.8;45.1;20.6;-;66.5
SIO;196708;-;-;50;961.1;5.8;31.4;75.9;18.3;-;72.8
SIO;196709;-;-;60;960.4;3.5;28.8;35.7;14.0;-;78.5
SIO;196710;-;-;36;962.5;-2.0;27.2;32.4;11.1;-;77.3
SIO;196711;-;-;53;961.7;-5.4;16.0;37.1;4.5;-;84.5
SIO;196712;-;-;51;961.5;-13.2;7.6;35.2;-2.5;-;84.7
SIO;196801;-;-;64;962.1;-20.5;5.6;117.3;-2.4;-;86.9
SIO;196802;-;-;63;956.0;-7.8;15.6;29.7;2.1;-;80.2
SIO;196803;-;-;44;960.9;-5.2;24.2;9.5;6.2;-;65.2
SIO;196804;-;-;50;958.5;-1.6;29.6;31.7;11.5;-;62.6
SIO;196805;-;-;60;958.3;0.4;26.2;18.1;13.6;-;66.1
SIO;196806;-;-;55;960.4;6.4;33.5;23.4;17.2;-;65.0
SIO;196807;-;-;45;962.2;7.2;36.3;57.2;18.9;-;66.4
SIO;196808;-;-;63;959.3;6.0;27.4;83.3;16.4;-;77.2
SIO;196809;-;-;56;960.4;3.8;25.5;102.4;13.9;-;78.1
SIO;196810;-;-;45;964.8;0.2;23.4;20.0;11.1;-;80.8
SIO;196811;-;-;58;957.8;-5.3;19.6;104.4;4.0;-;85.5
SIO;196812;-;-;64;955.9;-12.0;8.2;87.4;-0.1;-;81.8
SIO;196901;-;-;54;960.0;-11.5;10.4;19.9;-0.1;-;80.7
SIO;196902;-;-;61;953.1;-10.5;13.2;28.5;-0.5;-;73.0
SIO;196903;-;-;63;954.2;-2.5;17.0;15.9;5.7;-;70.2
SIO;196904;-;-;61;959.1;-3.2;24.6;68.0;9.2;-;65.7
SIO;196905;-;-;50;957.8;2.6;32.7;31.7;14.6;-;65.0
SIO;196906;-;-;61;958.2;4.8;28.0;75.4;15.3;-;69.8
SIO;196907;-;-;43;964.7;5.4;31.8;70.0;19.4;-;69.4
SIO;196908;-;-;54;960.4;4.8;30.4;74.2;17.5;-;72.6
SIO;196909;-;-;45;961.4;6.0;27.4;37.9;15.2;-;78.8
SIO;196910;-;-;23;966.3;0.0;23.8;0.7;10.0;-;77.6
SIO;196911;-;-;53;957.6;-6.8;17.4;93.8;3.9;-;78.7
SIO;196912;-;-;48;956.9;-14.7;4.6;29.4;-5.0;-;83.1
SIO;197001;-;-;66;954.8;-12.0;12.0;36.5;0.5;-;80.3
SIO;197002;-;-;81;956.3;-12.2;13.8;190.0;0.9;-;78.6
SIO;197003;-;-;64;956.0;-10.6;17.4;67.6;2.6;-;71.3
SIO;197004;-;-;69;959.1;-4.0;25.8;68.3;7.5;-;64.2
SIO;197005;-;-;56;959.5;0.0;26.5;39.5;13.0;-;64.2
SIO;197006;-;-;56;961.1;6.8;31.6;69.4;18.3;-;68.3
SIO;197007;-;-;45;961.2;4.4;32.0;26.6;18.5;-;66.3
SIO;197008;-;-;54;960.4;6.0;32.0;74.0;18.0;-;74.2
SIO;197009;-;-;33;963.5;3.6;30.2;25.5;15.8;-;73.9
SIO;197010;-;-;43;964.9;-2.4;26.2;26.4;8.7;-;80.3
SIO;197011;-;-;53;961.6;-3.5;19.0;62.8;5.4;-;79.7
SIO;197012;-;-;44;963.8;-13.2;11.8;10.0;-1.1;-;82.7
SIO;197101;-;-;45;958.5;-15.5;12.4;50.1;-2.2;-;84.4
SIO;197102;-;-;45;962.4;-5.2;10.2;8.1;1.5;-;74.4
SIO;197103;-;-;48;955.9;-14.0;17.6;70.8;2.2;-;67.2
SIO;197104;-;-;46;954.9;0.0;25.6;20.7;12.6;-;57.0
SIO;197105;-;-;70;956.0;4.2;29.8;64.2;15.3;-;66.6
SIO;197106;-;-;63;958.2;5.6;28.8;82.4;16.0;-;68.5
SIO;197107;-;-;35;961.8;7.0;33.8;23.4;20.7;-;64.0
SIO;197108;-;-;45;960.5;10.0;34.6;98.5;19.8;-;70.7
SIO;197109;-;-;35;964.6;2.0;26.2;20.9;14.4;-;74.1
SIO;197110;-;-;31;969.1;-0.4;23.2;11.8;10.0;-;78.4
SIO;197111;-;-;61;958.7;-13.0;14.8;109.1;2.4;-;83.2
SIO;197112;-;-;44;969.7;-9.0;10.0;4.9;-0.9;-;86.3
SIO;197201;-;-;61;957.4;-10.4;9.0;16.8;0.1;-;80.0
SIO;197202;-;-;64;955.9;-5.6;17.0;30.4;4.7;-;71.0
SIO;197203;-;-;49;957.9;-1.6;21.0;9.7;7.7;-;65.0
SIO;197204;-;-;65;954.5;-0.6;24.8;39.2;9.4;-;67.5
SIO;197205;-;-;65;957.7;0.0;25.6;28.2;13.4;-;64.0
SIO;197206;-;-;60;959.3;5.0;29.5;45.2;16.2;-;66.7
SIO;197207;-;-;53;960.9;6.4;32.6;22.8;19.0;-;65.9
SIO;197208;-;-;49;961.4;5.8;32.0;33.7;17.6;-;69.7
SIO;197209;-;-;50;961.2;0.6;26.6;10.7;12.3;-;72.9
SIO;197210;-;-;43;962.4;0.0;23.2;22.0;9.0;-;76.3
SIO;197211;-;-;51;964.0;-5.8;16.6;169.7;4.1;-;81.2
SIO;197212;-;-;36;967.9;-9.0;14.2;15.5;0.6;-;75.8
SIO;197301;-;-;56;965.5;-8.6;9.4;17.4;-0.4;-;83.1
SIO;197302;-;-;49;959.3;-10.0;9.5;36.1;-0.5;-;75.0
SIO;197303;-;-;36;964.4;-8.0;20.4;4.3;4.7;-;63.1
SIO;197304;-;-;60;957.8;-5.5;23.6;39.5;7.5;-;59.7
SIO;197305;-;-;61;960.9;2.6;27.5;30.2;15.4;-;61.9
SIO;197306;-;-;51;961.5;6.0;30.4;79.9;18.1;-;67.2
SIO;197307;-;-;54;958.7;7.0;32.2;102.9;18.4;-;69.1
SIO;197308;-;-;49;962.6;11.0;32.0;29.8;20.0;-;71.4
SIO;197309;-;-;43;961.3;3.0;30.0;36.2;15.4;-;73.5
SIO;197310;-;-;44;962.7;-3.0;24.0;51.2;8.6;-;77.1
SIO;197311;-;-;38;966.1;-9.0;14.6;28.7;3.3;-;77.2
SIO;197312;-;-;58;960.7;-17.5;13.6;28.1;0.5;-;76.9
SIO;197401;-;-;60;965.4;-5.6;14.2;11.4;2.6;-;78.6
SIO;197402;-;-;69;954.9;-4.2;14.6;45.3;3.8;-;75.7
SIO;197403;-;-;65;957.3;-3.6;22.8;44.1;7.8;-;63.2
SIO;197404;-;-;46;953.8;-2.6;22.6;10.9;10.0;-;59.0
SIO;197405;-;-;60;956.7;2.0;27.4;54.6;13.3;-;63.2
SIO;197406;-;-;50;958.2;5.0;27.6;116.9;16.0;-;65.5
SIO;197407;-;-;46;961.6;7.2;32.0;19.9;18.5;-;62.1
SIO;197408;-;-;43;960.6;6.0;35.0;36.5;19.6;-;65.4
SIO;197409;-;-;51;959.3;0.6;28.7;77.9;14.0;-;74.1
SIO;197410;-;-;76;957.1;-3.2;14.6;102.2;5.4;-;78.0
SIO;197411;-;-;65;960.7;-4.6;17.8;87.7;4.3;-;77.1
SIO;197412;-;-;53;968.6;-9.5;11.0;58.1;2.0;-;79.7
SIO;197501;-;-;54;965.1;-5.6;14.0;78.1;2.5;-;79.2
SIO;197502;-;-;20;964.9;-5.0;17.8;2.8;2.8;-;66.6
SIO;197503;-;-;70;951.6;-6.4;17.6;34.8;5.1;-;66.0
SIO;197504;-;-;49;957.8;-2.6;24.2;29.7;9.7;-;62.3
SIO;197505;-;-;60;957.0;2.6;31.8;46.5;14.0;-;64.2
SIO;197506;-;-;56;959.5;3.0;30.6;26.8;16.3;-;63.6
SIO;197507;-;-;39;960.5;6.5;32.6;39.1;19.3;-;63.6
SIO;197508;-;-;53;961.0;6.8;32.8;35.7;18.7;-;70.4
SIO;197509;-;-;55;961.6;6.4;34.2;38.9;16.4;-;75.4
SIO;197510;-;-;40;963.9;-2.0;22.8;7.6;8.3;-;77.9
SIO;197511;-;-;56;960.3;-6.0;18.4;68.3;4.0;-;81.7
SIO;197512;-;-;45;965.9;-8.0;10.4;1.3;-1.0;-;83.5
SIO;197601;-;-;50;964.1;-10.6;13.0;8.2;0.6;-;73.3
SIO;197602;-;-;44;962.5;-7.0;15.0;50.1;1.8;-;76.6
SIO;197603;-;-;41;959.8;-6.8;22.0;7.8;5.4;-;65.6
SIO;197604;-;-;40;956.0;-3.0;24.2;47.2;9.8;-;58.0
SIO;197605;-;-;45;959.2;1.6;29.0;13.2;15.4;-;56.2
SIO;197606;-;-;35;961.8;5.4;32.0;25.2;19.7;-;54.9
SIO;197607;-;-;54;959.8;8.6;33.0;57.0;19.9;-;62.8
SIO;197608;-;-;44;961.1;7.5;29.8;43.3;17.5;-;63.2
SIO;197609;-;-;53;959.4;2.8;26.0;37.4;13.7;-;69.5
SIO;197610;-;-;61;953.4;0.0;24.2;53.1;11.2;-;73.1
SIO;197611;-;-;54;960.9;-6.2;16.0;52.1;4.0;-;73.8
SIO;197612;-;-;54;955.1;-12.2;7.8;129.2;-1.5;-;81.0
SIO;197701;-;-;71;957.5;-7.8;9.8;54.6;0.5;-;79.1
SIO;197702;-;-;66;956.1;-7.0;14.4;112.4;3.7;-;74.2
SIO;197703;-;-;61;962.3;-3.5;22.6;28.0;8.6;-;61.5
SIO;197704;-;-;71;958.3;-1.0;25.2;99.4;8.8;-;65.4
SIO;197705;-;-;66;957.1;1.2;28.0;51.4;13.3;-;63.5
SIO;197706;-;-;60;957.8;7.0;30.8;47.4;16.7;-;63.7
SIO;197707;-;-;53;957.9;7.4;29.6;60.0;18.7;-;65.3
SIO;197708;-;-;55;957.4;8.4;29.0;36.0;17.1;-;67.9
SIO;197709;-;-;36;964.3;1.6;27.6;8.5;14.0;-;68.7
SIO;197710;-;-;48;963.3;1.2;21.8;76.4;10.9;-;72.9
SIO;197711;-;-;55;959.0;-8.6;18.2;75.0;3.5;-;76.3
SIO;197712;-;-;50;964.4;-10.2;13.0;61.9;0.6;-;81.9
SIO;197801;-;4;64;956.6;-7.9;8.5;66.3;-0.3;3132;84.7
SIO;197802;-;13;75;951.0;-14.6;15.8;86.4;0.9;4536;77.4
SIO;197803;-;0;71;957.7;-3.7;19.4;109.4;5.4;7326;69.9
SIO;197804;-;0;68;951.0;-3.0;19.9;10.0;8.2;9816;64.7
SIO;197805;-;0;66;956.0;-0.4;24.9;41.2;12.3;10416;67.0
SIO;197806;-;0;63;958.0;2.5;28.3;86.2;15.8;11922;65.9
SIO;197807;-;0;55;960.1;5.2;29.9;31.7;17.4;13488;70.6
SIO;197808;-;0;48;960.9;4.7;28.2;53.7;16.3;14592;75.9
SIO;197809;-;0;40;962.5;2.3;25.8;13.8;13.2;14088;76.4
SIO;197810;-;0;31;964.8;-1.8;20.4;17.3;7.3;12234;79.5
SIO;197811;-;0;21;969.5;-13.4;13.6;0.6;0.6;9276;76.9
SIO;197812;-;0;61;953.2;-13.2;12.0;96.4;0.7;3120;83.1
SIO;197901;-;11;63;956.4;-20.6;7.6;74.1;-2.3;4626;79.6
SIO;197902;-;1;68;952.8;-9.3;14.9;69.9;2.5;6300;76.2
SIO;197903;-;0;74;954.2;-3.7;17.4;87.9;5.9;7500;69.0
SIO;197904;-;0;64;955.1;-3.0;20.6;20.6;7.6;11886;61.4
SIO;197905;-;0;53;960.3;-1.8;28.5;43.0;13.3;14448;60.1
SIO;197906;-;0;59;960.8;2.1;27.5;34.4;17.4;12744;66.7
SIO;197907;-;0;40;962.3;3.9;30.5;24.6;18.7;17154;60.0
SIO;197908;-;0;51;959.0;4.3;29.6;61.9;16.5;15264;68.9
SIO;197909;-;0;44;962.9;3.7;25.8;33.7;13.9;13188;75.0
SIO;197910;-;0;61;957.4;-0.1;24.6;72.6;10.7;8034;79.8
SIO;197911;-;0;49;961.0;-7.4;15.0;68.2;2.6;6360;79.9
SIO;197912;-;0;66;960.5;-9.0;12.4;106.1;1.4;2736;85.9
SIO;198001;-;14;65;959.3;-13.0;8.7;90.5;-1.6;3954;81.9
SIO;198002;-;7;45;964.4;-5.5;15.5;72.1;2.5;7884;77.0
SIO;198003;-;0;65;953.9;-4.1;16.1;65.5;4.9;8988;71.3
SIO;198004;-;0;55;959.2;-3.4;19.3;3.0;7.2;11592;63.6
SIO;198005;-;0;66;954.2;0.8;24.5;56.9;12.2;9960;66.3
SIO;198006;-;0;64;958.2;2.4;29.3;49.3;15.3;9996;68.3
SIO;198007;-;0;59;958.8;2.9;28.8;88.5;16.4;11622;71.0
SIO;198008;-;0;48;960.9;4.8;30.5;26.4;18.4;13926;73.1
SIO;198009;-;0;30;964.3;5.1;26.6;33.8;14.6;15648;76.0
SIO;198010;-;0;56;958.0;-1.2;20.6;121.7;7.6;8166;81.0
SIO;198011;-;0;63;959.4;-6.1;14.4;23.1;2.7;4932;80.3
SIO;198012;-;1;50;964.5;-14.2;8.0;16.8;-2.1;4080;79.9
SIO;198101;52;13;54;965.6;-15.0;6.2;86.6;-2.7;5105;76.4
SIO;198102;108;6;41;962.3;-10.3;9.7;11.3;-0.5;8782;70.5
SIO;198103;124;0;74;956.8;-5.3;24.4;95.5;7.7;7283;69.0
SIO;198104;218;0;54;958.2;-1.0;25.7;10.0;11.3;13163;61.2
SIO;198105;209;0;68;956.4;1.8;29.0;62.3;13.5;9024;64.8
SIO;198106;253;0;54;960.9;4.3;31.0;26.6;17.5;13566;61.9
SIO;198107;234;0;54;961.8;5.8;30.6;51.8;17.5;12619;66.8
SIO;198108;236;0;35;961.9;4.5;31.9;18.1;18.3;16452;65.3
SIO;198109;137;0;69;960.7;1.0;27.3;52.7;14.8;7693;76.8
SIO;198110;93;0;66;959.0;-3.5;22.4;108.6;8.9;6442;78.4
SIO;198111;68;0;41;968.8;-8.1;17.2;40.3;3.0;7117;75.3
SIO;198112;35;7;78;949.1;-12.1;7.7;140.3;0.5;2148;77.5
SIO;198201;53;1;56;963.1;-7.0;13.0;62.7;1.2;5240;80.2
SIO;198202;100;0;48;962.8;-7.2;16.4;3.8;2.4;8087;71.9
SIO;198203;147;0;61;961.3;-5.9;19.0;60.1;4.3;9834;66.7
SIO;198204;241;0;39;958.5;-1.3;21.6;8.4;9.2;16103;56.7
SIO;198205;254;0;48;962.7;-0.4;27.1;25.0;13.1;14330;63.0
SIO;198206;244;0;59;960.0;5.3;29.5;40.2;17.1;11977;65.2
SIO;198207;257;0;48;960.7;7.3;30.7;52.7;19.7;15491;66.4
SIO;198208;199;0;56;960.7;4.3;30.5;72.0;16.7;11832;74.3
SIO;198209;168;0;40;963.0;3.7;28.3;28.3;15.2;13252;75.4
SIO;198210;107;0;55;958.6;-2.1;18.8;108.3;8.3;8006;80.5
SIO;198211;66;0;49;962.0;-2.6;15.5;23.5;4.6;5964;76.4
SIO;198212;39;0;59;961.0;-9.1;11.6;110.6;0.5;3500;83.1
SIO;198301;50;0;53;973.1;-8.9;12.1;54.8;0.8;4664;79.7
SIO;198302;95;19;53;960.7;-14.6;12.6;47.0;-2.4;6135;77.1
SIO;198303;145;1;54;961.3;-5.1;19.0;6.1;5.9;9271;65.8
SIO;198304;185;0;74;955.2;-2.0;23.8;55.3;9.5;8168;65.0
SIO;198305;204;0;73;955.6;0.7;24.1;83.2;11.3;8571;68.8
SIO;198306;257;0;55;962.3;4.1;30.7;36.5;16.8;13169;64.0
SIO;198307;275;0;34;961.2;6.2;36.6;6.0;21.5;18093;62.0
SIO;198308;210;0;55;961.0;4.8;29.2;67.6;18.5;12014;70.1
SIO;198309;175;0;45;962.9;2.3;29.5;67.2;14.7;12777;72.9
SIO;198310;114;0;41;967.0;-2.7;22.4;28.1;9.0;10752;78.7
SIO;198311;66;0;34;962.6;-8.3;19.0;84.8;2.6;7273;81.9
SIO;198312;43;0;44;962.9;-10.2;11.5;43.8;0.5;4626;80.4
SIO;198401;44;8;66;960.7;-10.1;8.0;77.4;0.0;3128;78.8
SIO;198402;94;11;58;962.5;-10.5;7.8;70.5;-0.1;7148;75.9
SIO;198403;164;0;38;958.1;-8.2;15.0;22.4;3.6;12519;63.3
SIO;198404;228;0;43;960.2;-2.5;24.9;13.0;8.7;14717;60.0
SIO;198405;219;0;69;952.4;0.0;21.0;34.8;11.4;8138;65.1
SIO;198406;263;0;53;960.5;4.1;29.6;49.1;16.4;13830;61.7
SIO;198407;276;0;36;962.6;4.6;34.2;30.1;18.9;18113;59.9
SIO;198408;209;0;55;961.1;8.7;33.6;24.1;17.9;12750;68.5
SIO;198409;158;0;61;957.7;3.9;29.0;84.8;13.0;10690;73.7
SIO;198410;118;0;43;963.5;-1.7;21.7;33.5;9.3;11015;77.3
SIO;198411;54;0;56;956.7;-2.5;19.9;35.3;6.3;4577;78.1
SIO;198412;43;0;44;966.2;-9.7;14.4;18.9;0.8;4501;83.9
SIO;198501;51;2;61;955.7;-19.8;6.1;66.3;-4.4;4080;79.5
SIO;198502;82;14;70;962.4;-14.5;11.5;75.5;0.3;4489;84.4
SIO;198503;146;2;65;957.1;-4.7;19.1;21.5;4.2;9349;67.0
SIO;198504;203;0;58;957.1;-0.8;23.1;52.4;9.6;11670;62.1
SIO;198505;247;0;63;955.1;1.6;28.0;105.2;13.2;12989;65.8
SIO;198506;265;0;59;959.5;4.6;29.4;123.2;15.9;13412;63.5
SIO;198507;276;0;36;961.7;9.4;32.2;22.8;20.1;17776;64.3
SIO;198508;237;0;35;961.6;5.2;32.8;49.3;17.8;16655;67.4
SIO;198509;196;0;25;965.4;4.9;26.5;20.3;15.7;16786;70.2
SIO;198510;123;0;30;966.8;-3.4;26.2;0.2;9.9;12805;76.6
SIO;198511;55;0;63;958.1;-9.7;15.6;71.2;1.5;4465;81.7
SIO;198512;45;0;44;963.6;-8.0;16.1;41.1;0.9;4493;80.8
SIO;198601;45;4;75;957.4;-12.4;11.1;96.8;0.3;3055;78.9
SIO;198602;94;0;55;952.5;-14.0;10.4;18.2;-1.0;6949;68.6
SIO;198603;151;0;56;959.8;-3.9;20.3;61.0;5.4;10409;68.2
SIO;198604;166;0;79;953.3;-4.4;19.7;42.1;7.9;6569;69.2
SIO;198605;238;0;63;961.8;4.1;29.8;39.1;15.9;12450;63.3
SIO;198606;281;0;44;960.0;2.2;33.4;26.7;17.7;16394;60.0
SIO;198607;266;0;46;961.5;5.7;32.9;53.0;19.1;16112;62.0
SIO;198608;223;0;50;960.5;4.4;34.6;105.1;17.7;14938;69.4
SIO;198609;170;0;48;963.8;5.1;28.7;33.9;15.1;12092;74.1
SIO;198610;118;0;38;964.8;-1.9;23.4;55.4;10.8;11482;76.6
SIO;198611;67;0;38;967.4;-6.1;17.9;37.3;4.2;7067;78.8
SIO;198612;38;9;56;966.1;-16.3;12.2;63.2;-0.2;3301;84.4
SIO;198701;48;8;69;960.1;-15.1;7.3;44.1;-3.5;3166;81.6
SIO;198702;82;0;61;957.8;-8.5;13.1;25.7;1.7;5185;77.1
SIO;198703;140;0;69;959.9;-6.4;17.4;41.8;3.6;8821;66.8
SIO;198704;208;0;48;961.2;-3.6;24.9;43.5;10.5;13151;60.5
SIO;198705;231;0;63;958.5;1.3;26.2;42.5;11.5;11561;64.5
SIO;198706;235;0;63;960.7;6.1;31.0;98.2;15.7;11458;68.5
SIO;198707;235;0;59;960.4;5.5;32.0;68.4;19.2;12934;69.7
SIO;198708;219;0;51;960.8;6.5;30.8;45.6;18.6;14221;68.2
SIO;198709;175;0;50;963.1;4.6;30.8;35.1;17.0;13837;71.0
SIO;198710;92;0;65;960.4;1.1;23.6;63.2;11.1;6662;79.9
SIO;198711;61;0;58;960.8;-4.2;15.3;64.5;4.2;5735;81.9
SIO;198712;40;0;56;964.8;-7.9;12.4;44.6;1.6;3946;85.3
SIO;198801;44;0;66;959.0;-4.9;15.4;63.4;3.0;3438;77.9
SIO;198802;91;0;58;959.8;-5.8;12.2;49.0;1.8;6998;72.9
SIO;198803;118;0;79;958.3;-7.4;16.1;111.4;4.8;6344;68.9
SIO;198804;201;0;61;957.1;-0.6;24.7;7.9;11.4;11324;63.1
SIO;198805;219;0;66;956.6;4.4;28.6;28.1;15.6;10539;64.7
SIO;198806;240;0;66;957.8;5.6;28.0;23.7;17.0;11394;65.7
SIO;198807;283;0;38;960.7;8.4;33.7;47.5;19.7;18438;62.5
SIO;198808;221;0;49;960.1;6.9;32.4;59.0;19.2;14714;68.3
SIO;198809;170;0;50;963.3;3.1;27.0;24.7;14.6;12740;74.4
SIO;198810;96;0;60;962.6;-0.1;23.1;113.7;11.2;7828;81.8
SIO;198811;66;0;38;965.4;-9.1;14.6;38.2;2.2;7099;82.6
SIO;198812;37;0;58;968.3;-6.6;11.8;73.3;1.1;3778;84.0
SIO;198901;61;0;29;975.3;-9.2;9.1;3.4;-1.3;7633;81.1
SIO;198902;84;0;54;964.9;-7.1;14.1;25.5;2.4;6732;77.2
SIO;198903;155;0;44;961.7;-1.4;24.5;37.0;8.2;12377;63.2
SIO;198904;167;0;76;952.7;0.3;20.7;81.4;9.1;7277;64.5
SIO;198905;258;0;43;961.8;2.1;29.1;35.2;15.7;15902;61.0
SIO;198906;287;0;46;959.8;3.3;30.9;9.4;17.4;16425;57.5
SIO;198907;248;0;51;962.8;9.3;32.8;58.2;20.2;14162;64.9
SIO;198908;233;0;40;960.3;5.3;34.1;45.8;19.0;15965;68.2
SIO;198909;159;0;50;962.4;3.3;28.0;9.4;15.0;11555;73.3
SIO;198910;125;0;33;965.5;0.5;24.8;33.0;10.3;12067;73.6
SIO;198911;67;0;33;961.0;-7.2;18.0;23.8;3.4;7113;75.3
SIO;198912;42;0;35;961.2;-11.6;12.9;73.1;-0.3;4978;82.0
SIO;199001;60;0;24;968.5;-10.2;13.2;23.9;-0.8;7279;70.6
SIO;199002;80;1;54;963.4;-2.2;19.4;264.4;5.7;6826;69.3
SIO;199003;156;0;45;970.9;-4.2;22.8;21.4;7.7;12083;62.7
SIO;199004;188;0;70;957.1;0.4;23.4;29.8;9.1;9568;64.0
SIO;199005;255;0;55;961.7;5.2;27.3;29.2;16.2;14228;63.8
SIO;199006;240;0;59;959.6;4.7;30.4;129.5;16.5;12638;70.7
SIO;199007;277;0;39;962.3;7.4;32.4;41.1;20.1;18049;63.2
SIO;199008;238;0;41;963.5;8.1;33.7;64.0;19.6;16692;66.3
SIO;199009;173;0;50;962.1;4.1;24.3;78.1;14.4;12628;72.5
SIO;199010;104;0;53;958.9;1.7;24.4;115.3;11.5;8879;79.6
SIO;199011;63;0;56;959.3;-4.5;14.6;58.8;4.0;5854;80.7
SIO;199012;44;2;48;961.9;-12.0;6.5;36.5;-1.6;4555;81.0
SIO;199101;52;1;46;968.3;-8.7;9.4;49.3;0.1;5116;78.5
SIO;199102;100;6;43;960.7;-13.3;15.7;41.7;-0.3;8604;71.0
SIO;199103;134;0;61;957.3;-1.1;20.5;65.2;9.0;8206;66.3
SIO;199104;213;0;53;958.6;-1.0;22.2;12.5;9.4;14101;55.4
SIO;199105;247;0;49;960.3;-0.4;27.9;10.6;12.3;15610;56.0
SIO;199106;236;0;61;960.1;5.9;31.6;86.8;16.8;13446;63.6
SIO;199107;267;0;41;960.9;8.8;32.6;44.2;21.0;17404;64.2
SIO;199108;252;0;30;962.9;10.9;31.3;14.9;20.8;18898;62.9
SIO;199109;165;0;49;961.3;5.8;28.2;43.3;17.2;11845;71.1
SIO;199110;109;0;48;961.4;-2.9;21.5;35.0;8.8;9383;78.0
SIO;199111;60;0;50;960.8;-3.7;17.0;49.5;3.5;5391;79.3
SIO;199112;45;0;25;972.1;-12.3;9.3;80.6;-2.1;5577;77.2
SIO;199201;57;0;28;972.3;-8.6;9.5;10.7;-2.0;5873;78.1
SIO;199202;95;0;40;969.8;-8.6;17.0;27.2;2.1;8385;69.7
SIO;199203;134;0;58;961.0;-1.6;20.4;39.2;7.4;9334;60.9
SIO;199204;200;0;55;957.1;-0.5;27.1;29.5;10.3;11774;59.5
SIO;199205;247;0;49;961.7;2.5;30.3;15.9;16.2;14608;58.6
SIO;199206;226;0;70;957.5;7.2;29.3;63.1;16.9;9709;68.8
SIO;199207;252;0;49;962.3;9.1;30.8;69.8;20.0;15020;67.0
SIO;199208;222;0;39;961.5;9.8;34.4;42.7;21.2;15020;62.7
SIO;199209;167;0;44;964.6;4.0;26.5;35.9;15.4;12381;71.7
SIO;199210;86;0;71;954.3;-1.9;20.0;121.0;8.7;5690;79.8
SIO;199211;49;0;59;964.6;-3.3;16.5;148.8;5.6;3840;83.0
SIO;199212;38;1;48;963.7;-7.8;11.5;116.5;0.7;3600;81.0
SIO;199301;56;0;43;971.6;-11.3;13.1;9.3;1.9;6074;74.8
SIO;199302;101;0;31;969.9;-10.2;10.9;1.3;0.7;9015;70.4
SIO;199303;155;0;41;963.8;-4.1;22.5;14.6;6.0;12741;58.4
SIO;199304;187;0;64;956.6;-0.9;24.1;79.1;11.4;9846;57.5
SIO;199305;237;0;56;958.1;5.1;29.4;32.2;16.1;13482;61.0
SIO;199306;252;0;55;961.1;9.4;30.6;35.8;18.6;14355;63.4
SIO;199307;244;0;51;962.7;7.9;33.1;89.7;18.8;14453;63.1
SIO;199308;220;0;44;962.8;7.8;32.8;38.0;19.7;15610;65.2
SIO;199309;146;0;65;958.0;4.9;26.7;102.1;14.6;9239;71.8
SIO;199310;93;0;64;958.7;-0.7;21.4;42.9;9.5;7205;75.4
SIO;199311;57;0;59;962.6;-7.4;17.8;19.2;3.5;4744;74.6
SIO;199312;37;2;71;960.2;-7.6;14.2;154.8;2.2;2661;79.0
SIO;199401;47;0;64;961.7;-8.2;9.9;57.2;2.2;4344;75.5
SIO;199402;92;0;56;958.5;-7.3;17.0;11.2;3.6;6779;64.1
SIO;199403;142;0;54;965.1;0.8;24.0;14.8;10.0;10199;59.4
SIO;199404;190;0;68;956.3;-0.8;25.8;66.6;8.6;10567;64.6
SIO;199405;212;0;64;957.6;7.4;26.2;78.4;15.3;11390;66.1
SIO;199406;267;0;45;963.2;3.7;31.5;38.3;18.4;15952;59.2
SIO;199407;266;0;40;962.1;11.8;32.8;63.7;22.1;17275;63.5
SIO;199408;209;0;46;961.2;9.8;31.7;59.8;19.8;14197;71.1
SIO;199409;129;0;69;960.4;2.2;27.3;105.3;14.3;7696;80.7
SIO;199410;107;0;46;961.7;0.8;21.7;49.1;10.2;9570;79.5
SIO;199411;60;0;53;965.5;-2.8;18.8;50.8;7.4;5749;81.9
SIO;199412;41;0;49;967.0;-8.5;12.5;75.8;1.7;4589;82.3
SIO;199501;49;1;60;963.8;-10.0;8.8;135.6;-0.1;4598;78.9
SIO;199502;81;1;61;962.6;-3.0;15.4;135.9;4.3;6298;77.6
SIO;199503;144;0;53;960.5;-5.2;18.9;53.1;4.7;10635;63.4
SIO;199504;198;0;55;959.5;0.1;23.6;20.0;10.7;11736;61.7
SIO;199505;232;0;58;959.9;0.7;27.6;106.2;14.3;13826;63.8
SIO;199506;259;0;54;960.1;5.9;30.8;31.8;16.7;14511;64.7
SIO;199507;264;0;41;960.7;12.3;33.5;38.6;21.7;17419;65.9
SIO;199508;209;0;59;961.1;3.9;31.5;52.9;18.9;12336;69.4
SIO;199509;156;0;61;958.9;1.0;24.7;72.6;13.1;9936;75.5
SIO;199510;119;0;38;967.4;0.3;23.1;3.7;12.2;11704;76.5
SIO;199511;67;0;44;962.8;-6.3;19.7;47.5;4.6;7185;72.5
SIO;199512;38;0;61;958.5;-6.7;15.4;58.8;1.4;3466;79.3
SIO;199601;55;0;48;957.6;-7.4;14.8;5.2;2.3;5605;75.7
SIO;199602;94;2;64;956.9;-7.9;14.6;48.9;1.1;6748;71.2
SIO;199603;161;0;45;957.8;-6.6;21.6;15.3;5.4;12538;59.3
SIO;199604;197;0;63;959.0;-0.8;24.6;20.0;11.3;11761;57.6
SIO;199605;227;0;65;957.2;3.9;28.0;44.9;14.4;12407;67.6
SIO;199606;267;0;50;963.4;8.2;32.3;21.0;19.2;15851;60.0
SIO;199607;238;0;50;962.4;6.6;30.3;85.8;18.9;14737;65.3
SIO;199608;213;0;60;961.0;7.3;30.0;71.4;18.3;13358;71.8
SIO;199609;180;0;45;958.8;3.4;24.1;6.6;12.6;13246;71.2
SIO;199610;100;0;59;963.5;-0.1;23.7;45.1;10.0;9074;75.5
SIO;199611;60;6;68;958.5;-7.3;18.0;154.5;4.6;4861;79.7
SIO;199612;42;9;69;956.9;-6.5;10.4;35.9;0.9;3235;84.3
SIO;199701;56;0;50;964.5;-6.7;10.0;31.1;0.4;5302;82.9
SIO;199702;101;0;45;969.1;-5.1;16.6;51.4;4.0;8516;70.2
SIO;199703;176;0;34;967.9;-1.5;21.2;8.9;8.3;14232;61.3
SIO;199704;240;0;35;961.3;-1.3;22.3;21.6;10.2;16203;54.2
SIO;199705;253;0;53;959.6;3.8;27.8;56.0;14.9;15545;64.1
SIO;199706;226;0;74;956.3;6.9;29.4;68.5;17.3;10264;68.6
SIO;199707;234;0;60;962.6;9.0;29.4;70.9;18.2;13046;70.9
SIO;199708;224;0;49;962.3;8.3;31.2;48.8;20.4;14852;69.2
SIO;199709;194;0;33;965.4;7.2;28.1;66.2;16.5;16492;73.5
SIO;199710;114;0;49;961.4;-4.6;24.5;44.4;9.9;9925;79.2
SIO;199711;63;0;55;954.7;-3.6;19.2;19.9;4.8;5480;78.4
SIO;199712;41;0;63;958.8;-5.5;13.2;63.3;2.5;3449;78.3
SIO;199801;61;3;47;963.1;-9.5;13.6;80.8;0.8;6018;79.5
SIO;199802;122;2;21;969.3;-8.3;20.2;6.8;3.2;11607;69.2
SIO;199803;160;0;54;965.1;-5.0;22.0;15.9;7.1;11851;60.8
SIO;199804;193;0;73;950.9;-0.6;23.5;44.2;9.9;9649;62.8
SIO;199805;267;0;48;957.7;4.7;29.3;13.6;16.2;16267;57.0
SIO;199806;271;0;55;961.0;4.0;31.4;55.9;18.7;13926;62.9
SIO;199807;253;0;49;958.7;6.7;33.2;46.8;20.3;15058;63.0
SIO;199808;221;0;48;961.2;6.4;34.4;13.4;20.0;14799;65.2
SIO;199809;153;0;65;957.2;4.8;28.7;68.3;14.6;9858;75.3
SIO;199810;98;0;69;960.5;1.4;20.9;77.7;10.0;6606;78.7
SIO;199811;59;0;56;961.8;-9.4;15.0;45.4;1.9;5740;77.1
SIO;199812;44;0;44;965.8;-8.8;11.8;17.5;-0.1;4628;77.8
SIO;199901;57;1;44;961.9;-10.1;12.0;47.1;1.0;6308;76.9
SIO;199902;74;14;72;961.0;-15.9;11.7;117.6;-0.6;4514;80.8
SIO;199903;144;0;59;956.7;-3.0;21.1;25.3;6.8;10540;66.2
SIO;199904;184;0;70;958.0;-1.5;23.2;53.1;10.0;9897;65.1
SIO;199905;214;0;66;959.2;7.1;30.6;86.7;16.7;11128;68.0
SIO;199906;266;0;53;961.1;6.4;31.4;75.8;17.1;14452;67.6
SIO;199907;269;0;53;959.3;10.2;31.5;38.4;20.5;16189;65.3
SIO;199908;197;0;66;958.1;11.2;31.5;103.8;19.0;12085;75.7
SIO;199909;158;0;55;957.8;9.4;28.0;69.1;16.9;11214;75.4
SIO;199910;110;0;59;961.1;2.0;22.2;23.2;10.8;9341;80.0
SIO;199911;58;4;59;963.7;-6.3;19.9;41.0;2.7;4622;80.4
SIO;199912;39;3;64;959.9;-9.0;10.2;105.6;0.2;3068;80.1
SIO;200001;57;5;41;968.3;-10.3;8.7;19.9;-2.2;6110;82.4
SIO;200002;87;0;58;967.3;-4.1;17.1;56.5;3.5;6816;76.3
SIO;200003;153;0;53;962.7;-2.4;19.5;21.8;7.1;11299;65.5
SIO;200004;191;0;63;952.1;0.4;26.1;35.4;11.2;10579;61.1
SIO;200005;241;0;58;959.3;5.2;28.4;13.1;16.8;13448;61.2
SIO;200006;284;0;43;962.5;8.3;30.9;24.5;20.0;16889;60.2
SIO;200007;236;0;62;957.7;6.9;34.2;89.8;17.8;12803;67.9
SIO;200008;215;0;46;961.6;10.0;34.0;34.0;19.8;14442;67.2
SIO;200009;188;0;42;958.8;5.9;27.8;37.5;16.2;14464;68.1
SIO;200010;98;0;62;959.7;0.6;21.0;115.5;10.2;7236;81.1
SIO;200011;56;0;70;954.7;-2.4;16.4;57.2;5.5;3890;79.1
SIO;200012;41;0;56;957.5;-6.8;16.6;10.6;3.4;3136;78.0
SIO;200101;51;0;67;957.6;-6.3;10.5;89.6;1.9;4527;79.2
SIO;200102;100;0;52;961.4;-7.3;16.6;19.8;3.7;7559;66.1
SIO;200103;117;1;84;952.0;-1.4;22.4;152.1;8.6;5526;72.7
SIO;200104;193;0;69;957.0;-0.2;22.6;60.1;8.6;9867;66.5
SIO;200105;254;0;60;958.1;4.7;31.4;23.5;16.9;14278;64.3
SIO;200106;274;0;49;960.7;2.6;30.4;101.2;17.0;16029;66.6
SIO;200107;258;0;54;959.0;7.8;31.9;59.9;19.9;15130;66.6
SIO;200108;225;0;47;960.8;9.3;32.4;59.9;20.1;15425;69.9
SIO;200109;167;0;65;958.7;3.3;23.4;39.9;12.8;10416;73.8
SIO;200110;128;0;37;963.4;2.8;25.8;8.8;13.1;12289;74.4
SIO;200111;62;0;55;964.1;-6.2;14.6;17.8;3.0;5338;80.1
SIO;200112;42;0;48;964.7;-12.2;12.1;17.3;-1.7;4602;77.1
SIO;200201;61;0;33;969.8;-11.1;15.3;14.2;-1.1;7183;77.8
SIO;200202;82;0;70;961.4;-4.8;18.4;51.3;5.1;5138;72.4
SIO;200203;159;0;53;960.8;-1.3;21.6;49.7;8.6;11904;59.5
SIO;200204;208;0;59;956.3;1.5;24.6;24.7;11.2;12263;56.9
SIO;200205;228;0;65;957.7;3.6;29.8;87.6;14.0;12098;66.9
SIO;200206;277;0;50;959.7;7.0;33.7;59.1;20.3;16591;62.0
SIO;200207;250;0;52;958.6;9.4;31.5;64.4;19.5;14628;68.0
SIO;200208;203;0;62;958.4;9.2;29.2;65.8;18.5;12075;73.7
SIO;200209;168;0;58;959.8;4.4;26.2;32.2;14.7;11098;74.7
SIO;200210;101;0;59;958.9;0.8;23.3;52.6;10.4;8434;75.8
SIO;200211;51;0;70;955.0;0.3;15.7;137.4;6.4;4151;83.4
SIO;200212;39;0;70;959.3;-4.0;11.1;50.7;3.3;2823;84.2
SIO;200301;53;0;56;959.4;-9.0;10.1;46.3;0.3;4682;78.3
SIO;200302;117;2;39;962.5;-9.8;14.9;18.6;-0.7;10140;68.1
SIO;200303;179;0;34;964.7;-2.1;21.2;7.0;8.2;15422;59.4
SIO;200304;219;0;53;957.6;-1.7;25.0;27.5;11.3;13609;55.4
SIO;200305;244;0;65;961.3;2.9;30.2;27.1;16.3;13058;62.9
SIO;200306;297;0;49;959.9;12.6;34.9;66.6;23.1;18519;58.5
SIO;200307;278;0;47;959.6;11.5;34.9;39.8;21.9;17839;57.9
SIO;200308;235;0;41;961.0;9.7;37.2;75.5;22.5;16925;62.0
SIO;200309;183;0;43;962.8;6.4;26.7;12.5;15.6;14030;70.1
SIO;200310;110;0;57;956.3;-3.4;23.7;69.1;8.3;9735;75.6
SIO;200311;66;0;46;960.5;-1.4;18.3;20.6;6.2;6459;75.1
SIO;200312;44;0;48;962.0;-7.9;17.5;16.0;2.1;4752;72.7
SIO;200401;47;1;76;956.1;-9.8;10.2;122.6;1.3;3067;79.8
SIO;200402;103;0;45;962.1;-7.2;15.5;6.9;2.6;9242;68.7
SIO;200403;163;0;51;962.3;-6.6;24.9;11.5;6.2;11744;59.8
SIO;200404;208;0;66;955.0;0.2;23.9;10.3;11.1;11725;57.4
SIO;200405;254;0;60;956.6;2.3;29.0;30.5;14.3;14299;60.4
SIO;200406;263;0;57;961.0;8.3;33.0;53.9;18.7;14413;60.2
SIO;200407;257;0;52;960.3;8.1;32.4;34.0;19.9;15601;62.5
SIO;200408;228;0;58;958.4;7.6;34.8;89.8;19.7;14678;67.6
SIO;200409;187;0;44;963.2;4.5;28.0;10.9;16.5;14464;68.9
SIO;200410;99;0;65;956.7;2.5;25.6;44.0;12.0;7754;79.5
SIO;200411;63;0;46;962.8;-5.5;16.2;20.4;3.5;6397;79.0
SIO;200412;47;4;39;962.7;-10.3;9.8;42.2;-0.8;5460;82.8
SIO;200501;59;8;39;966.7;-16.0;9.0;36.5;-2.1;6860;78.9
SIO;200502;107;3;48;959.5;-7.8;8.3;24.9;-1.4;8783;71.0
SIO;200503;169;0;47;959.3;-9.8;22.6;13.9;6.8;12891;61.4
SIO;200504;194;0;68;957.0;-0.8;27.5;69.2;10.6;10894;62.1
SIO;200505;247;0;59;959.6;4.8;31.2;36.1;15.8;14443;60.4
SIO;200506;287;0;45;960.8;5.5;34.3;49.3;20.3;17615;58.9
SIO;200507;256;0;59;959.3;9.2;35.2;55.0;20.3;15153;61.8
SIO;200508;202;0;62;960.1;7.4;28.7;82.1;17.7;12120;70.2
SIO;200509;167;0;54;961.0;6.3;28.5;34.3;16.6;11557;70.6
SIO;200510;122;0;41;963.2;2.2;21.6;24.5;11.0;11194;74.2
SIO;200511;74;1;38;961.0;-12.3;19.2;7.6;3.5;7946;75.4
SIO;200512;41;2;58;961.7;-12.6;7.9;66.2;-2.1;3569;79.7
SIO;200601;64;4;39;965.3;-12.8;11.1;9.8;-2.2;7247;74.8
SIO;200602;92;0;62;957.4;-7.4;9.9;57.0;1.1;6647;73.6
SIO;200603;145;3;69;955.4;-8.8;22.5;128.8;4.5;9234;68.7
SIO;200604;205;0;61;958.1;0.2;24.5;68.8;10.8;11696;63.2
SIO;200605;229;0;71;960.9;2.7;26.5;58.0;14.9;11908;63.8
SIO;200606;290;0;44;962.8;1.5;30.9;29.6;19.5;18010;58.7
SIO;200607;280;0;47;962.7;13.6;35.9;37.9;23.3;18561;60.3
SIO;200608;214;0;66;957.9;5.2;29.2;84.1;16.8;11832;68.2
SIO;200609;170;0;56;960.3;7.2;28.7;26.4;17.9;11916;71.8
SIO;200610;120;0;48;960.5;3.0;24.5;36.6;12.8;10636;73.5
SIO;200611;67;0;48;964.6;-4.2;18.7;35.0;6.4;6771;71.7
SIO;200612;46;0;39;969.1;-8.8;13.8;32.4;1.3;5571;77.9
SIO;200701;54;0;59;966.1;-7.3;16.8;61.5;3.0;5347;79.3
SIO;200702;87;0;53;957.9;-4.9;14.7;64.5;4.3;6940;72.6
SIO;200703;160;0;51;958.9;-2.8;18.2;40.1;7.2;11729;61.9
SIO;200704;253;0;33;960.9;1.7;28.1;1.4;15.2;17952;51.7
SIO;200705;218;0;69;956.7;3.1;28.5;102.6;15.5;11079;66.4
SIO;200706;264;0;64;957.6;9.3;32.5;89.1;18.6;14121;68.1
SIO;200707;260;0;54;960.1;9.1;34.2;153.6;19.2;15638;66.9
SIO;200708;213;0;61;959.2;8.9;32.6;107.2;18.6;13226;72.4
SIO;200709;190;0;46;962.6;4.2;24.4;20.7;14.5;14039;69.6
SIO;200710;128;0;41;964.3;-2.2;23.8;21.1;9.9;12944;75.6
SIO;200711;70;0;47;962.8;-8.2;15.0;15.6;3.6;7182;73.9
SIO;200712;47;0;42;967.0;-8.4;10.7;80.0;0.1;5199;79.7
SIO;200801;59;0;51;965.4;-8.4;11.4;53.1;2.5;6454;74.4
SIO;200802;118;0;32;969.3;-5.4;18.5;8.4;4.0;10819;68.3
SIO;200803;153;0;69;953.3;-5.8;19.3;51.1;6.4;9490;61.4
SIO;200804;209;0;67;954.6;0.2;22.4;27.9;10.2;11852;61.2
SIO;200805;256;0;67;956.7;5.9;29.9;8.8;16.9;13986;57.4
SIO;200806;269;0;64;959.7;8.6;32.7;45.9;19.2;13555;64.9
SIO;200807;273;0;50;960.1;9.6;32.4;61.1;20.1;16598;62.4
SIO;200808;233;0;53;959.5;8.8;30.0;59.5;19.6;15287;66.4
SIO;200809;181;0;54;960.3;4.5;28.3;56.3;14.7;12806;72.8
SIO;200810;117;0;58;962.1;-0.1;22.0;43.7;10.7;9548;79.4
SIO;200811;64;5;59;959.3;-9.9;20.5;72.6;4.4;5634;81.6
SIO;200812;44;3;56;961.0;-9.5;10.3;72.9;0.3;3810;85.0
SIO;200901;64;7;42;957.8;-11.7;5.1;56.2;-2.7;7099;83.9
SIO;200902;101;4;61;957.5;-9.4;14.1;27.9;1.0;6986;74.1
SIO;200903;157;0;61;958.2;-3.9;18.1;23.4;5.9;10141;65.6
SIO;200904;220;0;58;956.6;2.1;23.2;36.8;12.4;13197;58.4
SIO;200905;241;0;58;962.3;2.9;35.1;24.5;16.4;13624;64.3
SIO;200906;288;0;58;958.9;6.1;31.1;40.6;18.4;15656;64.1
SIO;200907;270;0;57;960.5;9.6;34.2;85.3;20.5;15721;64.3
SIO;200908;256;0;37;961.5;8.3;35.5;16.4;21.6;17942;63.2
SIO;200909;190;0;46;962.3;5.7;32.1;17.3;16.8;14145;71.6
SIO;200910;123;0;49;961.3;-2.8;26.9;11.7;10.3;10898;72.0
SIO;200911;58;0;64;957.4;-1.7;18.3;68.3;6.7;4088;81.5
SIO;200912;40;1;70;953.1;-10.8;8.9;107.6;1.0;2560;81.4
SIO;201001;55;1;62;956.4;-9.8;7.0;11.1;-1.5;4893;79.9
SIO;201002;98;1;63;950.0;-11.8;13.3;29.2;1.5;6810;69.4
SIO;201003;153;0;62;959.6;-5.8;21.6;28.6;6.1;10540;61.1
SIO;201004;239;0;55;960.2;-0.9;27.9;6.4;11.8;15021;57.7
SIO;201005;235;0;73;956.2;5.5;30.4;121.0;14.0;11009;68.6
SIO;201006;274;0;61;957.4;7.0;31.9;20.4;18.9;14315;65.0
SIO;201007;284;0;48;961.1;9.0;35.6;73.1;21.8;18056;64.7
SIO;201008;216;0;61;960.1;6.9;31.9;45.6;18.5;12625;70.8
SIO;201009;183;0;52;959.4;2.6;26.3;21.7;14.8;12465;70.3
SIO;201010;116;0;58;957.7;-1.4;25.3;16.7;10.3;9140;72.8
SIO;201011;63;0;68;952.3;-6.8;19.2;36.9;5.5;4800;76.8
SIO;201012;43;2;64;955.9;-11.4;10.4;69.3;-0.6;3717;79.7
SIO;201101;66;0;42;962.6;-9.6;11.6;24.5;0.2;7485;76.7
SIO;201102;105;0;48;961.5;-7.8;15.7;6.6;2.9;8514;69.6
SIO;201103;170;0;46;962.7;-3.6;21.2;12.1;7.9;13221;62.6
SIO;201104;246;0;40;960.4;1.8;27.2;5.0;14.2;16768;53.9
SIO;201105;270;0;50;961.7;3.8;31.2;46.1;17.0;16531;59.6
SIO;201106;267;0;61;960.4;7.6;34.5;43.1;18.8;13956;63.4
SIO;201107;265;0;63;957.3;6.9;34.7;68.8;18.6;14508;63.8
SIO;201108;248;0;43;960.0;7.6;36.8;25.2;21.0;16764;61.6
SIO;201109;186;0;42;962.4;5.9;32.3;39.8;17.8;13890;70.5
SIO;201110;130;0;30;964.9;-1.4;25.4;34.6;10.4;12424;72.9
SIO;201111;80;0;26;964.6;-5.4;19.3;0.1;5.2;8783;69.6
SIO;201112;35;5;72;963.6;-7.1;13.6;178.6;1.9;2748;86.0
SIO;201201;52;2;63;966.4;-8.4;11.4;56.6;1.5;4341;80.6
SIO;201202;116;0;39;966.2;-13.8;16.3;0.0;-1.7;10414;68.8
SIO;201203;193;0;28;967.9;-3.2;23.2;5.6;9.1;15650;54.6
SIO;201204;201;0;75;950.1;-0.6;27.2;55.9;10.9;9085;62.6
SIO;201205;270;0;59;959.1;1.5;30.2;46.6;16.1;15025;61.3
SIO;201206;268;0;59;958.9;7.9;34.3;37.6;20.0;14618;63.0
SIO;201207;277;0;49;960.1;9.0;35.3;50.3;20.3;17010;62.6
SIO;201208;240;0;45;961.4;9.8;36.9;66.2;21.3;16630;64.0
SIO;201209;178;0;55;960.3;5.2;28.2;50.7;15.9;12240;72.5
SIO;201210;111;0;54;957.6;-2.2;23.0;39.1;11.5;8900;75.8
SIO;201211;70;0;57;958.1;-2.6;19.2;53.9;6.4;6183;75.7
SIO;201212;39;12;72;960.5;-11.6;9.2;152.2;0.6;2618;84.0
SIO;201301;59;0;60;958.8;-6.8;11.3;21.8;0.9;5202;74.1
SIO;201302;110;1;54;956.9;-9.3;9.7;58.0;0.4;8297;69.6
SIO;201303;141;0;63;950.2;-4.8;18.0;29.5;5.6;8202;65.4
SIO;201304;210;0;67;957.5;-1.8;28.4;45.9;11.2;11527;66.0
SIO;201305;236;0;73;955.6;3.4;25.2;86.0;12.8;10084;66.2
SIO;201306;281;0;54;961.2;6.9;36.2;19.8;18.2;14997;61.8
SIO;201307;286;0;46;962.4;10.2;37.2;51.5;21.9;17580;64.9
SIO;201308;256;0;41;961.5;10.5;35.0;30.8;20.5;17478;64.5
SIO;201309;187;0;55;960.6;6.0;30.0;44.9;16.3;12588;72.0
SIO;201310;111;0;67;961.7;2.3;24.0;66.4;12.7;8088;79.3
SIO;201311;59;0;62;959.5;-7.7;18.4;96.3;3.8;4457;83.6
SIO;201312;50;0;34;967.4;-9.2;13.0;16.8;0.5;5509;78.3
SIO;201401;52;0;63;955.7;-5.7;12.0;42.1;2.6;3708;80.1
SIO;201402;89;0;67;955.6;-2.2;14.2;79.1;4.2;5792;75.9
SIO;201403;185;0;45;960.0;-0.9;22.6;4.8;8.4;14127;58.2
SIO;201404;222;0;60;957.3;2.3;24.7;28.6;12.8;12944;59.5
SIO;201405;257;0;64;959.2;2.7;29.2;34.4;14.5;12732;61.1
SIO;201406;286;0;57;959.8;8.1;36.2;17.3;20.1;15978;56.9
SIO;201407;220;0;71;959.0;9.2;34.0;105.7;19.3;10209;72.1
SIO;201408;231;0;64;959.3;8.2;29.4;87.1;18.4;13006;70.6
SIO;201409;191;0;50;961.3;6.6;28.3;15.0;16.9;13363;71.7
SIO;201410;123;0;50;962.3;1.3;25.8;29.4;13.0;10596;77.0
SIO;201411;66;0;59;956.2;0.0;19.6;45.4;8.1;5347;78.9
SIO;201412;43;4;63;964.3;-11.6;11.5;40.8;2.7;3491;80.7
SIO;201501;53;3;60;962.9;-9.0;14.5;55.5;1.4;3942;78.5
SIO;201502;103;2;59;958.9;-6.4;12.0;10.3;1.3;7221;71.6
SIO;201503;157;0;56;962.7;-3.0;19.0;63.1;7.9;11048;59.9
SIO;201504;232;0;50;962.8;-1.3;25.8;20.4;12.2;13741;54.8
SIO;201505;252;0;63;960.2;3.8;30.7;114.5;15.6;14181;62.0
SIO;201506;295;0;56;961.9;9.4;33.2;34.6;20.6;16414;58.0
SIO;201507;296;0;40;960.5;11.3;37.8;40.0;24.0;19170;53.3
SIO;201508;226;0;50;960.6;10.8;37.2;73.1;20.9;14274;66.3
SIO;201509;182;0;50;960.6;3.7;26.5;13.3;14.9;12118;66.9
SIO;201510;119;0;56;960.9;1.1;21.5;29.3;10.5;9784;75.2
SIO;201511;72;0;40;966.5;-5.5;19.3;42.1;5.9;7263;75.8
SIO;201512;50;0;28;973.5;-5.6;11.9;3.9;2.2;5799;78.6
SIO;201601;49;1;70;960.6;-6.4;14.5;127.3;2.3;3733;78.3
SIO;201602;80;1;74;957.7;-3.8;15.0;87.3;4.4;4764;76.6
SIO;201603;171;0;48;956.8;-2.9;21.0;18.1;6.6;12156;59.3
SIO;201604;206;0;72;956.1;0.0;22.8;39.4;11.3;10041;59.9
SIO;201605;256;0;68;957.4;2.9;28.7;75.1;14.7;13047;59.5
SIO;201606;269;0;68;959.1;9.3;34.5;44.4;18.7;12589;64.8
SIO;201607;288;0;47;962.2;8.0;34.8;46.6;21.5;17476;61.4
SIO;201608;254;0;42;963.6;9.4;33.6;26.6;21.0;17355;61.6
SIO;201609;183;0;46;962.8;8.6;31.6;14.2;18.4;12946;65.4
SIO;201610;115;0;50;963.3;0.6;22.0;32.3;10.1;9845;73.3
SIO;201611;61;0;65;960.1;-3.2;17.5;75.2;5.9;4527;77.2
SIO;201612;54;0;19;973.1;-7.6;10.5;0.0;-0.7;6680;77.5
SIO;201701;56;1;49;965.4;-12.1;12.5;31.5;-2.3;4867;77.5
SIO;201702;106;0;49;961.8;-2.7;21.4;39.3;5.3;8362;68.8
SIO;201703;159;0;57;961.5;-1.4;23.4;61.6;9.7;11019;64.4
SIO;201704;244;0;40;961.5;-1.7;26.2;20.8;11.6;15600;53.2
SIO;201705;263;0;55;960.5;2.7;31.9;43.9;16.4;14973;59.2
SIO;201706;289;0;48;959.6;7.5;36.0;67.8;21.7;16632;59.1
SIO;201707;278;0;57;960.6;12.9;34.8;50.6;22.1;15862;57.3
SIO;201708;229;0;51;962.1;10.4;36.9;69.6;21.3;15098;63.0
SIO;201709;179;0;62;960.7;3.9;27.6;10.8;14.8;11787;63.8
SIO;201710;126;0;42;966.3;1.0;24.2;12.2;11.8;11332;66.7
SIO;201711;65;0;61;961.7;-4.4;17.9;43.3;4.2;5029;74.5
SIO;201712;43;13;62;962.6;-10.7;7.0;113.9;-0.6;3278;81.8
SIO;201801;52;2;64;961.3;-4.6;12.9;197.0;3.9;4220;78.1
SIO;201802;98;1;66;956.4;-9.6;11.0;29.9;0.8;7085;66.1
SIO;201803;143;0;-;948.5;-3.4;17.6;30.8;6.0;7892;65.0
SIO;201804;238;0;-;957.8;0.6;28.9;29.3;14.3;14879;50.3
SIO;201805;253;0;-;958.2;7.0;29.6;36.8;16.8;12732;63.9
SIO;201806;309;0;-;959.1;10.6;33.1;25.8;21.1;17546;57.2
SIO;201807;302;0;-;959.5;13.0;35.9;25.0;23.3;19101;53.9
SIO;201808;246;0;-;961.5;8.3;36.2;82.3;21.8;16345;60.9
SIO;201809;204;0;-;964.2;7.0;30.8;20.4;18.7;15113;60.8
SIO;201810;130;0;-;960.9;3.1;25.0;38.1;12.4;12008;68.1
SIO;201811;70;0;-;960.0;-2.4;20.7;7.0;6.8;5995;75.6
SIO;201812;39;1;-;966.4;-6.0;12.2;110.7;2.9;3324;81.7