stn;time;gre000m0;nto000m0;prestam0;tre200m0;ure200m0;sre000m0;tre200mn;tre200mx
JUN;193301;-;68;648.2;-15.4;79.2;-;-;-
JUN;193302;-;67;646.6;-13.7;77.5;-;-;-
JUN;193303;-;48;651.0;-11.0;69.0;-;-;-
JUN;193304;-;66;652.9;-8.2;70.8;-;-;-
JUN;193305;-;80;653.1;-6.4;79.8;-;-;-
JUN;193306;-;77;653.2;-3.1;85.0;-;-;-
JUN;193307;-;51;663.8;2.6;68.5;-;-;-
JUN;193308;-;52;663.6;2.3;71.3;-;-;-
JUN;193309;-;73;660.0;-1.8;89.2;-;-;-
JUN;193310;-;62;654.6;-6.6;79.1;-;-;-
JUN;193311;-;77;645.5;-13.0;83.1;-;-;-
JUN;193312;-;43;645.4;-13.7;73.2;-;-;-
JUN;193401;-;58;652.2;-13.5;83.9;-;-;-
JUN;193402;-;36;654.4;-10.9;56.9;-;-;-
JUN;193403;-;73;643.5;-12.9;81.0;-;-;-
JUN;193404;-;78;649.5;-8.4;82.4;-;-;-
JUN;193405;-;64;657.6;-3.4;75.7;-;-;-
JUN;193406;-;68;658.2;-1.5;81.3;-;-;-
JUN;193407;-;55;661.8;1.0;67.6;-;-;-
JUN;193408;-;67;658.7;-0.1;75.4;-;-;-
JUN;193409;-;46;661.8;-0.9;67.9;-;-;-
JUN;193410;-;59;657.2;-5.6;69.8;-;-;-
JUN;193411;-;57;651.2;-10.1;69.6;-;-;-
JUN;193412;-;76;649.0;-9.9;85.3;-;-;-
JUN;193501;-;52;646.3;-16.4;76.5;-;-;-
JUN;193502;-;78;644.4;-14.6;84.3;-;-;-
JUN;193503;-;58;650.2;-14.1;72.5;-;-;-
JUN;193504;-;83;647.7;-12.1;88.9;-;-;-
JUN;193505;-;74;652.0;-6.9;81.9;-;-;-
JUN;193506;-;52;661.5;-0.5;72.4;-;-;-
JUN;193507;-;41;663.0;0.4;67.5;-;-;-
JUN;193508;-;56;660.0;-0.8;73.2;-;-;-
JUN;193509;-;55;660.7;-1.2;60.2;-;-;-
JUN;193510;-;86;653.0;-6.3;85.5;-;-;-
JUN;193511;-;72;650.1;-9.9;76.5;-;-;-
JUN;193512;-;74;640.8;-14.7;84.9;-;-;-
JUN;193601;-;83;645.8;-11.7;91.2;-;-;-
JUN;193602;-;69;642.2;-14.0;74.1;-;-;-
JUN;193603;-;60;647.8;-11.7;70.7;-;-;-
JUN;193604;-;81;647.3;-10.4;77.2;-;-;-
JUN;193605;-;57;652.6;-4.4;57.7;-;-;-
JUN;193606;-;75;658.0;-2.7;70.5;-;-;-
JUN;193607;-;70;659.8;-0.6;63.9;-;-;-
JUN;193608;-;46;662.8;0.0;42.1;-;-;-
JUN;193609;-;73;659.3;-3.1;71.2;-;-;-
JUN;193610;-;56;652.8;-8.6;50.9;-;-;-
JUN;193611;-;55;651.2;-11.3;63.3;-;-;-
JUN;193612;-;50;654.5;-11.4;70.0;-;-;-
JUN;193701;-;68;650.2;-11.4;78.7;-;-;-
JUN;193702;-;88;644.7;-13.2;92.8;-;-;-
JUN;193703;-;80;641.1;-14.1;87.5;-;-;-
JUN;193704;-;75;647.8;-11.1;88.5;-;-;-
JUN;193705;-;65;657.2;-4.8;78.1;-;-;-
JUN;193706;-;73;659.7;-2.1;73.5;-;-;-
JUN;193707;-;55;661.2;0.3;46.1;-;-;-
JUN;193708;-;67;660.4;-0.9;51.7;-;-;-
JUN;193709;-;69;656.9;-3.9;68.7;-;-;-
JUN;193710;-;71;655.6;-6.0;58.9;-;-;-
JUN;193711;-;57;650.4;-10.4;54.3;-;-;-
JUN;193712;-;61;643.6;-15.1;57.7;-;-;-
JUN;193801;-;73;647.7;-14.6;69.9;4230;-;-
JUN;193802;-;46;651.8;-14.4;49.6;8081;-;-
JUN;193803;-;37;658.4;-9.8;43.0;13224;-;-
JUN;193804;-;43;649.3;-14.3;51.3;12852;-;-
JUN;193805;-;70;652.0;-8.1;61.0;7680;-;-
JUN;193806;-;53;662.1;-1.2;49.9;15120;-;-
JUN;193807;-;57;661.1;-1.7;56.9;11532;-;-
JUN;193808;-;58;659.3;-1.3;57.9;11310;-;-
JUN;193809;-;57;659.6;-3.0;56.1;9162;-;-
JUN;193810;-;44;656.3;-4.9;42.2;11448;-;-
JUN;193811;-;48;656.2;-6.6;42.7;9324;-;-
JUN;193812;-;66;644.7;-14.4;66.9;4350;-;-
JUN;193901;-;70;645.2;-13.3;76.5;4392;-;-
JUN;193902;-;46;653.0;-11.4;60.4;9456;-;-
JUN;193903;-;66;643.0;-18.0;78.6;6702;-;-
JUN;193904;-;66;651.2;-8.9;75.0;9444;-;-
JUN;193905;-;79;649.5;-8.8;86.7;6396;-;-
JUN;193906;-;63;658.2;-2.4;77.0;11184;-;-
JUN;193907;-;58;660.3;-1.9;72.7;12270;-;-
JUN;193908;-;58;660.8;-1.1;76.5;11568;-;-
JUN;193909;-;42;657.5;-3.8;69.7;11700;-;-
JUN;193910;-;80;649.8;-9.1;87.3;3018;-;-
JUN;193911;-;65;654.2;-8.3;70.1;5238;-;-
JUN;193912;-;63;646.4;-15.0;72.6;5304;-;-
JUN;194001;-;49;643.8;-14.9;67.6;6972;-;-
JUN;194002;-;69;646.5;-13.5;69.8;4416;-;-
JUN;194003;-;60;648.4;-13.5;69.7;8328;-;-
JUN;194004;-;63;649.6;-10.9;74.8;9630;-;-
JUN;194005;-;64;652.7;-7.4;80.8;10026;-;-
JUN;194006;-;63;657.0;-3.9;81.8;9504;-;-
JUN;194007;-;67;659.4;-3.0;81.2;10926;-;-
JUN;194008;-;48;661.9;-2.1;71.9;15354;-;-
JUN;194009;-;60;659.5;-3.2;72.7;10716;-;-
JUN;194010;-;65;652.3;-6.8;74.1;7056;-;-
JUN;194011;-;63;650.3;-10.5;69.0;5058;-;-
JUN;194012;-;46;646.0;-16.4;58.3;6306;-;-
JUN;194101;-;73;640.0;-15.6;78.9;3792;-;-
JUN;194102;-;69;640.9;-14.9;70.3;5028;-;-
JUN;194103;-;56;647.7;-12.4;60.6;9522;-;-
JUN;194104;-;61;646.8;-11.2;73.5;8442;-;-
JUN;194105;-;76;649.4;-9.7;77.8;7968;-;-
JUN;194106;-;60;659.9;-3.0;72.7;12360;-;-
JUN;194107;-;66;661.6;-0.8;75.2;10686;-;-
JUN;194108;-;69;659.1;-2.6;76.6;8586;-;-
JUN;194109;-;46;661.9;-2.8;61.5;12750;-;-
JUN;194110;-;71;654.9;-9.8;82.7;5154;-;-
JUN;194111;-;57;650.8;-10.7;72.4;5340;-;-
JUN;194112;-;45;652.8;-13.7;54.5;7146;-;-
JUN;194201;-;60;640.6;-18.4;65.9;5706;-;-
JUN;194202;-;60;640.8;-17.7;72.5;5556;-;-
JUN;194203;-;64;649.8;-10.2;70.2;8016;-;-
JUN;194204;-;65;650.1;-9.9;72.7;8520;-;-
JUN;194205;-;73;655.0;-6.6;74.4;9828;-;-
JUN;194206;-;54;659.9;-2.3;67.7;13824;-;-
JUN;194207;-;62;661.2;-1.3;69.8;12042;-;-
JUN;194208;-;56;662.1;-0.7;69.8;12918;-;-
JUN;194209;-;63;660.7;-1.6;76.3;9360;-;-
JUN;194210;-;54;659.1;-4.4;66.3;8124;-;-
JUN;194211;-;42;652.5;-11.4;55.9;8490;-;-
JUN;194212;-;52;652.3;-11.2;57.4;6522;-;-
JUN;194301;-;65;647.0;-13.7;60.4;5184;-;-
JUN;194302;-;51;654.1;-13.9;61.2;6822;-;-
JUN;194303;-;60;652.4;-11.1;68.8;9000;-;-
JUN;194304;-;53;656.6;-9.2;51.7;10740;-;-
JUN;194305;-;63;658.2;-5.0;64.3;10746;-;-
JUN;194306;-;67;660.3;-4.4;60.1;10482;-;-
JUN;194307;-;61;661.2;-1.4;77.9;11850;-;-
JUN;194308;-;43;663.5;0.3;70.6;14784;-;-
JUN;194309;-;72;660.3;-1.7;75.6;7632;-;-
JUN;194310;-;42;657.8;-4.7;66.3;11082;-;-
JUN;194311;-;60;648.4;-13.0;76.3;4974;-;-
JUN;194312;-;57;652.0;-12.7;71.8;5760;-;-
JUN;194401;-;47;656.6;-11.4;54.7;8040;-;-
JUN;194402;-;57;641.2;-18.4;75.9;6360;-;-
JUN;194403;-;70;644.7;-17.0;75.3;7644;-;-
JUN;194404;-;66;654.1;-8.9;67.1;10116;-;-
JUN;194405;-;48;656.9;-6.3;67.6;13650;-;-
JUN;194406;-;67;656.2;-4.1;78.1;10380;-;-
JUN;194407;-;60;659.9;-1.8;79.3;11046;-;-
JUN;194408;-;54;664.3;1.7;72.7;12072;-;-
JUN;194409;-;59;660.3;-3.3;76.6;8046;-;-
JUN;194410;-;74;649.7;-9.0;80.1;5238;-;-
JUN;194411;-;69;648.2;-12.3;72.9;4140;-;-
JUN;194412;-;52;647.3;-14.8;56.5;6600;-;-
JUN;194501;-;66;638.9;-19.7;66.5;4368;-;-
JUN;194502;-;59;657.0;-10.4;62.0;6504;-;-
JUN;194503;-;49;657.0;-11.6;61.9;10530;-;-
JUN;194504;-;60;654.9;-8.9;62.6;11586;-;-
JUN;194505;-;61;656.7;-5.3;73.0;11316;-;-
JUN;194506;-;58;662.7;-1.8;71.1;13242;-;-
JUN;194507;-;51;662.9;0.3;65.2;13896;-;-
JUN;194508;-;60;658.5;-2.3;75.3;10284;-;-
JUN;194509;-;53;661.1;-2.8;70.8;10920;-;-
JUN;194510;-;45;658.3;-5.9;53.2;10584;-;-
JUN;194511;-;44;650.6;-11.0;57.7;8658;-;-
JUN;194512;-;69;646.0;-14.1;61.3;3336;-;-
JUN;194601;-;52;650.7;-14.2;54.5;6768;-;-
JUN;194602;-;75;648.7;-14.4;70.2;3324;-;-
JUN;194603;-;61;648.1;-10.8;60.8;9150;-;-
JUN;194604;-;54;654.5;-7.1;65.7;10638;-;-
JUN;194605;-;83;652.8;-5.7;86.0;5034;-;-
JUN;194606;-;70;658.4;-3.9;74.4;9360;-;-
JUN;194607;-;53;663.3;0.3;72.4;14922;-;-
JUN;194608;-;56;659.9;-1.1;88.2;11508;-;-
JUN;194609;-;45;661.6;-1.2;83.9;12228;-;-
JUN;194610;-;42;654.2;-6.9;84.7;10902;-;-
JUN;194611;-;56;649.3;-10.1;83.8;7422;-;-
JUN;194612;-;49;644.4;-15.8;81.1;6822;-;-
JUN;194701;-;50;644.7;-16.4;69.8;6714;-;-
JUN;194702;-;64;638.0;-15.7;77.8;5910;-;-
JUN;194703;-;80;645.5;-11.4;84.8;4338;-;-
JUN;194704;-;51;657.8;-7.4;65.7;13290;-;-
JUN;194705;-;68;656.8;-4.0;84.5;10416;-;-
JUN;194706;-;52;661.2;-1.4;74.3;15252;-;-
JUN;194707;-;47;663.1;1.0;75.5;15108;-;-
JUN;194708;-;54;662.8;0.5;76.8;14370;-;-
JUN;194709;-;49;662.3;-1.9;72.4;13020;-;-
JUN;194710;-;44;658.8;-4.3;64.2;10368;-;-
JUN;194711;-;69;652.0;-10.0;80.9;3606;-;-
JUN;194712;-;67;645.5;-15.4;79.9;4956;-;-
JUN;194801;-;77;644.5;-13.1;79.4;3606;-;-
JUN;194802;-;66;650.3;-15.3;77.1;5634;-;-
JUN;194803;-;33;661.4;-7.8;60.4;13986;-;-
JUN;194804;-;63;651.3;-9.0;79.9;9234;-;-
JUN;194805;-;67;654.6;-5.1;88.5;9672;-;-
JUN;194806;-;70;657.5;-4.5;84.6;9306;-;-
JUN;194807;-;75;659.2;-3.4;87.8;10356;-;-
JUN;194808;-;62;660.8;-1.2;83.1;10476;-;-
JUN;194809;-;32;661.1;-1.5;60.3;13788;-;-
JUN;194810;-;47;658.0;-4.1;68.4;10176;-;-
JUN;194811;-;41;659.8;-6.5;54.9;8286;-;-
JUN;194812;-;42;654.8;-10.8;57.3;7830;-;-
JUN;194901;-;56;654.2;-12.3;68.7;7242;-;-
JUN;194902;-;33;656.8;-11.5;56.5;10704;-;-
JUN;194903;-;59;647.4;-15.4;77.6;9138;-;-
JUN;194904;-;69;656.8;-7.5;76.6;9048;-;-
JUN;194905;-;80;652.5;-6.8;88.8;6420;-;-
JUN;194906;-;57;659.4;-3.6;78.4;11820;-;-
JUN;194907;-;45;663.2;-0.7;74.0;14988;-;-
JUN;194908;-;51;663.6;-0.6;76.8;11904;-;-
JUN;194909;-;49;663.5;-0.7;73.4;11406;-;-
JUN;194910;-;41;660.1;-3.4;61.9;11274;-;-
JUN;194911;-;62;645.6;-12.5;78.1;5298;-;-
JUN;194912;-;51;650.4;-11.0;74.3;5322;-;-
JUN;195001;-;55;650.0;-13.3;70.2;6168;-;-
JUN;195002;-;73;648.4;-12.4;72.9;3744;-;-
JUN;195003;-;37;652.6;-10.3;56.2;13422;-;-
JUN;195004;-;75;645.8;-12.5;84.8;5388;-;-
JUN;195005;-;68;656.7;-4.7;81.6;10746;-;-
JUN;195006;-;56;662.5;-0.8;76.6;14046;-;-
JUN;195007;-;51;663.3;1.2;74.5;14226;-;-
JUN;195008;-;59;661.0;0.1;75.3;10200;-;-
JUN;195009;-;67;658.2;-3.7;72.1;7758;-;-
JUN;195010;-;35;657.6;-5.4;59.4;10776;-;-
JUN;195011;-;76;648.2;-10.9;84.2;2922;-;-
JUN;195012;-;69;640.1;-15.6;83.7;2988;-;-
JUN;195101;-;70;645.5;-13.6;78.0;4170;-;-
JUN;195102;-;68;641.5;-16.0;82.4;4068;-;-
JUN;195103;-;76;642.7;-15.1;82.7;5082;-;-
JUN;195104;-;64;650.8;-11.1;76.2;9234;-;-
JUN;195105;-;75;651.0;-7.3;91.2;7404;-;-
JUN;195106;-;70;658.5;-3.5;85.9;9636;-;-
JUN;195107;-;48;662.6;-0.3;73.6;14922;-;-
JUN;195108;-;57;660.2;-0.7;75.5;11652;-;-
JUN;195109;-;48;660.7;-1.3;73.0;12444;-;-
JUN;195110;-;46;655.3;-6.2;68.5;8784;-;-
JUN;195111;-;78;648.5;-9.9;86.5;2796;-;-
JUN;195112;-;45;653.9;-9.9;65.0;7908;-;-
JUN;195201;-;66;643.6;-17.0;82.4;4536;-;-
JUN;195202;-;57;645.1;-16.1;73.1;7428;-;-
JUN;195203;-;70;647.1;-11.8;83.4;7122;-;-
JUN;195204;-;54;653.5;-8.0;82.1;11430;-;-
JUN;195205;-;65;655.4;-7.0;87.7;8838;-;-
JUN;195206;-;60;661.5;-1.9;82.3;11916;-;-
JUN;195207;-;43;664.1;1.7;69.2;17574;-;-
JUN;195208;-;58;661.1;0.0;76.4;11958;-;-
JUN;195209;-;71;654.2;-6.3;82.2;7602;-;-
JUN;195210;-;68;653.0;-8.2;81.7;4542;-;-
JUN;195211;-;84;645.2;-14.1;90.3;2232;-;-
JUN;195212;-;68;644.4;-14.5;85.8;3558;-;-
JUN;195301;-;39;646.5;-14.5;66.4;8502;-;-
JUN;195302;-;48;645.7;-15.3;68.7;7596;-;-
JUN;195303;-;31;656.7;-11.5;58.1;14856;-;-
JUN;195304;-;64;650.6;-9.4;82.5;9486;-;-
JUN;195305;-;63;655.8;-6.2;80.4;11520;-;-
JUN;195306;-;85;654.6;-4.3;94.2;5496;-;-
JUN;195307;-;62;661.3;-0.1;79.0;12078;-;-
JUN;195308;-;50;663.1;-0.6;71.1;14418;-;-
JUN;195309;-;60;660.4;-1.7;76.7;8712;-;-
JUN;195310;-;57;657.4;-4.8;79.0;6588;-;-
JUN;195311;-;28;659.6;-5.4;50.5;10944;-;-
JUN;195312;-;48;654.3;-10.6;74.5;6618;-;-
JUN;195401;-;64;643.2;-17.4;84.0;4386;-;-
JUN;195402;-;60;641.6;-14.9;85.6;6018;-;-
JUN;195403;-;54;645.7;-12.3;75.0;9564;-;-
JUN;195404;-;70;649.8;-11.7;83.5;8111;-;-
JUN;195405;-;63;652.5;-7.2;83.9;10404;-;-
JUN;195406;-;69;658.4;-2.1;85.8;10290;-;-
JUN;195407;-;68;657.9;-3.7;83.5;9012;-;-
JUN;195408;-;67;658.1;-2.4;84.8;8748;-;-
JUN;195409;-;64;660.1;-3.1;78.6;9276;-;-
JUN;195410;-;42;657.9;-5.6;65.3;10050;-;-
JUN;195411;-;45;651.8;-9.3;67.0;7721;-;-
JUN;195412;-;57;649.9;-11.8;70.2;5862;-;-
JUN;195501;-;69;645.7;-12.0;80.1;4122;-;-
JUN;195502;-;77;637.3;-17.5;87.0;2004;-;-
JUN;195503;-;54;644.9;-14.4;74.5;9606;-;-
JUN;195504;-;53;653.6;-11.0;75.0;10620;-;-
JUN;195505;-;60;655.1;-7.4;72.0;11034;-;-
JUN;195506;-;76;658.6;-3.7;86.5;7590;-;-
JUN;195507;-;73;660.4;-1.4;88.0;9468;-;-
JUN;195508;-;67;660.5;-2.7;84.5;10518;-;-
JUN;195509;-;51;658.9;-4.0;79.1;10770;-;-
JUN;195510;-;48;653.6;-7.1;67.9;9066;-;-
JUN;195511;-;41;652.7;-8.9;57.0;8886;-;-
JUN;195512;-;66;649.2;-11.9;78.0;4068;-;-
JUN;195601;-;52;646.9;-12.9;66.8;6354;-;-
JUN;195602;-;54;636.4;-21.7;78.9;6924;-;-
JUN;195603;-;65;647.3;-14.2;84.7;8051;-;-
JUN;195604;-;65;645.7;-13.0;80.9;7860;-;-
JUN;195605;-;56;658.1;-6.6;75.4;12438;-;-
JUN;195606;-;75;657.2;-6.0;87.9;6270;-;-
JUN;195607;-;56;660.7;-1.3;77.0;-;-;-
JUN;195608;-;68;658.5;-2.1;82.2;-;-;-
JUN;195609;-;51;661.5;-1.9;76.5;-;-;-
JUN;195610;-;53;656.6;-7.9;67.8;-;-;-
JUN;195611;-;57;649.7;-11.5;69.3;-;-;-
JUN;195612;-;40;652.6;-12.5;70.3;-;-;-
JUN;195701;-;52;651.5;-14.3;65.7;-;-;-
JUN;195702;-;73;647.2;-13.3;79.2;-;-;-
JUN;195703;-;53;653.6;-8.7;65.0;-;-;-
JUN;195704;-;71;650.9;-10.9;84.9;-;-;-
JUN;195705;-;68;651.1;-8.6;88.5;-;-;-
JUN;195706;-;78;659.7;-2.6;89.0;-;-;-
JUN;195707;-;66;660.9;-1.5;81.7;-;-;-
JUN;195708;-;59;660.1;-2.1;73.4;-;-;-
JUN;195709;-;61;658.6;-4.3;76.6;-;-;-
JUN;195710;-;30;658.4;-4.0;61.8;-;-;-
JUN;195711;-;50;652.9;-7.7;69.6;-;-;-
JUN;195712;-;37;648.2;-12.2;68.9;-;-;-
JUN;195801;-;52;646.4;-12.7;67.4;-;-;-
JUN;195802;-;74;648.3;-12.6;82.5;-;-;-
JUN;195803;-;62;641.7;-16.1;78.6;-;-;-
JUN;195804;-;67;647.0;-13.6;81.8;-;-;-
JUN;195805;-;71;658.8;-3.9;81.5;-;-;-
JUN;195806;-;63;657.1;-3.7;75.7;-;-;-
JUN;195807;-;62;661.2;-0.4;81.3;-;-;-
JUN;195808;-;62;661.7;0.3;79.8;-;-;-
JUN;195809;-;49;662.3;-0.8;68.0;-;-;-
JUN;195810;-;56;658.0;-6.7;76.0;-;-;-
JUN;195811;-;62;653.1;-9.3;82.0;-;-;-
JUN;195812;-;60;644.8;-11.9;71.2;-;-;-
JUN;195901;-;66;646.2;-15.1;77.9;-;-;-
JUN;195902;-;30;659.3;-10.7;56.4;-;-;-
JUN;195903;-;67;651.0;-10.7;83.8;-;-;-
JUN;195904;-;57;649.8;-9.3;68.4;-;-;-
JUN;195905;-;65;654.4;-6.6;84.4;-;-;-
JUN;195906;-;77;660.7;-2.8;87.2;-;-;-
JUN;195907;-;55;663.3;0.1;75.1;14580;-;-
JUN;195908;-;54;661.4;-1.4;79.8;12012;-;-
JUN;195909;-;44;661.7;-1.0;67.5;11808;-;-
JUN;195910;-;44;656.8;-5.8;53.9;10344;-;-
JUN;195911;-;56;650.2;-10.2;70.8;5964;-;-
JUN;195912;-;66;644.7;-12.8;86.4;3594;-;-
JUN;196001;-;66;646.4;-15.3;79.0;4164;-;-
JUN;196002;-;70;645.8;-13.8;77.2;3822;-;-
JUN;196003;-;64;646.2;-12.8;80.2;6348;-;-
JUN;196004;-;58;651.0;-11.2;71.8;11250;-;-
JUN;196005;-;59;656.9;-5.8;75.6;11736;-;-
JUN;196006;-;66;661.1;-2.2;79.3;9438;-;-
JUN;196007;-;79;659.0;-2.9;83.0;7170;-;-
JUN;196008;-;68;659.5;-2.4;79.4;10932;-;-
JUN;196009;-;61;656.8;-4.6;73.3;8622;-;-
JUN;196010;-;76;649.1;-8.9;84.3;3558;-;-
JUN;196011;-;72;649.7;-10.8;80.1;3204;-;-
JUN;196012;-;63;643.5;-13.8;76.2;4614;-;-
JUN;196101;-;67;647.2;-14.1;75.9;4620;-21.8;-5.7
JUN;196102;-;66;655.6;-11.8;74.3;5634;-23.6;-4.5
JUN;196103;-;42;656.9;-10.6;52.0;12636;-25.0;-0.9
JUN;196104;-;71;651.1;-8.0;80.2;8394;-13.5;-2.1
JUN;196105;-;71;653.1;-8.0;75.8;8406;-17.1;0.6
JUN;196106;-;53;660.1;-1.9;64.5;13722;-11.5;7.0
JUN;196107;-;59;660.3;-2.8;74.5;12180;-11.7;5.7
JUN;196108;-;50;663.1;-0.8;64.3;14040;-10.8;6.2
JUN;196109;-;48;664.1;0.0;67.3;11874;-8.9;6.0
JUN;196110;-;56;655.9;-5.3;68.8;7656;-19.8;4.0
JUN;196111;-;61;648.9;-9.8;68.1;7128;-24.0;-1.4
JUN;196112;-;62;648.8;-12.0;71.8;5694;-25.8;-3.3
JUN;196201;-;59;650.2;-13.1;66.4;5598;-28.2;-4.3
JUN;196202;-;57;648.3;-15.3;65.3;6204;-30.6;-7.5
JUN;196203;-;56;640.5;-15.6;69.9;9630;-29.4;-5.2
JUN;196204;-;72;649.6;-12.6;74.6;6504;-22.0;-2.3
JUN;196205;-;67;653.5;-8.5;80.2;7662;-21.4;-0.6
JUN;196206;-;47;660.2;-3.9;64.9;14568;-13.6;5.7
JUN;196207;-;60;660.5;-1.9;70.5;12564;-10.5;7.2
JUN;196208;-;34;663.9;1.0;60.4;18036;-7.3;7.5
JUN;196209;-;44;659.7;-2.4;61.2;13092;-15.1;5.8
JUN;196210;-;31;658.9;-3.4;49.5;12408;-17.4;5.4
JUN;196211;-;62;646.5;-12.8;77.3;5076;-25.0;-2.7
JUN;196212;-;53;645.1;-15.0;66.6;5430;-29.2;-3.1
JUN;196301;-;54;642.0;-17.6;78.5;6900;-29.7;-5.0
JUN;196302;-;53;638.0;-17.8;75.3;7056;-26.3;-10.2
JUN;196303;-;60;648.4;-12.4;70.5;8514;-21.4;-3.0
JUN;196304;-;68;649.5;-9.3;84.8;8370;-19.0;-2.5
JUN;196305;-;60;654.4;-6.9;83.4;11970;-16.7;2.3
JUN;196306;-;69;657.3;-2.8;86.3;8928;-10.7;5.9
JUN;196307;-;49;663.1;0.5;74.0;15078;-7.0;7.2
JUN;196308;-;71;658.3;-2.0;81.2;8562;-12.6;7.1
JUN;196309;-;58;660.1;-2.6;84.9;9204;-13.7;3.4
JUN;196310;-;32;659.3;-4.3;42.9;12156;-14.7;3.0
JUN;196311;-;70;650.2;-8.6;81.0;3756;-21.3;0.4
JUN;196312;-;31;648.3;-11.6;53.6;9234;-26.9;-0.1
JUN;196401;-;27;656.6;-10.4;47.8;10656;-22.8;-2.1
JUN;196402;-;45;648.8;-12.9;68.1;8088;-26.4;-4.9
JUN;196403;-;73;644.6;-12.6;80.2;4572;-21.5;-4.5
JUN;196404;-;66;651.4;-9.8;77.8;8328;-20.4;-2.4
JUN;196405;-;61;658.2;-5.1;74.1;10872;-15.8;2.7
JUN;196406;-;56;660.4;-1.2;74.0;13944;-10.3;5.3
JUN;196407;-;49;663.9;0.0;76.1;15918;-11.0;7.3
JUN;196408;-;57;660.7;-1.4;74.5;12972;-9.6;8.3
JUN;196409;-;41;663.0;-1.5;64.1;12054;-16.5;5.0
JUN;196410;-;66;652.5;-9.1;87.7;5964;-20.2;0.7
JUN;196411;-;56;654.8;-8.5;76.3;6252;-21.5;-1.2
JUN;196412;-;51;647.4;-12.8;73.8;5556;-30.1;-2.0
JUN;196501;-;69;645.3;-14.7;93.2;3390;-25.0;-5.4
JUN;196502;-;40;645.1;-18.5;68.0;9624;-29.3;-10.0
JUN;196503;-;59;648.8;-13.5;75.4;8538;-29.3;-3.0
JUN;196504;-;79;647.1;-13.2;81.6;6084;-23.0;-3.0
JUN;196505;-;70;654.0;-7.5;80.9;8940;-16.3;-0.5
JUN;196506;-;74;659.5;-2.8;84.6;9666;-12.0;6.6
JUN;196507;-;70;659.3;-2.4;84.3;9456;-12.3;3.7
JUN;196508;-;68;660.0;-2.4;81.0;9540;-12.8;6.6
JUN;196509;-;66;655.7;-4.8;78.3;7638;-13.0;4.5
JUN;196510;-;31;660.3;-3.3;46.9;12534;-11.2;2.0
JUN;196511;-;80;645.9;-12.7;84.0;3324;-27.0;0.6
JUN;196512;-;78;645.0;-13.5;82.3;2328;-23.7;-2.0
JUN;196601;-;57;644.6;-14.9;73.3;5496;-28.7;-0.3
JUN;196602;-;77;647.4;-10.5;82.7;3528;-20.3;-2.7
JUN;196603;-;64;649.2;-14.9;82.1;8832;-28.5;-6.1
JUN;196604;-;64;650.2;-9.0;86.3;9156;-17.0;1.3
JUN;196605;-;66;656.6;-6.6;82.5;12012;-15.2;2.3
JUN;196606;-;67;659.9;-2.7;91.4;10290;-11.3;4.8
JUN;196607;-;65;658.4;-2.9;88.8;11358;-9.2;5.5
JUN;196608;-;68;659.5;-2.3;86.0;10260;-13.5;8.8
JUN;196609;-;44;662.2;-0.5;69.3;13734;-10.4;6.5
JUN;196610;-;74;653.2;-5.0;89.1;5862;-15.5;4.2
JUN;196611;-;67;646.8;-14.3;86.4;4464;-25.2;-1.0
JUN;196612;-;74;646.2;-14.4;84.6;2892;-24.0;-5.3
JUN;196701;-;55;649.8;-14.2;80.5;6918;-30.5;-4.0
JUN;196702;-;51;650.3;-13.1;75.7;7878;-23.2;-5.0
JUN;196703;-;71;651.9;-12.9;82.6;5976;-23.0;-2.7
JUN;196704;-;59;648.6;-12.0;79.3;10680;-23.5;-2.0
JUN;196705;-;73;653.9;-6.7;83.5;9228;-20.9;4.0
JUN;196706;-;64;659.8;-3.8;77.3;12564;-14.5;7.0
JUN;196707;-;53;664.6;0.8;76.7;14448;-9.5;5.9
JUN;196708;-;57;661.9;-0.4;68.9;13500;-9.6;6.0
JUN;196709;-;63;658.2;-3.7;81.1;8268;-12.0;5.0
JUN;196710;-;37;659.4;-3.3;54.6;11790;-16.8;4.5
JUN;196711;-;56;654.2;-7.4;67.0;6654;-18.0;1.0
JUN;196712;-;55;647.5;-14.8;70.1;4794;-29.7;-2.8
JUN;196801;-;64;646.3;-16.8;80.6;5124;-33.8;-3.8
JUN;196802;-;63;645.2;-13.7;74.0;6324;-24.5;-7.2
JUN;196803;-;50;650.3;-11.9;66.6;11928;-23.0;2.0
JUN;196804;-;59;652.4;-8.7;73.5;11520;-21.0;1.6
JUN;196805;-;74;653.7;-6.8;86.3;9906;-19.0;1.7
JUN;196806;-;68;658.7;-3.5;85.0;10362;-11.2;6.5
JUN;196807;-;65;661.9;-1.6;81.5;12198;-10.7;9.3
JUN;196808;-;76;658.5;-2.7;91.9;8028;-13.8;3.1
JUN;196809;-;65;657.8;-3.9;80.2;9636;-11.3;3.2
JUN;196810;-;55;661.0;-3.5;72.8;9984;-11.0;2.3
JUN;196811;-;55;650.4;-8.4;75.1;7332;-20.2;-1.3
JUN;196812;-;57;643.5;-15.2;80.0;6162;-29.2;-3.9
JUN;196901;-;61;648.2;-12.6;79.4;5958;-25.0;-2.2
JUN;196902;-;78;638.8;-18.8;87.0;4128;-30.2;-3.8
JUN;196903;-;55;644.9;-12.9;86.0;9672;-20.7;-4.6
JUN;196904;-;75;650.0;-11.9;88.6;6846;-24.2;0.1
JUN;196905;-;72;655.3;-5.0;82.6;10740;-15.5;6.2
JUN;196906;-;79;655.7;-4.8;94.4;8898;-16.2;5.1
JUN;196907;-;54;664.9;0.1;80.3;15396;-12.0;6.4
JUN;196908;-;70;659.8;-2.6;87.0;9300;-11.6;4.5
JUN;196909;-;50;660.6;-1.2;76.8;11694;-7.0;4.7
JUN;196910;-;33;662.6;-2.6;55.2;12936;-13.9;5.0
JUN;196911;-;63;648.6;-10.6;77.4;5766;-25.4;1.2
JUN;196912;-;49;642.5;-16.1;79.1;6666;-27.3;-8.0
JUN;197001;-;63;645.0;-12.4;73.6;5472;-22.2;-5.7
JUN;197002;-;82;641.6;-17.8;94.5;2232;-30.0;-8.0
JUN;197003;-;72;642.9;-16.8;89.9;6690;-27.8;-7.3
JUN;197004;-;79;647.8;-14.7;93.2;6186;-26.3;-3.5
JUN;197005;-;76;653.4;-8.7;89.1;6864;-19.0;-1.0
JUN;197006;-;72;660.6;-2.4;91.0;9414;-10.3;4.5
JUN;197007;-;60;661.1;-1.5;79.7;13224;-12.3;7.0
JUN;197008;-;70;661.1;-1.0;82.5;10440;-8.9;7.6
JUN;197009;-;38;662.8;-1.1;63.5;13212;-13.5;5.5
JUN;197010;-;57;658.1;-6.6;70.6;9108;-20.2;0.3
JUN;197011;-;60;653.5;-8.5;72.4;6732;-21.3;0.4
JUN;197012;-;48;649.7;-14.1;65.2;7410;-26.8;-2.5
JUN;197101;-;56;645.8;-14.1;74.1;7446;-28.2;-5.1
JUN;197102;-;58;648.5;-14.7;64.0;7878;-27.4;-4.2
JUN;197103;-;61;642.4;-16.7;81.6;9264;-36.6;-7.3
JUN;197104;-;60;650.3;-8.4;79.1;12282;-17.6;-0.9
JUN;197105;-;83;653.6;-5.1;93.4;7632;-13.2;2.8
JUN;197106;-;76;655.5;-5.1;89.1;8874;-13.1;2.3
JUN;197107;-;45;663.6;0.2;74.1;17622;-13.0;7.8
JUN;197108;-;68;662.6;0.5;78.4;12306;-8.6;8.0
JUN;197109;-;45;661.3;-3.4;59.2;15072;-13.6;7.3
JUN;197110;-;44;663.2;-3.0;54.0;13776;-15.0;5.3
JUN;197111;-;60;648.4;-11.1;83.7;7170;-27.6;0.1
JUN;197112;-;39;658.2;-8.7;59.6;8190;-17.6;2.0
JUN;197201;-;54;645.4;-14.0;81.4;6306;-24.5;-4.5
JUN;197202;-;75;645.9;-13.0;89.6;3834;-21.3;-4.9
JUN;197203;-;65;649.0;-11.7;81.6;8592;-19.6;-3.5
JUN;197204;-;73;647.0;-11.1;90.1;8508;-20.9;-4.3
JUN;197205;-;83;652.3;-8.3;93.7;7896;-18.4;-0.3
JUN;197206;-;75;657.0;-3.6;85.2;9780;-11.7;4.7
JUN;197207;-;66;661.0;-1.1;84.0;12954;-9.3;7.6
JUN;197208;-;64;660.8;-1.9;83.9;13008;-12.8;6.7
JUN;197209;-;53;656.2;-6.4;74.8;10920;-16.9;2.1
JUN;197210;-;45;656.6;-5.6;60.7;10992;-21.1;1.7
JUN;197211;-;63;653.5;-9.8;80.6;6486;-22.8;0.8
JUN;197212;-;49;655.6;-10.2;62.4;8052;-20.8;-3.7
JUN;197301;-;54;651.7;-12.0;64.3;7266;-21.6;-4.9
JUN;197302;-;58;644.4;-16.8;72.4;7194;-27.3;-4.9
JUN;197303;-;51;650.9;-13.8;68.8;12738;-26.6;-4.3
JUN;197304;-;78;646.5;-14.3;80.1;8376;-25.3;-1.2
JUN;197305;-;78;657.0;-5.2;84.7;9576;-14.8;1.8
JUN;197306;-;70;660.4;-2.2;84.5;9948;-10.4;5.3
JUN;197307;-;78;658.9;-2.2;87.2;9540;-9.9;4.6
JUN;197308;-;60;664.5;0.8;78.5;13536;-8.0;7.2
JUN;197309;-;53;660.4;-2.2;72.4;11766;-11.6;4.6
JUN;197310;-;58;656.6;-6.2;67.8;8334;-16.9;0.8
JUN;197311;-;54;654.8;-10.4;67.4;8454;-30.0;-2.4
JUN;197312;-;65;647.7;-13.4;84.0;5232;-28.3;-4.0
JUN;197401;-;69;653.8;-10.7;77.5;4794;-20.4;-2.8
JUN;197402;-;75;644.4;-13.9;85.9;4794;-24.7;-2.2
JUN;197403;-;79;648.6;-12.5;88.4;6030;-22.0;-4.9
JUN;197404;-;68;647.5;-11.4;84.3;10644;-21.7;-3.0
JUN;197405;-;73;652.6;-7.7;82.0;9876;-14.9;2.4
JUN;197406;-;74;656.4;-5.0;85.7;9474;-14.9;4.5
JUN;197407;-;61;661.6;-2.1;79.5;14310;-11.3;5.7
JUN;197408;-;64;662.7;-0.1;82.1;11814;-10.8;8.2
JUN;197409;-;68;657.2;-4.1;79.9;9660;-16.2;5.0
JUN;197410;-;80;645.9;-14.6;90.9;4638;-21.0;-5.9
JUN;197411;-;71;650.3;-11.7;82.5;5712;-22.7;-3.7
JUN;197412;-;69;655.1;-12.1;80.3;4944;-25.0;-3.0
JUN;197501;-;63;653.8;-10.9;71.2;5274;-21.0;-3.3
JUN;197502;-;35;653.0;-12.1;53.3;11160;-21.2;-3.7
JUN;197503;-;75;641.8;-15.0;81.8;6648;-25.7;-4.4
JUN;197504;-;64;650.1;-10.9;77.8;11610;-25.0;-1.0
JUN;197505;-;75;653.5;-6.8;81.6;8706;-15.5;2.2
JUN;197506;-;76;657.2;-4.9;91.1;8940;-16.5;5.0
JUN;197507;-;59;661.8;-1.1;78.4;13158;-11.8;7.1
JUN;197508;-;69;662.1;-1.1;88.8;9984;-9.7;7.2
JUN;197509;-;69;661.2;-1.8;82.0;7752;-13.3;4.6
JUN;197510;-;45;657.4;-6.5;60.0;10296;-17.3;1.7
JUN;197511;-;69;650.3;-10.5;79.8;6186;-23.0;-5.4
JUN;197512;-;31;653.9;-9.6;58.9;10110;-20.2;-1.4
JUN;197601;-;64;649.7;-14.9;76.9;5502;-29.3;-4.8
JUN;197602;-;59;651.1;-12.1;73.7;8124;-25.6;-0.8
JUN;197603;-;46;648.8;-13.9;67.6;12390;-27.0;-2.5
JUN;197604;-;58;648.8;-10.9;80.6;13770;-23.4;-2.8
JUN;197605;-;65;656.0;-5.9;77.4;13980;-15.2;2.8
JUN;197606;-;60;662.1;-2.3;81.5;15642;-13.8;4.3
JUN;197607;-;75;661.3;-1.1;89.8;11172;-9.0;5.6
JUN;197608;-;70;660.5;-3.2;86.3;9774;-12.2;2.2
JUN;197609;-;69;656.4;-5.0;85.5;9246;-14.8;2.0
JUN;197610;-;75;651.4;-5.4;77.8;5682;-13.1;5.3
JUN;197611;-;61;650.2;-11.5;76.6;5604;-23.3;-3.8
JUN;197612;-;64;643.1;-14.7;73.3;5304;-24.9;-5.7
JUN;197701;-;76;645.2;-15.1;88.7;3372;-24.6;-5.1
JUN;197702;-;76;645.5;-13.9;84.4;3870;-22.0;-6.0
JUN;197703;-;76;653.3;-10.0;76.2;7356;-20.8;-0.2
JUN;197704;-;84;649.2;-11.7;84.8;5658;-24.1;-1.6
JUN;197705;-;84;652.8;-7.5;95.3;6822;-16.0;1.6
JUN;197706;-;76;656.6;-4.0;91.6;9636;-9.8;2.7
JUN;197707;-;65;659.1;-1.0;84.3;12138;-9.4;7.5
JUN;197708;-;76;657.6;-2.5;91.1;8004;-8.8;2.6
JUN;197709;-;51;660.7;-4.0;76.6;12594;-13.8;5.0
JUN;197710;-;59;659.2;-3.5;68.9;8232;-14.2;3.1
JUN;197711;-;69;648.2;-12.6;80.7;4542;-23.6;2.8
JUN;197712;-;50;653.0;-10.4;69.1;6222;-22.7;-2.0
JUN;197801;-;71;644.6;-14.9;84.6;4152;-25.6;-4.0
JUN;197802;-;80;640.7;-15.0;89.7;4170;-27.5;-3.4
JUN;197803;-;83;647.5;-12.8;90.1;4458;-24.1;-4.3
JUN;197804;-;73;644.4;-12.4;93.0;9498;-22.0;-6.0
JUN;197805;-;79;651.6;-7.9;93.3;8352;-16.5;-2.2
JUN;197806;-;73;656.4;-4.8;93.6;9960;-12.3;3.2
JUN;197807;-;65;660.2;-2.3;88.1;11832;-10.4;5.3
JUN;197808;-;61;660.9;-2.1;79.2;13668;-12.3;5.4
JUN;197809;-;58;660.5;-3.8;77.2;11550;-13.2;4.4
JUN;197810;-;46;659.7;-4.4;62.6;11418;-15.0;4.9
JUN;197811;-;30;659.0;-8.0;60.1;12258;-25.5;-0.1
JUN;197812;-;68;644.8;-11.5;75.6;4452;-18.0;-0.1
JUN;197901;-;61;642.5;-16.6;80.8;5166;-35.6;-5.2
JUN;197902;-;70;643.3;-13.2;80.6;6216;-21.9;-6.0
JUN;197903;-;83;645.1;-13.2;93.4;4434;-21.0;-4.8
JUN;197904;-;74;646.2;-13.2;91.3;9336;-21.6;-4.0
JUN;197905;-;71;655.6;-7.3;88.6;11100;-23.6;6.2
JUN;197906;-;73;660.4;-2.0;85.3;10242;-12.6;4.4
JUN;197907;-;63;662.3;-2.2;80.9;12762;-10.0;5.0
JUN;197908;-;64;659.1;-2.4;76.9;13572;-12.6;5.0
JUN;197909;-;50;661.4;-1.5;72.3;13998;-10.9;5.7
JUN;197910;-;69;655.0;-4.6;81.2;6714;-12.1;4.0
JUN;197911;-;61;652.2;-9.8;68.8;6924;-22.0;3.5
JUN;197912;-;79;648.8;-12.8;85.0;3546;-23.6;-2.4
JUN;198001;-;70;644.7;-16.2;82.9;4662;-26.2;-6.8
JUN;198002;-;54;651.6;-12.6;65.8;8052;-20.0;-3.6
JUN;198003;-;71;644.4;-13.0;77.4;7980;-19.6;-4.6
JUN;198004;-;73;648.0;-14.2;87.3;7620;-21.8;-2.4
JUN;198005;-;76;650.0;-8.2;89.2;7782;-15.0;-2.6
JUN;198006;-;80;655.7;-5.4;85.5;7440;-15.0;2.4
JUN;198007;-;65;658.2;-3.0;81.7;10080;-10.8;8.0
JUN;198008;-;49;662.5;0.0;72.8;14436;-9.2;10.0
JUN;198009;-;38;663.4;-1.5;63.3;13338;-10.8;6.2
JUN;198010;-;56;652.7;-7.1;72.0;7824;-18.0;3.0
JUN;198011;-;53;650.3;-10.5;71.7;5964;-25.8;1.2
JUN;198012;-;56;649.2;-14.7;71.0;5562;-28.5;-3.2
JUN;198101;62;63;648.9;-14.7;61.1;6054;-29.1;-2.5
JUN;198102;131;35;648.2;-13.7;53.3;10257;-25.1;1.2
JUN;198103;145;71;649.6;-9.6;76.2;5906;-23.0;3.4
JUN;198104;246;55;653.1;-8.4;74.0;10977;-19.2;3.3
JUN;198105;237;79;653.5;-5.9;85.7;7273;-16.8;5.6
JUN;198106;276;56;660.5;-2.2;74.3;11412;-12.2;9.2
JUN;198107;246;64;661.7;-1.2;76.3;9470;-9.7;8.1
JUN;198108;271;40;663.9;0.5;63.3;16410;-8.3;10.2
JUN;198109;149;75;660.2;-2.0;77.1;6185;-9.9;6.4
JUN;198110;93;68;653.9;-6.6;80.2;5193;-19.6;2.5
JUN;198111;90;44;657.0;-10.3;62.6;9488;-22.1;2.7
JUN;198112;40;80;638.4;-14.8;79.0;2971;-25.8;-5.9
JUN;198201;63;56;651.5;-11.9;74.1;6388;-21.5;0.3
JUN;198202;117;50;651.0;-12.2;66.0;8221;-26.7;-1.7
JUN;198203;148;68;648.5;-14.7;82.4;7447;-22.5;-2.4
JUN;198204;272;40;651.1;-10.8;62.3;15663;-20.9;-2.1
JUN;198205;279;53;658.6;-6.1;72.6;13246;-18.7;2.3
JUN;198206;234;74;660.4;-2.4;81.6;8175;-10.2;5.2
JUN;198207;259;63;664.3;0.8;77.8;11378;-5.6;8.0
JUN;198208;220;65;662.1;-0.7;75.4;10008;-10.0;6.0
JUN;198209;201;44;663.5;-0.3;67.7;13174;-8.1;7.7
JUN;198210;127;56;654.2;-6.4;71.2;8453;-15.8;0.9
JUN;198211;73;60;654.3;-8.5;67.0;6838;-21.3;1.3
JUN;198212;51;63;649.6;-12.6;77.7;5103;-24.5;-2.9
JUN;198301;63;58;658.9;-10.9;62.6;6183;-26.4;-1.1
JUN;198302;100;59;646.0;-16.5;67.1;6407;-25.3;-6.7
JUN;198303;172;56;651.8;-11.3;68.6;9058;-24.0;-1.4
JUN;198304;174;84;649.0;-10.7;87.0;3142;-23.1;-1.2
JUN;198305;205;80;651.5;-8.2;88.0;4648;-15.4;-0.6
JUN;198306;261;66;662.0;-2.4;75.7;9222;-13.3;7.4
JUN;198307;277;43;666.6;2.7;68.1;14489;-9.3;9.8
JUN;198308;210;73;662.6;-0.6;82.5;7651;-10.5;6.4
JUN;198309;175;55;662.1;-1.6;66.3;10382;-12.9;7.6
JUN;198310;132;44;661.3;-4.9;64.5;10441;-16.0;5.0
JUN;198311;88;38;655.1;-7.7;55.5;9710;-22.5;0.1
JUN;198312;60;53;652.5;-11.2;67.4;7564;-24.2;0.8
JUN;198401;48;70;647.0;-15.4;76.3;3020;-24.8;-2.3
JUN;198402;96;63;647.0;-16.6;72.6;6076;-23.9;-7.8
JUN;198403;180;51;645.3;-15.0;69.3;11311;-26.0;-7.2
JUN;198404;277;44;650.5;-11.2;62.1;14276;-22.9;-1.4
JUN;198405;216;81;647.3;-8.9;88.2;4503;-14.8;-3.9
JUN;198406;272;64;658.6;-4.6;79.8;8919;-11.6;3.0
JUN;198407;257;54;663.3;-1.4;73.1;11649;-11.3;7.2
JUN;198408;231;63;661.6;-1.5;81.8;9997;-5.8;5.6
JUN;198409;178;65;655.2;-5.0;78.4;8920;-15.2;4.4
JUN;198410;123;50;658.7;-4.5;57.4;9898;-13.1;3.1
JUN;198411;64;70;651.7;-7.9;74.3;5329;-16.3;-0.4
JUN;198412;67;50;653.6;-11.5;71.4;8070;-25.0;-1.3
JUN;198501;64;66;639.3;-18.9;77.1;5131;-34.2;-6.3
JUN;198502;103;61;650.1;-12.7;76.2;6204;-21.6;-4.4
JUN;198503;154;68;645.1;-15.7;77.9;6896;-25.9;-6.2
JUN;198504;218;64;649.7;-10.7;72.8;9444;-22.9;-0.1
JUN;198505;233;70;652.0;-6.7;83.9;8123;-16.8;0.5
JUN;198506;260;70;657.1;-5.1;78.8;7666;-16.4;1.7
JUN;198507;276;44;664.1;0.6;67.4;14610;-7.8;7.1
JUN;198508;240;46;662.4;-0.5;66.5;14130;-11.7;8.3
JUN;198509;216;29;665.0;-0.2;55.9;16595;-9.8;5.7
JUN;198510;146;35;662.0;-3.3;56.0;13108;-10.5;3.1
JUN;198511;68;64;646.3;-12.8;72.5;5590;-23.4;-1.8
JUN;198512;68;49;653.5;-9.4;54.7;8471;-18.6;0.1
JUN;198601;44;81;642.7;-17.0;82.8;3281;-26.9;-5.0
JUN;198602;119;53;638.7;-17.6;67.1;8807;-35.4;-8.0
JUN;198603;160;61;648.8;-12.9;76.7;9081;-22.3;-3.2
JUN;198604;155;89;645.2;-11.6;86.8;2276;-25.3;-3.1
JUN;198605;236;76;659.2;-4.3;82.7;7113;-15.3;6.5
JUN;198606;305;55;659.5;-2.7;75.3;12707;-15.9;5.8
JUN;198607;261;65;662.4;-1.0;72.7;11286;-10.3;5.4
JUN;198608;230;73;661.3;-0.7;70.3;13114;-12.8;6.1
JUN;198609;195;48;662.5;-1.2;58.5;12058;-10.6;4.4
JUN;198610;143;48;660.1;-4.0;57.7;12097;-17.4;3.4
JUN;198611;88;48;657.6;-7.7;55.8;9051;-19.9;-0.7
JUN;198612;56;65;651.6;-13.3;67.1;6261;-27.3;-1.4
JUN;198701;72;60;645.3;-15.1;73.7;7865;-32.6;-5.5
JUN;198702;98;71;646.2;-12.8;73.1;5529;-22.6;-6.1
JUN;198703;166;66;645.4;-17.1;75.5;7625;-25.8;-4.5
JUN;198704;248;60;653.8;-8.7;65.9;12188;-20.3;4.6
JUN;198705;260;70;652.2;-8.8;74.6;9832;-19.9;-0.2
JUN;198706;208;80;657.8;-4.3;82.2;6851;-11.8;7.3
JUN;198707;245;75;661.6;-0.1;79.4;10275;-11.7;6.4
JUN;198708;215;65;661.9;-0.6;71.5;10176;-11.4;8.8
JUN;198709;192;61;663.5;-0.4;64.3;11909;-9.6;5.1
JUN;198710;101;76;657.0;-4.4;72.0;5996;-14.0;0.8
JUN;198711;79;70;651.1;-10.2;68.1;7050;-19.4;-0.2
JUN;198712;65;59;655.1;-8.9;63.1;7834;-17.4;-3.1
JUN;198801;52;74;648.2;-12.8;75.9;4480;-23.8;-5.4
JUN;198802;98;71;646.0;-15.2;65.1;5285;-26.6;-3.5
JUN;198803;114;88;644.9;-15.9;81.2;3467;-27.0;-6.3
JUN;198804;217;71;651.3;-9.4;74.5;9723;-18.5;-2.4
JUN;198805;222;80;654.7;-4.6;79.8;7468;-12.5;4.2
JUN;198806;247;83;657.0;-3.8;85.0;7153;-11.3;1.9
JUN;198807;265;60;662.1;0.2;67.5;13091;-8.7;7.6
JUN;198808;229;59;662.2;0.7;66.4;12610;-10.8;6.5
JUN;198809;196;59;660.9;-2.4;65.7;11740;-11.9;4.7
JUN;198810;93;74;658.8;-4.1;77.2;5474;-15.7;1.0
JUN;198811;95;41;654.5;-9.1;53.4;9622;-28.3;-1.3
JUN;198812;60;61;654.6;-11.9;70.4;6158;-23.5;-3.3
JUN;198901;97;21;661.5;-8.9;38.7;12449;-19.4;-1.8
JUN;198902;97;63;653.0;-12.0;65.3;6694;-22.8;-5.7
JUN;198903;180;58;653.2;-9.6;67.3;9845;-20.6;-2.3
JUN;198904;185;81;645.4;-11.4;78.4;5352;-20.4;-4.2
JUN;198905;311;51;658.8;-4.3;69.7;15590;-13.5;0.9
JUN;198906;304;73;658.1;-4.2;74.6;10959;-13.9;3.9
JUN;198907;246;70;663.8;-0.4;78.8;9898;-8.4;5.6
JUN;198908;236;58;661.6;-0.8;74.3;13775;-12.3;6.5
JUN;198909;174;59;660.2;-2.9;77.6;9949;-14.1;4.3
JUN;198910;145;43;660.4;-4.6;58.7;12686;-14.3;5.2
JUN;198911;93;36;652.6;-8.8;54.0;10667;-20.1;-1.7
JUN;198912;66;38;652.1;-8.2;46.1;8769;-19.2;-1.0
JUN;199001;86;35;655.2;-11.0;47.1;11283;-19.7;-4.0
JUN;199002;94;58;653.2;-9.9;67.8;6860;-21.9;-1.8
JUN;199003;171;50;658.7;-10.5;63.8;10906;-25.1;1.1
JUN;199004;211;75;648.5;-11.8;81.0;7574;-18.7;-1.7
JUN;199005;266;70;658.7;-4.7;78.2;10742;-15.3;0.2
JUN;199006;246;68;658.1;-2.9;78.7;9278;-12.0;7.1
JUN;199007;262;50;663.6;0.1;70.3;15037;-10.5;7.2
JUN;199008;236;55;664.6;0.4;74.2;14286;-7.0;9.1
JUN;199009;185;56;659.4;-3.9;69.4;11792;-13.6;3.5
JUN;199010;112;65;656.1;-4.2;75.8;7574;-15.5;3.5
JUN;199011;76;64;648.8;-11.7;74.9;5762;-24.2;-2.8
JUN;199012;64;50;647.5;-13.8;67.1;7495;-24.3;-3.9
JUN;199101;75;44;654.3;-10.9;50.4;8252;-20.7;-3.8
JUN;199102;118;50;645.8;-15.4;64.8;8043;-30.9;2.9
JUN;199103;148;66;650.1;-9.0;67.6;8220;-18.9;2.3
JUN;199104;239;60;649.2;-12.1;72.9;11490;-23.0;-0.6
JUN;199105;279;69;653.0;-9.2;75.8;10572;-19.5;2.2
JUN;199106;247;66;657.7;-3.5;74.8;9708;-11.6;8.7
JUN;199107;266;54;663.4;1.4;73.9;14218;-6.2;10.4
JUN;199108;249;53;665.3;1.7;65.8;15714;-5.1;11.9
JUN;199109;166;64;661.4;-0.9;74.7;9461;-11.2;8.0
JUN;199110;127;49;655.0;-6.4;63.8;9353;-19.3;3.4
JUN;199111;79;54;650.8;-10.0;67.2;6713;-21.0;0.9
JUN;199112;64;28;656.3;-11.1;43.9;9363;-22.5;-2.2
JUN;199201;78;29;657.7;-10.0;41.6;9749;-24.7;-0.2
JUN;199202;109;45;655.0;-12.3;56.8;8505;-27.6;-3.0
JUN;199203;135;64;650.1;-12.6;71.7;7595;-22.2;-3.1
JUN;199204;205;60;649.8;-9.9;71.1;10447;-21.0;0.0
JUN;199205;244;60;658.8;-4.3;76.6;11106;-11.2;6.2
JUN;199206;247;79;656.4;-3.9;86.9;6129;-10.0;3.8
JUN;199207;273;58;663.3;0.3;72.7;12574;-7.2;11.1
JUN;199208;227;53;664.4;1.8;69.1;12809;-8.4;9.4
JUN;199209;173;56;661.6;-2.9;75.5;9758;-14.0;5.8
JUN;199210;100;75;648.4;-8.5;80.3;4628;-21.0;-0.7
JUN;199211;64;65;655.6;-7.6;69.1;5145;-21.8;4.3
JUN;199212;65;41;652.4;-9.7;56.5;7644;-21.3;-2.0
JUN;199301;74;49;658.0;-10.0;57.4;7633;-23.6;-1.3
JUN;199302;121;38;654.4;-13.3;56.7;9811;-30.5;-2.2
JUN;199303;176;46;651.4;-13.1;63.0;11182;-25.8;-1.1
JUN;199304;174;78;649.8;-10.3;82.1;6116;-21.2;-2.0
JUN;199305;238;73;655.7;-5.3;81.8;8244;-10.9;4.6
JUN;199306;261;66;660.3;-2.1;76.5;9980;-10.7;7.0
JUN;199307;247;66;661.6;-1.8;75.3;9100;-12.6;8.4
JUN;199308;218;60;663.7;-0.1;73.0;11697;-9.3;8.0
JUN;199309;142;71;655.4;-4.7;81.7;6613;-13.5;3.6
JUN;199310;104;65;652.9;-7.2;76.2;6075;-18.2;-1.4
JUN;199311;92;43;651.1;-10.9;61.7;9226;-24.0;-0.3
JUN;199312;47;74;647.8;-12.3;73.5;3574;-24.4;0.3
JUN;199401;64;66;648.3;-13.7;78.5;6011;-24.5;-4.5
JUN;199402;107;65;646.3;-14.4;82.2;5872;-23.2;-2.5
JUN;199403;162;61;655.9;-9.5;79.8;8639;-18.8;-0.2
JUN;199404;210;78;647.3;-11.9;80.6;6623;-22.6;1.9
JUN;199405;220;70;654.9;-5.2;79.2;6962;-14.4;1.3
JUN;199406;276;61;661.6;-2.6;73.9;10583;-13.8;7.4
JUN;199407;268;55;665.1;1.6;75.3;12953;-7.4;8.8
JUN;199408;207;59;663.2;0.8;73.5;11296;-6.7;10.1
JUN;199409;137;70;657.9;-3.4;79.0;6505;-15.6;4.7
JUN;199410;121;54;656.5;-5.6;63.9;8994;-14.6;4.5
JUN;199411;71;63;657.9;-6.6;69.0;6458;-14.3;-0.7
JUN;199412;64;55;654.5;-10.2;59.6;7504;-22.3;-1.8
JUN;199501;63;64;647.4;-15.2;69.0;6209;-27.3;-4.5
JUN;199502;97;71;651.0;-11.0;71.6;5849;-22.5;-0.6
JUN;199503;164;60;647.1;-14.6;68.2;9396;-27.8;-2.5
JUN;199504;203;66;651.9;-9.6;75.8;8141;-18.5;-1.9
JUN;199505;263;64;655.5;-5.8;71.7;11342;-16.3;3.9
JUN;199506;280;66;657.5;-3.5;74.8;10487;-11.5;8.0
JUN;199507;285;56;663.9;2.5;74.0;15587;-4.3;10.2
JUN;199508;215;74;661.2;-1.0;83.8;8281;-11.8;9.0
JUN;199509;164;65;655.1;-5.5;82.7;7660;-15.9;1.8
JUN;199510;139;40;663.7;-1.7;55.0;11851;-7.8;7.1
JUN;199511;83;58;652.2;-10.1;70.9;6913;-24.0;-3.4
JUN;199512;56;66;647.3;-12.3;78.4;5163;-24.6;-3.9
JUN;199601;78;51;648.6;-10.9;72.3;8202;-18.8;-2.4
JUN;199602;104;66;642.6;-16.4;71.4;6315;-24.8;-6.3
JUN;199603;189;48;646.7;-14.3;64.5;11748;-25.3;-3.7
JUN;199604;233;69;652.0;-9.5;78.1;9485;-20.3;-1.8
JUN;199605;244;74;654.0;-5.6;79.8;8958;-14.8;6.1
JUN;199606;273;58;662.3;-2.3;73.3;13902;-12.9;6.7
JUN;199607;256;59;661.9;-1.3;68.2;13343;-13.5;6.3
JUN;199608;232;66;660.6;-1.7;81.0;10424;-9.5;6.1
JUN;199609;164;56;654.7;-6.0;68.4;10885;-13.1;5.2
JUN;199610;114;66;656.8;-6.0;73.8;8182;-15.1;2.0
JUN;199611;68;71;648.3;-10.8;73.3;4764;-24.2;1.5
JUN;199612;59;63;646.6;-11.6;74.3;6236;-25.3;-3.8
JUN;199701;75;50;652.5;-10.8;63.1;8273;-19.2;-0.3
JUN;199702;114;56;655.6;-10.9;63.5;8484;-21.6;-3.0
JUN;199703;163;48;657.1;-9.9;66.2;11394;-23.0;-0.4
JUN;199704;251;48;652.2;-11.0;60.5;13230;-21.4;-3.0
JUN;199705;253;65;656.2;-5.4;76.6;10485;-17.5;2.1
JUN;199706;241;80;655.9;-2.8;83.6;7112;-9.8;8.2
JUN;199707;244;71;661.4;-1.8;81.5;9076;-9.4;5.9
JUN;199708;236;66;664.0;0.7;83.5;11815;-8.9;9.1
JUN;199709;226;36;664.6;0.8;49.5;16256;-6.3;7.9
JUN;199710;136;48;656.4;-5.6;70.2;9887;-16.0;6.4
JUN;199711;80;55;648.4;-9.1;70.2;7338;-16.4;-0.5
JUN;199712;50;70;647.7;-12.7;84.6;3554;-22.2;-3.1
JUN;199801;80;46;650.8;-11.8;61.7;8942;-24.3;-1.3
JUN;199802;143;27;659.0;-7.6;42.1;12552;-20.0;2.7
JUN;199803;184;62;653.8;-11.6;67.8;9308;-26.9;3.5
JUN;199804;187;80;645.2;-11.2;80.5;6490;-22.2;0.9
JUN;199805;291;64;656.2;-4.7;71.5;13254;-11.2;5.7
JUN;199806;275;67;661.1;-1.7;73.8;10834;-15.4;12.2
JUN;199807;229;67;661.2;-0.1;76.5;10008;-9.8;8.2
JUN;199808;230;56;663.7;1.2;65.0;13675;-9.3;12.0
JUN;199809;151;72;656.3;-3.7;79.5;7055;-14.1;5.6
JUN;199810;95;80;654.6;-6.9;73.6;5038;-16.5;1.4
JUN;199811;80;57;649.2;-13.2;67.9;7168;-23.9;-1.9
JUN;199812;61;56;652.8;-12.2;56.3;6734;-23.9;-1.7
JUN;199901;69;58;650.2;-12.2;51.6;7472;-30.8;3.3
JUN;199902;83;76;645.6;-15.6;74.0;4537;-27.5;-3.8
JUN;199903;165;61;648.2;-11.9;63.2;9979;-23.4;-4.3
JUN;199904;207;78;650.7;-10.3;71.5;7771;-19.8;0.5
JUN;199905;229;73;658.1;-3.7;81.0;9115;-9.6;5.0
JUN;199906;261;70;659.8;-2.8;75.4;10937;-12.4;5.5
JUN;199907;266;68;662.2;0.4;75.9;11990;-9.2;9.5
JUN;199908;203;75;661.1;0.4;76.5;9717;-4.9;7.2
JUN;199909;165;67;659.4;-1.2;77.0;9546;-8.1;5.4
JUN;199910;132;60;657.5;-4.8;67.1;9795;-14.4;2.7
JUN;199911;74;57;652.6;-11.2;64.2;7242;-24.1;3.2
JUN;199912;46;71;647.5;-13.3;68.8;4976;-26.8;-3.4
JUN;200001;83;40;653.5;-12.6;55.9;10078;-24.4;-5.6
JUN;200002;114;64;654.2;-12.3;68.9;7130;-24.3;-2.2
JUN;200003;180;69;652.4;-11.9;66.1;7769;-22.0;-4.8
JUN;200004;202;77;648.3;-9.1;66.7;7466;-16.5;1.6
JUN;200005;272;71;658.1;-4.0;79.5;10142;-12.8;4.7
JUN;200006;301;62;663.5;-0.6;73.8;12141;-9.2;8.4
JUN;200007;257;73;658.2;-2.8;78.0;8996;-11.3;6.9
JUN;200008;252;58;664.3;0.7;71.3;12747;-6.6;8.7
JUN;200009;193;59;659.6;-1.7;69.6;11132;-10.1;9.7
JUN;200010;111;70;655.8;-5.3;72.2;6456;-16.0;3.8
JUN;200011;71;73;647.6;-10.7;75.0;4935;-17.3;0.5
JUN;200012;61;64;649.5;-10.7;65.8;5954;-24.4;1.7
JUN;200101;65;61;647.0;-12.6;69.7;6929;-22.7;-3.1
JUN;200102;95;62;649.8;-13.6;65.4;7666;-28.1;-2.7
JUN;200103;105;86;646.3;-10.4;84.8;4088;-22.7;-1.5
JUN;200104;180;78;648.7;-11.3;82.4;7191;-22.4;0.7
JUN;200105;241;68;657.9;-2.9;81.2;12047;-11.7;4.7
JUN;200106;271;62;659.5;-3.3;70.5;12213;-14.7;6.7
JUN;200107;248;67;661.7;-0.1;79.3;11189;-8.3;12.0
JUN;200108;239;60;664.1;1.4;69.9;13784;-8.5;11.5
JUN;200109;158;79;655.0;-6.5;81.7;5714;-13.7;2.6
JUN;200110;143;52;662.0;-2.1;60.8;11604;-10.2;6.6
JUN;200111;84;58;653.7;-9.8;65.8;7735;-23.0;3.1
JUN;200112;68;43;650.0;-14.0;65.0;8401;-30.7;-3.2
JUN;200201;87;37;656.7;-10.4;48.1;10854;-22.6;-2.2
JUN;200202;88;75;651.0;-11.6;76.7;4347;-24.2;0.8
JUN;200203;183;54;652.4;-10.8;68.9;12015;-21.8;-2.9
JUN;200204;242;69;650.5;-10.3;77.5;10768;-19.8;-0.8
JUN;200205;244;70;654.9;-5.5;76.3;10703;-14.6;3.3
JUN;200206;290;66;662.4;-0.1;72.8;13686;-10.2;11.8
JUN;200207;258;66;661.0;-0.1;77.5;12017;-8.2;8.9
JUN;200208;216;71;660.5;-0.6;80.8;10041;-6.0;6.7
JUN;200209;188;64;658.2;-3.7;73.1;9428;-14.4;6.1
JUN;200210;116;66;655.3;-5.5;62.6;8144;-16.4;3.6
JUN;200211;58;79;648.9;-9.7;77.8;3277;-20.4;-1.2
JUN;200212;58;64;650.3;-10.7;68.8;5502;-18.5;-2.0
JUN;200301;69;54;646.3;-14.1;62.8;6641;-28.4;-3.4
JUN;200302;141;34;647.6;-16.0;54.8;10943;-27.3;-7.4
JUN;200303;214;43;655.9;-9.5;49.6;14800;-19.5;1.9
JUN;200304;245;61;651.7;-9.6;60.6;12917;-24.4;1.3
JUN;200305;248;77;659.2;-4.1;77.9;10226;-16.5;5.5
JUN;200306;300;66;664.9;2.2;74.4;13420;-3.0;10.6
JUN;200307;264;67;663.4;1.0;72.4;11818;-6.3;9.1
JUN;200308;237;57;666.5;3.0;73.1;14018;-8.1;12.0
JUN;200309;208;55;662.0;-1.7;62.1;13198;-10.5;8.9
JUN;200310;124;59;651.3;-7.3;60.9;9007;-20.1;5.0
JUN;200311;76;61;654.7;-7.1;67.9;6619;-16.9;4.5
JUN;200312;55;63;651.4;-11.2;70.2;6250;-27.6;-2.8
JUN;200401;57;83;644.2;-13.9;76.0;3164;-26.2;-2.9
JUN;200402;117;65;650.4;-12.4;60.0;8560;-27.0;0.7
JUN;200403;186;60;651.3;-12.0;65.9;9616;-23.5;2.0
JUN;200404;215;76;649.5;-9.3;73.8;8690;-19.3;2.7
JUN;200405;276;68;653.6;-6.3;70.5;11359;-15.1;3.4
JUN;200406;269;72;660.9;-2.0;74.0;10066;-9.4;7.7
JUN;200407;239;69;662.2;-0.1;76.0;9968;-9.5;7.9
JUN;200408;211;74;661.4;0.7;78.2;9482;-6.8;9.6
JUN;200409;198;59;662.8;-0.7;64.5;11448;-13.1;9.0
JUN;200410;107;79;655.5;-3.9;76.6;5889;-15.6;4.3
JUN;200411;76;67;653.2;-9.7;66.7;6481;-22.5;-2.0
JUN;200412;66;51;651.8;-10.4;58.1;7939;-22.6;1.2
JUN;200501;79;50;651.8;-13.2;56.5;8893;-29.5;0.3
JUN;200502;121;55;643.3;-17.8;70.5;7673;-27.3;0.0
JUN;200503;205;53;649.9;-11.6;63.9;12403;-26.8;3.0
JUN;200504;226;75;651.1;-8.7;74.0;9585;-17.7;3.1
JUN;200505;271;71;657.6;-4.3;73.8;11516;-16.0;8.9
JUN;200506;295;63;662.6;-0.4;70.2;13463;-12.2;11.8
JUN;200507;238;75;661.8;0.1;82.3;8855;-8.1;12.7
JUN;200508;227;64;660.8;-1.0;77.5;10966;-10.6;9.0
JUN;200509;193;60;661.2;-1.1;76.1;10462;-11.3;7.9
JUN;200510;134;49;660.6;-2.0;57.5;10917;-11.2;6.4
JUN;200511;90;51;651.3;-10.4;65.6;8618;-22.9;0.9
JUN;200512;61;56;647.0;-14.0;69.9;6778;-29.1;-4.4
JUN;200601;84;41;651.2;-12.9;57.8;10150;-26.0;-1.2
JUN;200602;109;65;644.9;-14.1;72.8;6580;-22.9;-0.6
JUN;200603;164;70;644.8;-12.8;80.1;7579;-29.6;-0.9
JUN;200604;233;71;651.5;-8.9;78.5;9495;-19.1;-0.8
JUN;200605;217;87;657.1;-5.0;84.9;6667;-15.2;2.9
JUN;200606;287;59;663.1;-1.0;71.0;11907;-16.3;9.7
JUN;200607;281;48;667.1;2.8;76.1;14418;-2.5;9.7
JUN;200608;205;75;657.2;-3.4;85.4;6498;-11.6;2.8
JUN;200609;198;61;662.1;0.1;73.2;11162;-6.8;8.5
JUN;200610;130;59;659.3;-2.3;64.1;8973;-11.4;5.9
JUN;200611;80;54;656.8;-7.9;65.5;6930;-20.9;1.5
JUN;200612;70;37;657.8;-9.3;50.8;8873;-18.3;-0.2
JUN;200701;67;69;654.2;-10.6;72.1;5799;-25.1;-0.4
JUN;200702;110;58;649.1;-10.3;63.4;7080;-17.7;0.3
JUN;200703;188;65;649.3;-12.5;70.2;10049;-23.2;-3.8
JUN;200704;282;45;658.2;-5.7;68.2;14761;-14.8;4.1
JUN;200705;253;76;655.0;-4.9;81.9;8112;-14.1;6.9
JUN;200706;290;71;658.7;-1.4;83.1;10067;-9.9;7.0
JUN;200707;255;69;661.1;-1.0;81.0;9462;-10.5;8.7
JUN;200708;238;69;660.7;-0.2;79.4;10642;-7.7;8.7
JUN;200709;220;48;659.7;-4.1;67.6;12282;-13.5;6.0
JUN;200710;149;45;659.1;-4.5;52.9;10688;-21.7;5.7
JUN;200711;80;56;652.2;-10.2;65.5;6455;-24.4;3.7
JUN;200712;65;50;653.3;-12.6;59.8;8070;-20.5;-0.1
JUN;200801;72;66;654.3;-10.3;60.3;6822;-19.7;1.3
JUN;200802;133;42;657.7;-9.5;54.0;10309;-19.8;0.5
JUN;200803;173;76;643.4;-14.1;76.6;7147;-25.1;-3.3
JUN;200804;226;78;647.9;-11.1;76.6;6727;-24.4;-2.0
JUN;200805;275;78;655.8;-4.5;80.9;9000;-14.1;4.8
JUN;200806;301;65;660.6;-0.7;79.9;9964;-10.8;10.1
JUN;200807;262;63;661.8;-0.2;75.2;10576;-8.6;8.8
JUN;200808;247;62;661.8;0.6;69.1;12615;-8.0;9.6
JUN;200809;196;58;658.2;-3.5;63.0;11351;-14.0;5.4
JUN;200810;132;61;657.8;-4.5;67.9;8263;-16.4;3.3
JUN;200811;77;71;650.1;-10.9;79.4;5391;-24.2;-0.7
JUN;200812;56;69;648.8;-13.4;74.8;4454;-21.6;-5.0
JUN;200901;85;46;645.7;-13.9;55.2;8561;-22.8;-2.0
JUN;200902;110;74;644.3;-16.1;78.3;4996;-26.5;-0.8
JUN;200903;173;71;647.8;-12.8;67.1;7368;-23.1;-2.3
JUN;200904;235;73;652.1;-8.9;82.7;7491;-15.4;-1.6
JUN;200905;267;69;660.3;-3.7;74.0;9644;-12.8;6.4
JUN;200906;290;77;659.2;-2.5;78.3;8856;-10.6;6.4
JUN;200907;259;63;662.7;0.2;73.5;9653;-9.4;10.2
JUN;200908;259;46;665.2;2.1;67.2;13521;-4.7;9.5
JUN;200909;208;50;662.4;-1.2;68.6;12528;-11.1;7.3
JUN;200910;134;57;656.7;-6.1;63.6;9461;-18.7;3.6
JUN;200911;71;67;651.2;-8.4;64.7;4725;-17.0;1.6
JUN;200912;59;71;642.4;-14.7;68.3;3915;-29.8;-5.3
JUN;201001;78;59;643.2;-15.7;62.0;6523;-29.0;-6.4
JUN;201002;118;65;639.5;-15.2;68.0;6632;-26.5;-5.6
JUN;201003;168;75;648.9;-13.5;64.8;7452;-26.6;0.7
JUN;201004;272;65;654.0;-9.4;65.0;12228;-21.0;4.9
JUN;201005;269;82;652.7;-6.6;85.0;5419;-14.3;2.7
JUN;201006;291;71;658.8;-1.3;80.0;9815;-11.4;9.1
JUN;201007;273;66;664.5;1.5;75.2;10951;-7.5;11.0
JUN;201008;224;70;661.1;-0.8;78.9;8270;-12.2;9.1
JUN;201009;207;56;658.0;-3.3;67.4;10504;-12.7;4.8
JUN;201010;144;57;654.1;-5.3;61.6;9303;-17.7;5.1
JUN;201011;82;79;645.2;-11.5;73.7;4431;-25.5;0.9
JUN;201012;59;73;643.4;-15.2;73.0;4134;-28.1;-3.1
JUN;201101;87;46;650.0;-12.9;58.6;8714;-25.5;0.7
JUN;201102;126;56;651.1;-11.9;58.2;7626;-22.5;-0.6
JUN;201103;195;55;654.0;-10.4;62.0;11489;-17.9;-0.4
JUN;201104;279;53;656.6;-6.8;59.7;14115;-19.9;3.3
JUN;201105;284;64;660.0;-4.2;72.3;11128;-15.4;8.2
JUN;201106;271;80;660.8;-1.5;82.1;7430;-10.3;9.6
JUN;201107;271;66;658.4;-2.0;77.8;9121;-12.3;8.0
JUN;201108;236;55;663.6;1.4;69.3;11459;-8.6;11.6
JUN;201109;205;47;663.4;0.3;62.9;13400;-13.1;8.8
JUN;201110;150;43;660.2;-3.7;48.6;12397;-17.2;6.6
JUN;201111;96;42;658.6;-5.3;46.2;10440;-9.9;1.5
JUN;201112;45;80;651.0;-12.4;75.2;3279;-24.7;-0.8
JUN;201201;65;68;652.2;-13.1;74.3;5165;-23.6;-4.0
JUN;201202;135;47;649.2;-15.9;61.5;9722;-28.7;0.8
JUN;201203;217;41;659.1;-8.9;53.8;14442;-23.0;2.3
JUN;201204;235;83;645.7;-10.2;80.0;5523;-20.2;0.6
JUN;201205;283;68;657.0;-5.3;76.8;9746;-18.6;5.1
JUN;201206;275;61;660.8;-0.7;75.5;10256;-9.6;9.3
JUN;201207;250;60;662.2;-0.3;78.6;9482;-8.9;9.2
JUN;201208;238;54;665.0;1.8;68.6;11469;-9.1;12.8
JUN;201209;200;59;660.2;-1.6;66.5;10391;-12.5;7.8
JUN;201210;134;58;655.4;-4.6;65.2;8584;-22.3;5.1
JUN;201211;86;64;652.2;-7.3;56.3;7161;-21.1;3.2
JUN;201212;53;79;647.5;-14.3;74.8;3600;-24.8;-0.9
JUN;201301;86;64;647.1;-13.6;63.5;7024;-27.7;-3.5
JUN;201302;128;68;641.9;-18.8;75.3;6155;-28.0;-7.3
JUN;201303;176;68;642.4;-13.8;71.1;6787;-28.6;-5.7
JUN;201304;242;72;652.2;-7.7;72.8;10197;-17.1;4.6
JUN;201305;278;85;650.9;-8.0;89.4;4537;-17.8;1.0
JUN;201306;298;70;660.1;-3.2;80.7;10002;-11.3;7.6
JUN;201307;302;51;665.5;1.7;68.5;14217;-4.6;10.8
JUN;201308;254;53;663.7;0.7;69.8;12539;-8.1;11.9
JUN;201309;194;67;660.2;-1.8;73.1;9982;-13.6;9.6
JUN;201310;133;72;658.5;-4.1;73.4;7693;-16.8;3.8
JUN;201311;80;63;650.1;-10.0;63.3;5740;-20.7;2.8
JUN;201312;71;39;656.4;-9.6;45.6;8859;-19.5;0.1
JUN;201401;68;74;646.6;-12.3;73.2;3996;-22.5;-3.0
JUN;201402;108;75;645.7;-12.9;69.3;5800;-20.5;-4.1
JUN;201403;212;53;652.5;-9.4;48.1;13788;-21.4;0.5
JUN;201404;252;65;652.7;-8.2;73.9;10475;-18.4;0.2
JUN;201405;282;77;655.1;-6.9;77.8;7541;-14.9;1.6
JUN;201406;291;67;660.8;-1.8;75.7;10894;-8.8;10.4
JUN;201407;253;76;660.5;-0.6;84.7;7588;-7.9;9.0
JUN;201408;222;74;659.8;-1.5;77.0;7348;-8.6;5.6
JUN;201409;204;59;661.0;-1.7;74.3;10934;-10.6;4.5
JUN;201410;129;60;659.6;-3.5;68.4;8308;-17.8;4.5
JUN;201411;80;77;652.2;-7.2;81.6;5421;-14.9;-1.0
JUN;201412;66;64;652.3;-11.9;64.6;5287;-24.9;-2.3
JUN;201501;70;72;649.9;-13.4;64.7;5283;-24.2;-2.3
JUN;201502;122;57;646.8;-14.1;64.7;6960;-22.7;-3.9
JUN;201503;172;64;653.0;-10.6;69.3;9039;-22.8;0.5
JUN;201504;257;62;656.0;-8.4;60.9;11433;-19.7;2.3
JUN;201505;292;74;657.5;-4.2;69.8;10462;-14.9;3.7
JUN;201506;300;67;662.8;-1.0;79.4;11240;-8.7;9.4
JUN;201507;325;46;665.6;3.5;62.8;15300;-5.8;11.0
JUN;201508;250;56;663.9;1.9;75.2;12050;-4.7;10.1
JUN;201509;196;57;658.4;-3.8;71.7;10290;-11.7;4.7
JUN;201510;140;57;656.4;-5.4;65.7;9431;-14.0;4.6
JUN;201511;93;51;658.4;-7.0;58.7;8837;-23.3;3.7
JUN;201512;74;37;663.3;-6.2;49.6;9461;-14.9;2.1
JUN;201601;65;77;648.7;-12.5;70.0;4215;-27.0;-0.7
JUN;201602;99;74;647.2;-12.7;73.9;4445;-22.0;-1.8
JUN;201603;197;50;647.3;-12.8;62.9;11331;-22.2;-4.2
JUN;201604;231;72;650.7;-9.0;73.3;7460;-21.7;2.0
JUN;201605;280;77;654.3;-6.3;79.5;8377;-14.7;3.1
JUN;201606;299;74;659.3;-1.9;82.7;8298;-8.6;9.3
JUN;201607;292;52;664.6;1.0;71.6;12037;-10.0;9.3
JUN;201608;261;54;665.6;1.2;72.1;12607;-10.2;11.4
JUN;201609;218;53;663.2;-0.5;68.9;12575;-8.0;7.6
JUN;201610;142;54;657.7;-5.8;57.7;9832;-15.3;2.1
JUN;201611;78;67;651.9;-9.3;69.7;5570;-20.6;1.0
JUN;201612;77;34;661.4;-7.4;38.1;10729;-20.0;1.1
JUN;201701;80;52;649.8;-15.1;65.1;8068;-27.8;-6.0
JUN;201702;123;61;652.0;-11.1;66.7;7125;-19.7;-3.6
JUN;201703;177;70;654.3;-8.7;69.8;9008;-19.3;1.6
JUN;201704;262;57;654.3;-9.6;69.4;11350;-21.4;-1.0
JUN;201705;301;60;658.3;-4.3;71.3;11211;-15.3;5.9
JUN;201706;298;57;662.6;1.2;73.9;11143;-10.2;9.5
JUN;201707;247;66;663.2;0.7;80.1;7577;-6.4;9.2
JUN;201708;214;64;665.1;1.6;76.7;9215;-7.1;9.7
JUN;201709;193;69;657.7;-4.7;77.7;8882;-12.4;4.6
JUN;201710;143;47;661.7;-3.8;58.2;10216;-14.3;6.6
JUN;201711;82;69;651.7;-10.1;65.8;5958;-23.6;1.5
JUN;201712;58;60;648.9;-13.6;69.2;5481;-25.7;-1.3
JUN;201801;58;69;650.3;-11.2;76.6;4938;-20.9;-2.7
JUN;201802;117;51;642.5;-16.9;70.9;6573;-28.1;-4.5
JUN;201803;168;75;641.5;-12.5;73.3;6017;-24.2;-4.1
JUN;201804;254;64;655.0;-5.9;63.9;11052;-17.9;4.8
JUN;201805;254;81;657.3;-3.5;88.7;6919;-10.9;6.9
JUN;201806;305;57;661.2;-0.2;73.5;11451;-6.8;9.7
JUN;201807;285;57;663.5;1.4;77.0;11773;-4.2;11.0
JUN;201808;246;57;664.8;2.0;76.0;12251;-11.0;10.8
JUN;201809;219;47;664.6;0.4;65.9;13473;-9.6;10.8
JUN;201810;131;58;658.6;-3.5;67.6;9404;-13.6;4.7
JUN;201811;75;70;653.4;-8.3;74.5;4291;-20.0;1.4
JUN;201812;54;62;653.9;-10.9;67.9;5265;-20.9;-1.4