stn;time;gre000m0;hto000m0;nto000m0;prestam0;sre000m0;rre150m0;tre200mn;tre200m0;tre200mx;ure200m0
GVE;195001;-;-;-;969.9;-;88.0;0.0;-;5.1;-
GVE;195002;-;-;-;966.2;-;63.0;0.0;-;1.4;-
GVE;195003;-;-;-;969.1;-;8.0;0.0;-;1.8;-
GVE;195004;-;-;-;961.2;-;48.6;0.1;-;2.4;-
GVE;195005;-;-;-;965.9;-;50.0;0.4;-;3.0;-
GVE;195006;-;-;-;968.8;-;38.0;0.8;-;3.7;-
GVE;195007;-;-;-;966.9;-;45.0;0.9;-;3.7;-
GVE;195008;-;-;-;965.7;-;101.6;0.7;-;3.1;-
GVE;195009;-;-;-;967.4;-;129.0;0.3;-;2.8;-
GVE;195010;-;-;-;969.7;-;22.0;0.0;-;2.1;-
GVE;195011;-;-;-;963.8;-;317.3;0.0;-;1.4;-
GVE;195012;-;-;-;958.9;-;41.9;0.0;-;5.2;-
GVE;195101;-;-;-;963.4;-;67.1;0.0;-;9.8;-
GVE;195102;-;-;-;959.2;-;109.1;0.0;-;11.5;-
GVE;195103;-;-;-;960.1;-;105.4;0.1;-;19.9;-
GVE;195104;-;-;-;966.2;-;43.6;0.2;-;23.0;-
GVE;195105;-;-;-;961.4;-;93.0;1.6;-;27.6;-
GVE;195106;-;-;-;966.9;-;69.5;7.4;-;31.2;-
GVE;195107;-;-;-;968.8;-;59.4;7.0;-;32.0;-
GVE;195108;-;-;-;965.9;-;92.3;7.5;-;29.9;-
GVE;195109;-;-;-;968.0;-;54.7;3.1;-;28.4;-
GVE;195110;-;-;-;967.2;-;61.1;0.0;-;20.6;-
GVE;195111;-;-;-;961.6;-;137.8;0.4;-;15.4;-
GVE;195112;-;-;-;971.5;-;39.1;0.2;-;-;-
GVE;195201;-;-;-;965.1;-;74.1;0.0;-;-;-
GVE;195202;-;-;-;967.4;-;35.0;0.0;-;9.7;-
GVE;195203;-;-;-;962.7;-;96.9;2.0;-;19.0;-
GVE;195204;-;-;-;966.0;-;39.8;0.5;-;24.0;-
GVE;195205;-;-;-;966.2;-;58.1;3.0;-;25.7;-
GVE;195206;-;-;-;968.7;-;80.3;7.1;-;32.5;-
GVE;195207;-;-;-;967.8;-;21.2;7.2;-;36.8;-
GVE;195208;-;-;-;965.8;-;101.9;6.5;-;34.2;-
GVE;195209;-;-;-;965.7;-;96.5;0.1;-;25.2;-
GVE;195210;-;-;-;965.9;-;187.2;0.1;-;18.6;-
GVE;195211;-;-;-;963.6;-;185.5;0.0;-;15.5;-
GVE;195212;-;-;-;963.4;-;102.1;0.0;-;-;-
GVE;195301;-;-;-;-;-;1.6;0.8;-;-;-
GVE;195302;-;-;-;-;-;23.5;0.0;-;-;-
GVE;195303;-;-;-;-;-;1.3;-5.4;-;21.3;-
GVE;195304;-;-;-;-;-;39.7;-1.3;-;25.2;-
GVE;195305;-;-;-;-;-;36.4;-1.3;-;31.6;-
GVE;195306;-;-;-;-;-;195.9;2.2;-;28.4;-
GVE;195307;-;-;-;-;-;29.2;6.2;-;31.7;-
GVE;195308;-;-;-;-;-;36.1;6.7;-;32.6;-
GVE;195309;-;-;-;-;-;116.0;4.4;-;30.5;-
GVE;195310;-;-;-;-;-;50.7;-1.5;-;20.9;-
GVE;195311;-;-;-;-;-;30.0;-2.7;-;14.4;-
GVE;195312;-;-;-;-;-;17.6;-4.8;-;14.2;-
GVE;195401;-;-;-;-;-;53.9;-11.3;-0.8;11.6;-
GVE;195402;-;-;-;-;-;67.4;-12.2;0.1;11.3;-
GVE;195403;-;-;-;-;-;36.9;-5.8;6.3;18.5;-
GVE;195404;-;-;-;-;-;60.1;-2.5;7.7;20.7;-
GVE;195405;-;-;-;-;-;30.1;-0.6;12.5;26.2;-
GVE;195406;-;-;-;-;-;52.8;5.6;17.2;30.0;-
GVE;195407;-;-;-;-;-;60.7;3.6;16.9;30.1;-
GVE;195408;-;-;-;-;-;218.8;6.1;17.0;31.9;-
GVE;195409;-;-;-;-;-;89.9;0.5;15.4;27.3;-
GVE;195410;-;-;-;-;-;78.0;-1.0;10.1;22.6;-
GVE;195411;-;-;-;-;-;102.2;-3.6;6.3;16.3;-
GVE;195412;-;-;-;-;-;141.7;-2.5;3.4;10.8;-
GVE;195501;-;-;-;-;-;149.9;-5.8;2.3;14.2;-
GVE;195502;-;-;-;-;-;164.2;-8.4;1.8;11.8;-
GVE;195503;-;-;-;-;-;29.9;-7.2;3.7;21.4;-
GVE;195504;-;-;-;-;-;2.7;-1.7;10.0;25.8;-
GVE;195505;-;-;-;-;-;93.7;0.2;13.0;26.6;-
GVE;195506;-;-;-;-;-;91.2;3.4;16.6;29.0;-
GVE;195507;-;-;-;-;-;68.5;6.9;18.9;32.4;-
GVE;195508;-;-;-;-;-;122.4;5.8;17.8;28.1;-
GVE;195509;-;-;-;-;-;48.0;5.4;14.6;25.4;-
GVE;195510;-;-;-;-;-;53.7;-3.7;8.6;18.5;-
GVE;195511;-;-;-;-;-;50.5;-9.4;4.2;13.0;-
GVE;195512;-;-;-;-;-;94.3;-5.4;4.3;12.2;-
GVE;195601;-;-;-;-;-;115.9;-4.4;3.0;11.7;-
GVE;195602;-;-;-;-;-;4.1;-21.0;-6.7;9.1;-
GVE;195603;-;-;-;-;-;25.5;-6.4;5.1;18.6;-
GVE;195604;-;-;-;-;-;91.0;-4.6;7.7;19.7;-
GVE;195605;-;-;-;-;-;98.2;0.6;14.0;25.8;-
GVE;195606;-;-;-;-;-;52.0;3.6;14.8;26.8;-
GVE;195607;-;-;-;-;-;80.9;6.8;18.0;29.3;-
GVE;195608;-;-;-;-;-;140.6;6.5;16.3;30.3;-
GVE;195609;-;-;-;-;-;151.2;6.9;16.0;25.5;-
GVE;195610;-;-;-;-;-;79.7;-1.0;8.3;22.2;-
GVE;195611;-;-;-;-;-;16.6;-3.5;3.5;11.3;-
GVE;195612;-;-;-;-;-;22.5;-8.0;2.0;15.2;-
GVE;195701;-;-;-;-;-;23.0;-9.6;-1.3;11.6;-
GVE;195702;-;-;-;-;-;148.9;-4.4;5.0;15.7;-
GVE;195703;-;-;-;-;-;16.3;-4.2;8.5;21.3;-
GVE;195704;-;-;-;-;-;29.9;-3.6;9.3;21.4;-
GVE;195705;-;-;-;-;-;32.3;-2.0;11.3;25.0;-
GVE;195706;-;-;-;-;-;156.6;5.7;16.9;31.0;-
GVE;195707;-;-;-;-;-;88.3;6.2;18.8;33.4;-
GVE;195708;-;-;-;-;-;63.0;4.6;17.5;30.4;-
GVE;195709;-;-;-;-;-;56.7;1.4;14.4;28.3;-
GVE;195710;-;-;-;-;-;34.5;-2.2;8.9;21.8;-
GVE;195711;-;-;-;-;-;50.7;-2.4;5.9;17.5;-
GVE;195712;-;-;-;-;-;33.6;-7.3;1.2;10.0;-
GVE;195801;-;-;84;966.3;1488;77.9;-11.8;0.6;11.8;-
GVE;195802;-;-;75;966.1;5166;104.2;-6.0;4.6;19.0;-
GVE;195803;-;-;64;960.4;8574;50.8;-5.8;2.8;16.8;-
GVE;195804;-;-;64;964.2;9690;39.1;-2.5;6.8;20.5;-
GVE;195805;-;-;62;967.7;12876;83.0;3.0;15.1;27.5;-
GVE;195806;-;-;57;965.5;14892;137.2;4.4;15.7;26.0;-
GVE;195807;-;-;53;966.9;15654;56.3;9.4;18.7;30.3;-
GVE;195808;-;-;56;966.3;15252;150.0;8.2;18.6;32.9;-
GVE;195809;-;-;52;968.8;12228;97.2;5.0;16.7;27.0;-
GVE;195810;-;-;73;972.0;5238;78.4;-0.5;8.9;18.6;-
GVE;195811;-;-;92;968.9;1002;40.3;-1.8;5.0;11.7;-
GVE;195812;-;-;84;959.4;1794;77.7;-4.5;3.5;11.1;-
GVE;195901;-;-;65;966.3;5076;69.5;-9.3;1.4;14.4;76.0
GVE;195902;-;-;35;978.9;10158;0.0;-4.7;1.7;15.3;77.8
GVE;195903;-;-;66;965.5;8130;136.6;-1.9;7.7;17.2;76.4
GVE;195904;-;-;53;962.3;11910;78.8;-1.9;9.6;21.8;69.2
GVE;195905;-;-;48;964.2;16632;10.4;1.6;13.8;23.9;71.8
GVE;195906;-;-;53;968.7;15366;61.3;2.6;17.5;28.0;69.9
GVE;195907;-;-;36;967.8;19200;41.0;9.6;20.6;31.7;71.5
GVE;195908;-;-;38;967.7;16584;53.5;7.1;18.1;28.5;75.7
GVE;195909;-;-;49;968.3;11130;101.0;5.9;16.2;28.1;79.7
GVE;195910;-;-;58;968.8;7992;95.4;0.0;9.6;20.2;88.3
GVE;195911;-;-;83;964.9;2382;87.1;-1.8;3.5;10.4;90.8
GVE;195912;-;-;79;960.0;3018;132.3;-4.7;3.4;11.7;88.3
GVE;196001;-;-;71;965.7;4116;131.4;-13.8;0.4;11.6;86.7
GVE;196002;-;-;69;961.9;6588;138.0;-8.0;2.6;15.8;84.0
GVE;196003;-;-;65;960.6;8766;94.0;-3.0;6.6;17.2;77.3
GVE;196004;-;-;50;965.9;14322;7.6;-1.0;9.2;21.3;65.7
GVE;196005;-;-;45;965.9;18018;50.2;-0.8;14.4;28.0;66.7
GVE;196006;-;-;48;968.0;17508;72.2;4.7;17.7;30.9;67.8
GVE;196007;-;-;58;966.5;13572;122.4;6.0;16.6;28.6;70.0
GVE;196008;-;-;56;965.5;14070;127.2;6.6;17.0;29.1;74.1
GVE;196009;-;-;59;965.9;8052;196.6;2.4;12.7;24.6;83.1
GVE;196010;-;-;76;959.1;5790;148.5;-1.3;9.1;19.3;83.4
GVE;196011;-;-;73;963.5;4272;153.5;-3.1;6.5;15.6;82.9
GVE;196012;-;-;85;960.2;2472;60.7;-8.9;1.5;13.8;82.4
GVE;196101;-;-;86;965.7;2106;84.6;-3.9;1.6;11.6;84.8
GVE;196102;-;-;69;974.6;5832;65.6;-3.0;4.6;18.2;82.5
GVE;196103;-;-;29;974.5;15042;11.1;-4.1;6.3;20.6;70.8
GVE;196104;-;-;66;961.5;9654;86.4;0.5;11.6;25.0;74.3
GVE;196105;-;-;56;965.2;13614;26.0;0.6;12.3;25.3;68.9
GVE;196106;-;-;53;967.2;14262;43.1;4.8;17.2;31.1;69.9
GVE;196107;-;-;48;967.8;15672;98.7;6.0;17.5;31.0;68.4
GVE;196108;-;-;39;970.0;16872;68.7;5.2;17.4;30.2;70.1
GVE;196109;-;-;44;969.0;12918;25.8;6.6;17.7;29.6;74.1
GVE;196110;-;-;66;965.6;6432;68.5;0.3;10.9;21.3;81.7
GVE;196111;-;-;80;962.4;3354;64.4;-2.3;4.9;15.4;80.9
GVE;196112;-;-;76;964.9;3666;148.6;-7.5;3.0;16.1;81.9
GVE;196201;-;-;74;969.3;4590;102.0;-7.9;2.9;13.2;79.6
GVE;196202;-;0;71;970.3;5394;81.5;-7.9;1.3;10.9;75.2
GVE;196203;-;0;60;958.9;8850;143.4;-6.6;2.7;14.3;68.9
GVE;196204;-;0;55;964.6;12408;54.8;-2.9;8.8;23.4;65.8
GVE;196205;-;0;64;965.9;13044;74.3;-2.1;11.8;27.8;67.6
GVE;196206;-;0;39;969.4;20430;31.8;1.3;15.9;32.1;61.4
GVE;196207;-;0;46;967.0;15948;13.6;3.0;18.0;34.5;60.1
GVE;196208;-;0;30;968.4;20466;28.5;8.2;20.1;34.0;56.7
GVE;196209;-;0;45;967.3;12582;54.1;1.2;15.0;32.6;69.0
GVE;196210;-;0;58;968.9;8220;34.2;-0.6;10.2;24.3;79.4
GVE;196211;-;0;70;961.9;4572;32.0;-7.0;3.0;17.0;82.1
GVE;196212;-;0;89;965.3;1128;131.1;-11.9;-1.2;10.7;82.8
GVE;196301;-;10;75;964.7;3612;47.0;-18.9;-4.3;7.8;79.3
GVE;196302;-;3;73;957.6;4314;67.1;-18.2;-2.7;6.8;76.9
GVE;196303;-;0;64;965.3;8436;141.3;-8.7;4.1;15.0;74.0
GVE;196304;-;0;68;961.6;9726;81.0;-1.6;9.6;21.6;70.2
GVE;196305;-;0;55;965.5;14334;51.3;0.5;12.4;23.4;67.9
GVE;196306;-;0;66;964.3;11466;170.2;8.6;15.9;29.2;73.4
GVE;196307;-;0;43;967.6;18498;33.4;8.3;19.3;30.2;67.7
GVE;196308;-;0;59;964.3;12324;202.0;5.9;16.4;29.2;72.4
GVE;196309;-;0;58;967.8;9108;37.7;3.1;14.7;24.7;77.9
GVE;196310;-;0;53;970.2;9750;32.7;0.3;9.1;22.0;79.7
GVE;196311;-;0;75;961.5;4314;228.0;-2.8;7.6;16.3;79.6
GVE;196312;-;0;86;965.7;1716;5.7;-10.6;-1.0;8.3;80.0
GVE;196401;-;7;95;977.6;768;25.7;-6.7;-1.6;4.5;84.0
GVE;196402;-;0;59;965.7;8040;29.4;-6.8;3.3;14.9;73.7
GVE;196403;-;0;81;960.3;4152;182.3;-4.0;4.4;11.8;77.8
GVE;196404;-;0;61;964.3;10806;65.2;-1.3;9.7;21.5;68.3
GVE;196405;-;0;59;967.8;13896;35.9;2.7;14.3;27.6;68.5
GVE;196406;-;0;48;966.4;16320;64.5;7.3;17.5;29.9;65.3
GVE;196407;-;0;33;968.6;20838;91.5;7.4;20.2;33.1;58.2
GVE;196408;-;0;45;966.6;15414;59.5;7.2;17.9;31.8;63.0
GVE;196409;-;0;45;970.6;12012;63.7;2.1;15.2;28.2;72.4
GVE;196410;-;0;75;965.9;5328;100.8;0.3;9.0;21.5;73.8
GVE;196411;-;0;81;969.9;2820;53.6;-1.2;5.7;15.8;81.5
GVE;196412;-;2;88;965.2;672;30.3;-17.0;0.4;8.9;85.0
GVE;196501;-;4;75;963.5;3174;75.0;-10.8;0.7;11.1;87.0
GVE;196502;-;0;43;969.4;8724;6.4;-11.4;-1.0;9.4;74.3
GVE;196503;-;4;59;966.4;8712;129.8;-13.3;4.1;18.7;78.7
GVE;196504;-;0;68;962.9;8346;73.5;-1.2;7.7;19.7;74.8
GVE;196505;-;0;61;965.4;13176;107.4;1.2;12.5;27.0;72.1
GVE;196506;-;0;58;966.4;12954;52.9;3.1;16.7;32.2;72.6
GVE;196507;-;0;59;965.9;13668;136.3;4.0;17.2;29.2;70.9
GVE;196508;-;0;55;966.6;13458;146.7;5.9;16.6;30.0;74.2
GVE;196509;-;0;64;964.0;8448;209.8;4.3;12.5;25.2;81.3
GVE;196510;-;0;71;970.0;4752;34.6;0.1;9.8;19.3;86.5
GVE;196511;-;1;86;960.9;1650;136.1;-6.0;5.2;18.3;80.5
GVE;196512;-;0;80;961.9;2442;197.9;-6.2;3.3;12.9;85.1
GVE;196601;-;2;74;963.7;3498;101.3;-14.5;-0.2;13.0;80.1
GVE;196602;-;0;75;959.6;4620;133.1;-4.3;5.4;15.1;82.5
GVE;196603;-;0;55;969.7;10932;52.0;-5.2;4.4;14.7;70.2
GVE;196604;-;0;68;961.6;9696;97.6;-0.4;10.3;19.0;72.7
GVE;196605;-;0;51;967.2;15606;77.3;2.2;13.6;25.2;69.3
GVE;196606;-;0;51;966.8;15798;26.8;5.4;17.8;32.0;64.8
GVE;196607;-;0;55;965.4;15384;72.9;7.7;17.4;31.6;65.4
GVE;196608;-;0;61;965.9;12264;61.6;5.3;17.1;33.4;68.0
GVE;196609;-;0;45;968.2;12018;54.9;6.1;15.9;31.3;72.3
GVE;196610;-;0;69;960.3;6600;114.6;3.3;12.3;24.9;84.9
GVE;196611;-;0;80;964.5;3030;84.8;-4.9;3.0;12.8;86.8
GVE;196612;-;0;80;965.3;2622;152.7;-5.0;2.3;10.7;87.7
GVE;196701;-;0;74;970.2;4734;43.0;-8.1;0.8;13.3;87.4
GVE;196702;-;0;55;968.8;7308;76.2;-8.5;2.9;15.8;80.7
GVE;196703;-;0;61;970.4;8772;71.5;-3.1;6.7;17.9;73.6
GVE;196704;-;0;51;963.8;12582;14.4;-3.1;8.0;21.4;68.1
GVE;196705;-;0;65;964.2;12798;129.7;-1.2;12.3;24.6;73.0
GVE;196706;-;0;46;969.0;17268;32.1;4.0;15.7;30.0;66.8
GVE;196707;-;0;36;968.7;19410;70.9;9.3;20.2;32.6;67.0
GVE;196708;-;0;50;967.1;15018;99.6;7.1;18.0;31.7;72.2
GVE;196709;-;0;64;967.3;8670;98.7;4.0;14.2;28.5;79.1
GVE;196710;-;0;53;969.5;10374;39.2;0.4;11.9;24.2;81.3
GVE;196711;-;0;76;968.8;3870;173.1;-4.1;5.1;13.2;88.7
GVE;196712;-;0;73;969.2;3714;63.1;-13.3;-0.2;11.2;82.2
GVE;196801;-;2;76;970.2;3144;98.7;-19.9;-0.6;9.1;87.5
GVE;196802;-;0;78;963.2;4254;125.2;-6.6;2.7;10.1;85.2
GVE;196803;-;0;55;968.7;9648;39.7;-6.3;5.5;19.4;70.9
GVE;196804;-;0;54;966.2;12774;56.2;-3.0;9.8;26.8;72.1
GVE;196805;-;0;65;966.2;11502;73.0;-0.6;12.0;23.2;74.6
GVE;196806;-;0;54;968.5;15618;64.4;4.0;16.3;31.8;69.3
GVE;196807;-;0;44;970.2;17310;73.3;7.1;18.2;31.9;70.3
GVE;196808;-;0;60;966.8;10644;247.1;5.7;16.0;25.6;79.7
GVE;196809;-;0;56;967.9;10044;196.9;4.5;13.5;22.5;81.4
GVE;196810;-;0;63;971.8;8178;51.0;2.0;11.8;24.7;87.8
GVE;196811;-;0;90;964.8;1464;88.7;-3.9;4.8;14.4;90.7
GVE;196812;-;1;88;963.1;2268;120.7;-14.0;1.5;9.8;86.3
GVE;196901;-;1;80;967.0;3522;71.6;-10.9;1.3;8.8;87.8
GVE;196902;-;0;63;960.4;6426;60.5;-12.0;-0.2;10.1;77.1
GVE;196903;-;0;70;961.8;5688;67.7;-4.5;5.1;15.3;77.6
GVE;196904;-;0;63;966.8;8910;91.2;-2.7;8.6;23.0;69.2
GVE;196905;-;0;61;965.6;13650;101.3;0.7;13.6;27.5;71.2
GVE;196906;-;0;66;966.3;10548;150.4;3.9;14.2;26.1;77.1
GVE;196907;-;0;41;972.4;17196;45.4;6.3;19.3;31.3;71.3
GVE;196908;-;0;54;967.9;13794;67.6;5.0;17.7;29.6;72.2
GVE;196909;-;0;51;968.5;11580;75.0;5.5;15.3;24.3;82.1
GVE;196910;-;0;49;973.5;9348;2.0;0.0;10.3;20.1;84.3
GVE;196911;-;0;64;964.6;6060;114.8;-5.6;5.6;17.0;75.8
GVE;196912;-;0;83;964.3;1968;45.0;-7.9;-1.6;6.4;78.9
GVE;197001;-;0;81;961.8;2244;87.5;-11.2;0.3;8.1;88.6
GVE;197002;-;0;80;964.4;3366;189.9;-13.6;2.7;12.3;77.3
GVE;197003;-;1;68;963.8;7452;100.2;-11.8;2.6;13.2;72.3
GVE;197004;-;0;73;967.3;8502;144.6;-5.2;6.6;24.5;72.3
GVE;197005;-;0;56;967.3;12882;32.9;1.0;12.1;25.6;71.8
GVE;197006;-;0;55;968.6;14214;73.1;6.6;17.6;29.4;73.7
GVE;197007;-;0;49;969.0;16212;20.3;5.7;18.6;32.3;67.0
GVE;197008;-;0;51;967.7;14034;91.7;5.8;18.5;32.5;74.1
GVE;197009;-;0;34;971.1;13938;31.2;3.4;15.3;29.6;74.9
GVE;197010;-;0;60;972.2;7218;84.9;-2.2;8.9;22.0;84.2
GVE;197011;-;0;70;968.8;5052;165.2;-1.5;6.3;21.3;83.6
GVE;197012;-;0;78;971.5;2472;27.8;-9.8;1.1;13.2;80.1
GVE;197101;-;4;83;965.2;2118;70.7;-16.8;-1.3;10.5;87.2
GVE;197102;-;0;59;970.3;6846;30.1;-6.4;1.7;10.2;76.2
GVE;197103;-;0;56;963.8;9108;123.9;-10.6;1.4;14.0;72.1
GVE;197104;-;0;49;962.2;13926;38.0;-1.6;11.1;23.7;65.0
GVE;197105;-;0;66;963.2;10866;51.2;1.7;14.0;25.6;75.6
GVE;197106;-;0;64;966.0;12528;115.1;6.3;15.2;26.1;73.0
GVE;197107;-;0;31;969.3;20466;9.2;5.4;20.3;34.3;63.5
GVE;197108;-;0;43;967.7;16392;86.4;9.0;20.0;33.1;68.1
GVE;197109;-;0;36;972.5;14076;29.6;0.8;14.2;24.9;73.0
GVE;197110;-;0;51;976.5;9624;32.8;-0.7;10.3;21.9;80.9
GVE;197111;-;0;73;966.1;4290;114.4;-8.5;3.6;16.5;81.8
GVE;197112;-;0;91;977.0;900;9.0;-6.1;1.2;11.4;89.8
GVE;197201;-;0;83;964.5;2502;27.6;-9.4;1.1;6.3;85.3
GVE;197202;-;0;76;962.4;4080;81.9;-5.8;3.3;12.1;83.4
GVE;197203;-;0;53;965.3;8904;47.6;-3.2;6.2;17.9;73.8
GVE;197204;-;0;69;962.7;8460;71.9;-1.8;8.5;22.8;70.0
GVE;197205;-;0;68;965.7;11010;64.8;0.7;12.5;26.0;67.8
GVE;197206;-;0;63;967.4;13044;105.4;3.4;15.3;26.6;70.5
GVE;197207;-;0;49;969.0;14646;49.7;5.2;18.3;30.9;68.5
GVE;197208;-;0;48;969.3;13950;53.5;5.4;17.6;31.1;66.5
GVE;197209;-;0;48;969.0;10698;37.4;0.2;11.9;25.4;73.0
GVE;197210;-;0;51;969.9;8160;26.9;-0.7;8.3;19.7;78.5
GVE;197211;-;0;80;971.3;3516;145.6;-6.3;6.3;17.3;82.8
GVE;197212;-;0;83;974.9;2370;76.3;-5.9;1.2;11.1;88.3
GVE;197301;-;0;81;972.9;2760;31.8;-7.2;0.3;7.2;83.6
GVE;197302;-;0;75;967.0;4626;42.7;-7.2;1.1;11.5;76.1
GVE;197303;-;0;48;972.3;11388;6.5;-8.9;4.0;17.2;65.5
GVE;197304;-;0;61;966.0;10644;63.7;-3.5;6.6;20.8;64.6
GVE;197305;-;0;61;968.5;12480;90.2;1.6;13.9;26.6;71.3
GVE;197306;-;0;54;969.5;13932;121.7;5.9;17.0;28.1;72.4
GVE;197307;-;0;53;966.8;14472;135.0;7.1;18.3;29.8;71.5
GVE;197308;-;0;48;971.0;13266;54.9;9.4;19.5;30.4;75.7
GVE;197309;-;0;43;969.8;12144;86.7;3.2;15.4;29.6;76.7
GVE;197310;-;0;61;971.3;6924;55.3;-1.7;8.6;19.0;80.6
GVE;197311;-;0;56;974.9;6726;52.5;-9.8;4.1;16.0;81.4
GVE;197312;-;1;73;968.6;3276;52.9;-11.1;0.8;10.4;80.4
GVE;197401;-;0;79;973.2;2832;73.8;-5.0;3.2;14.2;87.0
GVE;197402;-;0;85;963.1;2220;75.7;-3.5;4.4;16.7;77.1
GVE;197403;-;0;76;965.6;5106;40.7;-4.9;7.3;20.0;73.4
GVE;197404;-;0;46;962.9;12678;31.9;-1.8;9.0;19.8;65.5
GVE;197405;-;0;64;965.9;10668;119.9;1.6;12.2;25.1;71.6
GVE;197406;-;0;54;967.4;12756;123.0;4.3;15.2;27.8;71.7
GVE;197407;-;0;43;970.8;17046;37.4;5.8;18.2;30.3;66.0
GVE;197408;-;0;43;969.5;14430;36.5;7.2;18.9;32.9;69.5
GVE;197409;-;0;59;967.9;8982;140.3;1.8;14.1;27.3;78.8
GVE;197410;-;0;75;966.3;3570;145.8;-1.9;5.5;13.4;82.3
GVE;197411;-;0;79;969.0;1998;136.4;-3.2;5.3;17.7;83.4
GVE;197412;-;0;69;977.6;4200;57.4;-5.5;3.7;16.0;83.2
GVE;197501;-;0;79;973.4;2640;107.8;-4.4;3.5;13.0;85.7
GVE;197502;-;0;51;973.8;6960;12.3;-5.8;2.2;13.3;77.8
GVE;197503;-;0;78;960.8;4140;73.7;-4.2;4.5;14.3;76.1
GVE;197504;-;0;58;967.3;10734;58.1;-4.0;8.8;21.7;66.3
GVE;197505;-;0;68;966.0;10794;76.8;1.5;12.8;28.0;70.8
GVE;197506;-;0;55;968.8;13422;92.9;2.9;15.2;29.8;71.3
GVE;197507;-;0;36;969.4;18834;68.9;6.7;19.1;33.0;67.0
GVE;197508;-;0;58;969.7;11154;153.0;8.4;18.6;29.9;75.3
GVE;197509;-;0;61;969.9;7668;202.5;8.4;15.9;25.6;81.8
GVE;197510;-;0;71;972.9;5100;43.7;0.3;8.2;22.9;85.1
GVE;197511;-;0;81;968.8;2772;149.3;-6.4;6.0;13.9;82.1
GVE;197512;-;0;89;974.4;978;79.2;-6.0;1.3;10.3;83.0
GVE;197601;-;0;60;973.2;5082;23.9;-8.9;0.9;10.6;80.5
GVE;197602;-;1;74;970.9;3858;99.1;-7.3;1.6;11.7;84.0
GVE;197603;-;0;44;969.0;10722;20.7;-6.6;4.4;19.9;67.2
GVE;197604;-;0;41;965.2;13734;26.5;-2.6;8.6;20.9;63.5
GVE;197605;-;0;51;968.2;15630;40.9;-0.8;14.4;27.5;63.2
GVE;197606;-;0;28;970.7;20766;1.9;6.0;19.5;32.3;54.2
GVE;197607;-;0;49;968.6;15492;93.8;8.1;20.4;35.1;62.1
GVE;197608;-;0;41;969.9;15288;78.4;7.1;17.2;28.1;69.0
GVE;197609;-;0;59;968.1;8532;234.6;4.2;12.9;23.4;81.4
GVE;197610;-;0;68;961.7;6366;91.1;1.3;10.5;23.0;86.2
GVE;197611;-;0;74;969.3;4080;152.3;-4.8;5.4;12.3;78.9
GVE;197612;-;0;83;963.1;1800;141.8;-11.1;0.8;11.2;83.8
GVE;197701;-;3;84;965.6;1926;153.3;-8.7;1.6;11.3;85.6
GVE;197702;-;0;75;964.3;3804;182.6;-7.4;5.4;16.2;81.5
GVE;197703;-;0;68;971.1;7200;77.2;-4.0;7.5;19.2;75.4
GVE;197704;-;0;74;968.0;6618;135.0;-2.0;8.1;24.0;70.8
GVE;197705;-;0;66;966.0;9228;123.6;1.6;12.0;22.5;76.5
GVE;197706;-;0;60;966.8;10998;145.3;6.0;15.4;27.0;75.0
GVE;197707;-;0;49;967.0;14754;161.3;8.6;18.2;28.6;71.8
GVE;197708;-;0;54;966.2;13290;90.4;8.6;16.8;27.2;76.4
GVE;197709;-;0;40;973.3;12162;12.8;0.8;13.6;27.0;76.5
GVE;197710;-;0;70;971.5;4938;115.7;1.2;10.9;27.3;85.5
GVE;197711;-;0;69;967.6;4992;99.0;-4.1;5.4;20.4;78.8
GVE;197712;-;0;85;972.7;1854;107.8;-2.8;2.5;13.5;85.3
GVE;197801;-;0;80;965.7;3348;125.2;-7.4;1.2;9.4;84.8
GVE;197802;-;2;79;960.0;3210;133.1;-13.0;2.0;11.4;82.2
GVE;197803;-;0;73;967.2;5202;146.5;-3.0;5.8;18.0;75.0
GVE;197804;-;0;63;961.1;9246;42.8;-3.2;7.8;17.9;70.1
GVE;197805;-;0;69;965.7;9600;73.0;1.2;12.0;24.3;74.8
GVE;197806;-;0;61;967.5;11688;96.6;5.3;15.7;28.8;69.5
GVE;197807;-;0;51;969.6;13260;65.5;6.3;17.6;30.6;73.1
GVE;197808;-;0;43;970.5;13974;126.0;5.5;16.6;28.0;75.5
GVE;197809;-;0;39;972.3;13014;48.2;3.6;14.2;26.7;75.0
GVE;197810;-;0;58;973.9;7836;24.2;-1.0;8.6;18.2;84.5
GVE;197811;-;0;74;978.4;3042;5.7;-3.8;3.7;13.1;84.3
GVE;197812;-;0;81;961.4;2490;181.7;-6.4;3.2;13.9;82.3
GVE;197901;-;7;75;965.2;4032;196.0;-14.8;-1.1;6.3;80.8
GVE;197902;-;0;78;961.5;3372;129.4;-7.8;4.0;13.8;77.8
GVE;197903;-;0;81;963.1;4038;157.3;-5.7;6.2;16.3;77.9
GVE;197904;-;0;64;964.6;9618;56.2;-3.0;7.5;19.3;67.6
GVE;197905;-;0;56;969.4;12978;72.6;-1.6;12.7;27.3;66.3
GVE;197906;-;0;56;970.2;13302;75.4;4.7;17.0;27.8;74.2
GVE;197907;-;0;38;971.6;18912;42.7;7.5;19.1;32.8;62.4
GVE;197908;-;0;51;968.3;13806;62.1;5.4;17.0;31.3;71.4
GVE;197909;-;0;43;972.1;12522;29.7;1.3;15.0;28.0;74.8
GVE;197910;-;0;73;965.7;4134;109.8;1.1;10.8;20.3;88.0
GVE;197911;-;0;66;969.6;4626;73.8;-5.7;4.6;15.7;80.2
GVE;197912;-;0;70;968.7;3588;137.6;-3.3;3.4;14.4;82.4
GVE;198001;-;0;81;967.6;2670;120.1;-5.5;0.8;12.2;80.5
GVE;198002;-;0;66;972.6;5310;90.9;-3.6;4.3;14.0;80.1
GVE;198003;-;0;71;962.6;6180;113.7;-4.5;5.5;15.1;76.1
GVE;198004;-;0;59;968.6;9714;9.6;-2.4;7.5;18.3;65.3
GVE;198005;-;0;59;963.6;10740;82.0;1.3;11.5;23.0;71.7
GVE;198006;-;0;66;967.6;8226;130.2;4.5;14.7;26.5;76.7
GVE;198007;-;0;56;967.9;11904;141.2;4.7;16.4;28.6;73.8
GVE;198008;-;0;48;970.1;15102;90.8;5.6;18.8;31.0;71.8
GVE;198009;-;0;38;973.1;13488;69.7;6.1;15.4;26.2;79.7
GVE;198010;-;0;61;966.5;7062;151.3;-1.7;8.8;22.5;84.4
GVE;198011;-;0;73;968.2;3702;57.4;-4.7;3.8;16.1;80.6
GVE;198012;-;0;70;973.1;3096;75.5;-11.0;-0.3;10.4;81.6
GVE;198101;44;4;76;974.2;3079;106.8;-10.8;-0.7;7.4;79.4
GVE;198102;76;0;70;970.5;3871;35.4;-9.4;-0.4;8.6;77.8
GVE;198103;108;0;80;964.6;5552;88.0;-3.0;7.9;20.7;75.9
GVE;198104;193;0;61;966.9;8601;13.5;-2.2;10.5;22.8;67.9
GVE;198105;194;0;75;964.8;6920;100.9;2.2;12.5;26.4;74.5
GVE;198106;254;0;58;969.5;11540;62.4;5.3;16.5;29.8;68.0
GVE;198107;224;0;59;970.3;10919;106.2;7.1;17.3;30.6;70.5
GVE;198108;228;0;44;970.4;14367;18.0;6.2;18.5;32.4;66.1
GVE;198109;133;0;69;968.7;6067;107.8;3.3;15.2;26.7;77.3
GVE;198110;86;0;74;967.2;5449;107.7;-0.9;10.0;23.7;78.3
GVE;198111;61;0;59;976.8;6397;41.3;-6.2;4.4;14.0;74.5
GVE;198112;32;6;80;957.1;2066;199.1;-9.0;2.0;12.4;79.0
GVE;198201;36;0;85;971.0;2288;54.2;-4.1;3.0;12.8;82.0
GVE;198202;69;0;70;970.9;4841;15.2;-6.6;2.4;11.9;79.5
GVE;198203;123;0;66;969.5;8250;59.7;-4.0;5.0;15.9;67.3
GVE;198204;229;0;43;967.6;16146;2.5;-0.8;8.8;19.3;57.4
GVE;198205;229;0;59;971.0;12359;35.6;0.6;13.4;25.9;64.2
GVE;198206;221;0;69;968.5;10174;157.7;7.5;17.3;29.3;70.8
GVE;198207;244;0;51;969.1;13098;51.5;9.2;20.2;32.5;68.6
GVE;198208;205;0;59;969.0;11432;70.0;5.7;17.9;30.8;71.6
GVE;198209;166;0;49;970.8;11606;82.5;3.7;16.0;27.8;76.9
GVE;198210;78;0;81;966.6;3724;138.1;1.8;9.7;18.4;84.1
GVE;198211;49;0;76;969.4;4085;100.7;-1.5;6.2;19.9;81.4
GVE;198212;33;0;74;968.8;3046;130.8;-5.4;3.7;12.7;79.9
GVE;198301;49;0;65;981.1;4519;52.2;-5.7;2.1;12.9;82.1
GVE;198302;61;0;81;969.1;2508;57.4;-8.2;0.4;11.3;76.0
GVE;198303;138;0;55;969.9;8859;85.4;-3.5;5.9;17.3;71.1
GVE;198304;144;0;80;963.4;5039;100.6;-1.5;8.9;21.4;73.8
GVE;198305;159;0;84;964.1;5002;190.6;1.9;11.2;24.1;75.2
GVE;198306;260;0;55;970.7;12894;78.2;7.3;17.7;30.7;66.4
GVE;198307;281;0;29;969.2;17613;49.1;8.7;22.7;35.3;61.9
GVE;198308;216;0;55;969.1;10707;78.2;8.5;19.4;30.4;66.4
GVE;198309;169;0;50;970.6;11613;89.6;4.9;15.9;27.1;71.8
GVE;198310;109;0;53;974.6;9356;66.4;-0.6;10.4;24.1;75.7
GVE;198311;41;0;83;970.4;2250;99.4;-3.4;5.2;14.8;80.2
GVE;198312;40;0;73;970.3;4636;74.3;-4.5;2.2;14.5;79.1
GVE;198401;43;4;76;967.9;3497;130.1;-7.0;1.8;11.1;78.0
GVE;198402;69;1;76;970.2;3207;102.5;-7.2;1.5;11.4;71.9
GVE;198403;144;1;53;965.1;9407;68.5;-6.2;3.5;13.3;70.5
GVE;198404;217;0;44;967.5;13113;26.0;-3.1;8.3;23.2;65.1
GVE;198405;182;0;78;959.8;5397;54.3;-0.7;10.4;20.7;73.8
GVE;198406;256;0;50;968.6;13509;47.9;5.4;16.1;29.1;67.0
GVE;198407;276;0;35;970.7;17561;8.8;5.1;19.6;34.9;59.5
GVE;198408;209;0;51;968.9;12122;25.9;9.6;18.4;33.8;65.9
GVE;198409;141;0;68;965.6;8504;157.1;5.0;13.9;30.3;74.1
GVE;198410;94;0;66;970.9;6828;98.1;0.6;10.6;21.0;78.2
GVE;198411;41;0;80;963.9;2807;63.1;-2.1;6.4;16.5;85.9
GVE;198412;32;0;83;973.7;2377;44.0;-6.0;2.8;10.3;82.6
GVE;198501;42;2;83;963.6;2305;102.0;-18.9;-3.4;10.1;80.1
GVE;198502;80;14;70;970.7;4704;90.3;-17.0;0.1;14.3;80.4
GVE;198503;116;1;74;965.6;5984;78.9;-5.1;3.1;17.8;73.8
GVE;198504;197;0;63;965.3;10884;72.2;-0.8;9.4;23.4;65.3
GVE;198505;196;0;74;963.4;8109;97.9;1.7;12.4;26.3;72.2
GVE;198506;237;0;65;967.8;11814;151.4;3.9;15.3;28.2;68.0
GVE;198507;264;0;43;969.6;17431;67.7;10.3;20.3;34.1;65.1
GVE;198508;230;0;44;969.2;16211;67.8;7.0;18.3;32.3;65.9
GVE;198509;194;0;30;973.0;16904;6.0;5.5;16.4;27.5;69.0
GVE;198510;113;0;51;974.4;10278;2.1;0.2;11.2;27.3;71.3
GVE;198511;41;0;83;966.1;2539;67.5;-7.1;2.9;19.5;77.1
GVE;198512;40;0;63;971.0;4758;43.7;-6.9;2.7;15.6;81.2
GVE;198601;42;2;79;965.3;2963;124.8;-6.7;1.5;10.0;81.5
GVE;198602;57;4;86;961.0;1339;53.0;-10.9;-1.8;8.6;77.1
GVE;198603;120;1;64;968.1;7707;55.2;-7.2;4.7;15.3;72.9
GVE;198604;123;0;88;961.6;3595;137.6;-4.5;6.9;18.2;74.8
GVE;198605;216;0;71;969.8;10141;55.2;3.3;15.4;28.6;69.2
GVE;198606;259;0;49;968.3;14317;66.1;2.6;17.2;31.2;66.7
GVE;198607;272;0;46;969.6;16629;56.1;7.4;19.8;33.8;58.7
GVE;198608;206;0;60;968.0;12170;88.3;4.9;18.4;34.8;65.8
GVE;198609;162;0;55;971.4;11044;61.7;5.5;15.5;29.9;71.1
GVE;198610;102;0;61;972.4;7842;60.3;-0.8;11.8;23.2;76.9
GVE;198611;61;0;59;974.8;5958;51.7;-2.5;5.0;15.1;80.2
GVE;198612;35;2;84;974.4;2110;78.8;-10.6;2.3;10.2;81.8
GVE;198701;33;4;85;968.7;1591;41.6;-14.9;-1.9;9.5;77.0
GVE;198702;53;0;88;966.1;2011;65.7;-4.2;2.4;11.2;79.6
GVE;198703;108;0;75;968.6;5040;46.0;-6.6;3.6;15.8;65.9
GVE;198704;187;0;54;969.1;11921;52.7;-2.0;9.9;24.2;64.3
GVE;198705;204;0;68;967.2;10302;89.5;0.8;11.1;25.6;67.4
GVE;198706;208;0;73;968.6;9633;196.3;6.5;15.3;31.1;71.0
GVE;198707;222;0;58;968.3;11490;89.8;6.3;19.4;32.2;67.2
GVE;198708;218;0;50;968.7;13950;74.5;6.6;18.8;32.4;67.0
GVE;198709;172;0;51;970.5;12839;50.8;3.6;17.5;31.5;70.7
GVE;198710;69;0;85;967.4;3197;105.1;2.6;11.6;23.6;83.2
GVE;198711;45;0;79;968.6;3249;58.9;-2.2;6.2;13.9;80.4
GVE;198712;26;0;89;972.4;1493;40.8;-2.1;3.3;14.8;86.5
GVE;198801;35;0;85;966.1;2357;93.0;-3.7;4.3;12.8;82.2
GVE;198802;78;0;66;967.8;5638;82.3;-4.4;2.7;13.3;74.3
GVE;198803;114;0;81;966.9;5858;112.1;-6.1;5.1;18.9;73.9
GVE;198804;175;0;66;965.5;8994;56.0;-1.9;9.4;20.5;78.1
GVE;198805;194;0;73;964.7;8769;98.8;3.6;13.9;26.8;79.3
GVE;198806;252;0;56;966.1;13125;31.0;6.8;16.9;26.9;70.5
GVE;198807;249;0;46;968.9;15814;43.3;5.2;18.9;33.8;68.7
GVE;198808;214;0;46;968.0;14558;62.8;6.5;19.5;32.5;68.4
GVE;198809;164;0;58;971.3;11317;66.6;6.3;15.0;26.5;74.7
GVE;198810;85;0;73;970.1;5739;155.9;2.9;11.6;22.9;84.7
GVE;198811;45;0;75;973.5;3588;42.1;-4.3;4.7;15.3;80.5
GVE;198812;38;0;68;976.4;4425;65.5;-5.7;2.9;13.1;84.4
GVE;198901;43;0;75;983.0;4073;8.0;-5.4;1.5;11.1;86.3
GVE;198902;58;0;84;973.0;2767;73.3;-3.8;3.1;16.6;82.9
GVE;198903;145;0;56;969.6;11746;66.8;-2.0;8.0;23.5;68.0
GVE;198904;130;0;79;960.9;4754;93.4;1.1;8.1;19.2;78.5
GVE;198905;260;0;44;970.2;16324;23.2;3.9;15.3;26.6;64.7
GVE;198906;280;0;46;968.6;16496;9.9;3.4;17.3;31.5;57.7
GVE;198907;250;0;48;970.9;14817;48.2;10.2;21.0;35.0;60.9
GVE;198908;220;0;48;968.2;14919;25.7;6.6;19.9;35.4;62.4
GVE;198909;150;0;55;970.4;10056;30.2;6.8;15.7;28.5;69.9
GVE;198910;118;0;43;973.3;11587;41.3;-1.1;11.2;23.4;73.6
GVE;198911;51;0;70;968.9;4763;59.3;-10.9;4.3;18.1;81.2
GVE;198912;25;0;81;968.3;1850;71.5;-3.6;3.9;19.9;78.7
GVE;199001;43;0;74;976.2;3941;36.7;-5.8;1.6;13.3;80.1
GVE;199002;75;0;56;971.3;6689;173.6;-2.9;6.9;18.7;76.1
GVE;199003;142;0;53;979.0;10765;4.6;-3.7;7.7;24.9;66.9
GVE;199004;159;0;74;965.8;7755;84.8;0.2;8.4;20.7;69.7
GVE;199005;245;0;54;969.8;14306;46.5;6.3;15.8;26.5;67.5
GVE;199006;224;0;60;967.7;11862;128.7;5.6;16.6;31.3;72.1
GVE;199007;271;0;40;970.8;18232;55.4;6.8;20.0;33.6;60.9
GVE;199008;225;0;41;971.6;16784;16.4;6.8;20.3;33.5;60.3
GVE;199009;171;0;53;970.3;13575;57.8;4.1;15.3;26.9;67.9
GVE;199010;92;0;69;966.3;6934;120.3;2.2;12.1;21.7;81.6
GVE;199011;45;0;81;967.2;2662;103.6;-1.0;5.7;14.6;81.3
GVE;199012;41;4;75;969.6;4123;44.9;-8.1;1.3;10.6;77.1
GVE;199101;30;0;85;976.0;1741;36.8;-6.0;2.6;13.7;79.5
GVE;199102;85;2;69;968.5;6175;17.3;-9.8;0.1;16.0;78.5
GVE;199103;111;0;74;965.1;5800;76.8;-1.5;7.8;18.9;77.5
GVE;199104;199;0;56;967.2;11594;28.1;-3.1;8.5;21.3;62.7
GVE;199105;245;0;53;969.3;14648;25.1;-0.6;11.3;25.9;63.2
GVE;199106;231;0;64;968.3;11273;105.7;6.9;16.6;29.1;65.2
GVE;199107;262;0;43;968.9;16568;50.9;9.1;21.2;33.6;64.2
GVE;199108;240;0;31;970.8;18502;4.8;9.6;21.3;32.3;61.1
GVE;199109;159;0;54;969.0;11432;129.7;7.8;17.9;28.9;70.7
GVE;199110;99;0;60;969.2;7844;99.4;-1.7;9.8;19.8;78.4
GVE;199111;39;0;81;968.3;2261;91.1;-2.0;5.7;17.5;78.9
GVE;199112;34;0;73;980.3;3397;79.1;-4.2;1.5;10.9;78.3
GVE;199201;39;0;75;979.9;2794;12.2;-8.3;0.3;11.0;78.3
GVE;199202;87;0;56;977.8;7132;21.1;-6.1;2.9;12.6;75.1
GVE;199203;120;0;66;969.4;7522;76.0;-1.9;6.8;16.8;70.0
GVE;199204;194;0;61;965.4;11690;85.8;-0.4;10.1;25.8;62.5
GVE;199205;237;0;56;969.7;13977;77.4;2.1;15.6;28.5;66.6
GVE;199206;213;0;70;965.4;8952;83.8;7.6;16.6;27.6;72.2
GVE;199207;241;0;56;970.1;14324;92.7;10.8;20.2;32.2;69.7
GVE;199208;217;0;45;968.9;15487;71.0;11.0;22.0;33.8;61.4
GVE;199209;151;0;55;972.0;10424;58.0;4.9;15.7;25.3;74.7
GVE;199210;66;0;84;962.1;2917;153.5;-1.4;9.5;18.4;80.3
GVE;199211;38;0;85;972.1;1936;133.8;-2.9;7.2;14.9;87.8
GVE;199212;25;0;85;971.0;1786;65.2;-4.0;2.6;14.3;86.1
GVE;199301;53;0;61;979.1;5685;18.8;-9.8;3.3;14.0;79.4
GVE;199302;70;0;73;978.3;4067;6.1;-8.1;0.9;7.6;80.9
GVE;199303;154;0;44;972.1;12654;10.3;-4.9;5.4;20.0;65.1
GVE;199304;168;0;71;964.2;8585;55.3;-1.9;10.6;23.5;69.9
GVE;199305;220;0;70;966.1;11038;53.7;4.3;14.8;29.6;72.9
GVE;199306;243;0;55;969.1;14011;86.4;8.2;17.9;30.0;71.5
GVE;199307;244;0;58;970.7;14104;53.7;6.7;18.8;32.1;67.0
GVE;199308;218;0;46;970.5;15569;68.2;5.9;19.9;32.2;67.3
GVE;199309;121;0;74;965.6;6972;272.2;3.8;14.0;23.4;80.4
GVE;199310;50;0;89;966.2;2046;186.2;3.9;9.2;22.9;84.3
GVE;199311;40;0;85;970.5;1703;29.4;-3.5;3.9;15.7;80.0
GVE;199312;37;1;81;968.1;2587;148.6;-4.7;4.7;14.4;79.4
GVE;199401;45;0;74;969.5;4268;71.3;-5.7;3.5;11.8;79.6
GVE;199402;75;1;74;965.9;4963;61.8;-5.7;3.9;16.8;77.7
GVE;199403;139;0;65;973.4;10620;15.1;-0.7;10.1;22.8;66.8
GVE;199404;150;0;75;964.8;7594;80.6;-1.3;8.2;25.0;74.2
GVE;199405;201;0;68;965.4;10544;101.1;4.6;14.8;24.9;72.8
GVE;199406;259;0;53;971.2;15601;29.0;4.4;18.0;31.1;67.1
GVE;199407;248;0;45;969.4;16487;30.6;11.4;22.6;34.3;63.4
GVE;199408;204;0;51;968.3;13866;54.8;10.8;21.1;34.0;66.7
GVE;199409;120;0;73;967.6;6997;190.5;3.8;15.1;28.1;78.5
GVE;199410;99;0;65;969.0;7847;95.5;-0.2;11.2;21.9;79.0
GVE;199411;44;0;80;973.1;2904;61.9;0.8;8.8;16.0;85.4
GVE;199412;35;0;80;974.6;3071;92.1;-2.4;4.8;13.8;80.3
GVE;199501;44;1;70;971.3;4126;184.5;-10.3;1.8;12.8;77.4
GVE;199502;73;0;78;969.7;5200;138.7;-2.9;6.0;15.2;77.8
GVE;199503;142;0;59;968.4;10830;76.4;-4.5;5.1;17.5;66.1
GVE;199504;181;0;56;967.6;11264;23.0;0.8;10.1;22.8;67.4
GVE;199505;220;0;63;967.4;13006;113.8;0.1;13.7;26.5;69.1
GVE;199506;255;0;53;967.9;14358;51.6;5.1;16.3;30.6;67.6
GVE;199507;264;0;46;968.1;17338;38.4;11.6;22.2;35.0;64.2
GVE;199508;208;0;58;968.6;12700;61.6;7.5;19.6;32.5;68.1
GVE;199509;146;0;66;966.4;9433;150.7;1.1;13.4;23.3;75.4
GVE;199510;96;0;66;974.2;7041;49.4;5.9;13.9;22.3;83.8
GVE;199511;61;0;68;969.9;6165;37.7;-4.7;5.6;14.7;78.6
GVE;199512;24;1;88;966.0;1163;104.2;-3.9;2.5;13.2;82.7
GVE;199601;23;0;95;964.5;659;42.8;-1.5;2.7;9.0;88.1
GVE;199602;68;0;78;964.3;3871;58.5;-7.9;1.5;11.6;74.8
GVE;199603;146;0;54;965.6;10611;26.9;-5.8;4.8;20.8;65.7
GVE;199604;186;0;63;966.4;11013;33.8;-0.7;10.1;23.4;65.1
GVE;199605;209;0;69;964.7;11266;75.9;2.6;13.7;28.6;71.1
GVE;199606;259;0;46;971.0;15959;96.1;8.3;18.5;30.6;65.7
GVE;199607;231;0;50;969.7;15156;127.3;7.8;18.8;29.4;66.5
GVE;199608;201;0;58;968.0;12324;89.9;6.9;18.2;31.1;71.6
GVE;199609;169;0;51;966.1;11761;31.0;4.0;12.8;23.8;71.2
GVE;199610;94;0;71;970.4;7570;46.9;-1.1;10.7;21.6;78.0
GVE;199611;49;0;76;965.8;4111;166.1;-3.6;5.8;17.6;79.9
GVE;199612;28;0;84;964.0;1949;114.6;-7.3;2.3;10.7;84.5
GVE;199701;24;5;96;972.0;145;78.2;-4.0;0.7;5.2;88.9
GVE;199702;82;0;64;976.6;7137;45.0;-4.0;5.2;14.9;72.8
GVE;199703;156;0;43;975.8;12929;6.4;-2.0;7.9;21.8;68.0
GVE;199704;233;0;40;969.8;17397;42.1;-1.6;9.7;21.9;55.6
GVE;199705;231;0;60;967.2;14476;116.9;4.2;14.5;26.5;68.8
GVE;199706;199;0;75;963.8;9493;164.0;6.5;16.9;30.3;71.4
GVE;199707;222;0;61;970.1;14368;139.7;9.9;18.3;28.6;73.1
GVE;199708;213;0;53;969.3;15216;54.2;10.2;20.9;30.5;71.4
GVE;199709;172;0;49;972.6;14112;45.3;6.4;16.7;29.2;76.2
GVE;199710;95;0;59;969.4;8480;59.4;-4.7;10.8;25.4;77.5
GVE;199711;47;0;74;962.4;3404;92.4;-3.4;6.1;14.3;83.6
GVE;199712;32;0;74;966.7;2786;88.5;-4.2;3.6;13.6;80.5
GVE;199801;40;0;73;971.1;4107;88.1;-2.8;3.2;13.7;77.4
GVE;199802;99;0;41;977.5;10095;13.5;-6.6;4.0;18.0;74.3
GVE;199803;145;0;55;974.2;11691;19.8;-3.9;7.1;22.4;61.4
GVE;199804;144;0;77;959.4;6911;115.0;-2.1;9.3;21.9;70.6
GVE;199805;254;0;44;966.6;17627;19.0;3.8;15.8;27.8;61.0
GVE;199806;243;0;63;969.7;14543;67.8;5.2;18.4;32.0;65.4
GVE;199807;246;0;57;967.6;15918;76.5;9.1;21.1;34.5;58.9
GVE;199808;209;0;44;970.1;16253;29.8;7.1;20.0;36.1;62.8
GVE;199809;128;0;70;965.9;7202;172.9;5.3;14.9;29.3;76.1
GVE;199810;87;0;74;969.3;6413;106.4;1.8;11.3;20.6;76.6
GVE;199811;56;0;65;970.6;5180;83.7;-7.4;3.4;14.5;77.8
GVE;199812;41;0;69;974.4;4904;33.0;-9.4;1.4;13.3;81.1
GVE;199901;44;0;77;970.5;3782;58.2;-4.6;2.6;12.7;80.2
GVE;199902;65;1;79;970.4;3977;108.9;-6.2;1.7;12.9;75.9
GVE;199903;128;0;66;965.2;8463;74.7;-2.0;7.1;17.1;70.1
GVE;199904;165;0;76;967.0;8889;116.9;0.5;9.7;22.8;72.0
GVE;199905;201;0;67;967.6;11457;82.6;7.6;16.7;29.1;72.5
GVE;199906;251;0;56;970.2;14649;97.5;7.8;17.1;29.3;66.3
GVE;199907;270;0;52;968.2;18120;87.0;12.2;21.0;32.7;63.7
GVE;199908;199;0;63;966.7;12727;122.8;10.4;19.9;31.1;70.7
GVE;199909;157;0;59;965.9;11433;152.6;9.9;18.2;28.9;72.7
GVE;199910;78;0;78;969.6;5161;134.9;2.7;11.4;18.5;81.2
GVE;199911;42;0;80;972.9;2691;62.2;-4.5;4.4;19.7;77.7
GVE;199912;41;0;73;968.9;4241;132.3;-5.7;3.5;12.7;74.4
GVE;200001;48;1;67;977.3;4735;19.2;-9.3;1.3;11.8;79.8
GVE;200002;82;0;68;976.4;6657;95.7;-3.6;4.9;16.2;75.3
GVE;200003;147;0;54;972.2;11558;44.2;-2.9;7.1;19.9;66.7
GVE;200004;178;0;68;960.6;10261;78.8;0.1;10.8;26.1;67.2
GVE;200005;233;0;58;968.4;14085;52.7;6.5;16.5;28.3;65.2
GVE;200006;271;0;42;971.7;17449;23.1;8.4;19.8;31.8;59.2
GVE;200007;226;0;60;967.0;13442;120.6;7.8;18.5;34.9;63.5
GVE;200008;209;0;47;970.3;15602;109.2;11.7;20.7;34.1;66.4
GVE;200009;169;0;48;967.8;14230;105.4;7.8;16.8;29.7;69.8
GVE;200010;89;0;71;968.1;6592;130.5;2.6;12.2;20.5;76.1
GVE;200011;45;0;76;962.8;3378;148.7;-1.6;7.3;17.7;78.4
GVE;200012;34;0;81;965.9;2931;67.9;-4.3;5.3;13.6;79.7
GVE;200101;40;0;83;965.8;3051;146.4;-5.2;3.4;11.7;81.4
GVE;200102;89;0;62;970.3;6837;44.2;-6.7;4.8;15.9;67.7
GVE;200103;96;0;82;960.6;4672;282.1;-1.5;9.0;22.2;78.0
GVE;200104;166;0;76;966.5;8627;113.7;0.3;8.5;20.9;70.3
GVE;200105;232;0;64;967.4;13374;73.5;4.8;16.3;30.6;69.9
GVE;200106;256;0;54;969.9;15716;126.9;3.5;17.2;30.4;66.8
GVE;200107;242;0;56;968.2;14883;107.8;7.5;20.1;31.9;67.9
GVE;200108;213;0;49;969.7;15027;72.5;8.8;20.4;32.1;70.0
GVE;200109;141;0;69;968.1;9052;96.6;2.6;13.1;24.6;75.9
GVE;200110;114;0;58;971.9;10379;80.4;5.8;14.1;25.9;82.9
GVE;200111;49;0;77;973.6;3524;34.6;-3.5;4.3;12.4;79.2
GVE;200112;37;0;76;974.1;3745;38.6;-8.3;1.6;12.0;74.4
GVE;200201;46;1;79;978.5;4404;44.0;-8.8;1.4;15.5;83.6
GVE;200202;73;0;73;970.7;5280;79.1;-4.1;6.3;16.4;74.9
GVE;200203;147;0;55;970.1;11387;57.2;-1.9;7.8;20.7;68.4
GVE;200204;196;0;58;965.7;12927;22.6;-1.3;10.5;22.4;61.7
GVE;200205;193;0;72;966.8;10903;149.0;4.1;13.4;27.5;72.3
GVE;200206;264;0;54;968.7;16530;63.8;7.3;20.5;35.3;62.5
GVE;200207;235;0;53;967.8;14867;117.8;8.4;19.9;30.8;66.7
GVE;200208;192;0;58;967.6;11956;89.9;10.7;18.6;30.1;74.3
GVE;200209;151;0;62;969.1;9666;29.0;2.7;15.1;25.9;73.7
GVE;200210;97;0;68;967.7;8361;138.0;0.6;11.6;23.3;76.9
GVE;200211;43;0;79;963.8;2682;295.3;0.3;7.8;17.2;86.9
GVE;200212;21;0;93;968.1;442;80.7;0.1;5.6;11.4;85.0
GVE;200301;41;0;78;968.8;3139;79.7;-10.1;1.6;16.2;78.6
GVE;200302;77;0;68;971.5;5352;22.4;-8.8;0.3;14.1;73.1
GVE;200303;165;0;43;973.9;14661;17.2;-1.8;8.2;20.3;62.1
GVE;200304;202;0;55;966.7;13346;59.0;-3.1;10.9;23.4;60.1
GVE;200305;224;0;62;970.3;12842;30.5;2.2;15.9;29.5;65.3
GVE;200306;289;0;46;968.5;19450;45.4;13.8;24.1;36.5;56.5
GVE;200307;258;0;44;968.9;17789;41.3;10.6;22.5;37.8;55.2
GVE;200308;231;0;40;969.5;17676;110.3;11.1;24.0;37.6;56.1
GVE;200309;174;0;49;972.2;14032;74.2;6.5;15.9;26.8;69.8
GVE;200310;84;0;72;965.6;5647;174.7;-3.6;8.8;20.3;79.5
GVE;200311;54;0;70;969.4;5048;53.8;-0.6;6.0;13.1;87.1
GVE;200312;42;0;65;971.0;5337;28.4;-7.0;3.0;11.4;77.6
GVE;200401;44;1;81;965.4;3755;139.0;-10.5;2.7;15.0;79.4
GVE;200402;88;0;65;971.3;8328;27.5;-5.8;3.4;16.8;69.4
GVE;200403;130;0;59;971.7;9275;59.3;-4.5;5.5;21.1;69.5
GVE;200404;185;0;69;964.4;10594;31.6;0.3;10.6;22.1;64.4
GVE;200405;238;0;53;966.1;14930;43.8;4.3;13.8;28.5;62.7
GVE;200406;255;0;52;970.2;16223;61.0;9.0;18.8;32.8;60.2
GVE;200407;244;0;53;969.4;15587;88.3;8.2;20.0;31.2;62.3
GVE;200408;206;0;59;967.0;14097;205.9;9.8;20.1;32.7;68.4
GVE;200409;176;0;44;972.4;14181;23.7;6.8;16.8;28.5;70.2
GVE;200410;82;0;73;964.8;6031;212.8;6.6;13.6;26.3;79.7
GVE;200411;58;0;65;972.3;5660;39.0;-4.3;5.9;16.1;75.8
GVE;200412;27;0;87;971.7;1518;57.6;-5.2;2.9;10.2;80.4
GVE;200501;56;2;58;975.8;6386;48.0;-10.6;1.3;13.6;78.4
GVE;200502;86;0;64;969.0;6451;35.3;-7.8;0.6;10.8;72.1
GVE;200503;146;1;57;968.6;10938;39.7;-9.8;6.8;21.0;68.9
GVE;200504;164;0;73;966.2;9650;119.7;1.4;10.5;26.4;65.8
GVE;200505;221;0;64;969.2;13658;76.3;4.8;15.3;30.6;63.6
GVE;200506;280;0;49;970.1;18924;52.2;6.9;20.5;33.6;58.1
GVE;200507;245;0;48;968.4;17049;65.8;8.7;20.9;36.2;59.4
GVE;200508;192;0;60;969.2;12428;75.9;9.3;18.6;29.5;67.0
GVE;200509;157;0;60;969.9;11265;65.5;4.4;16.9;30.2;72.4
GVE;200510;99;0;55;971.1;8833;66.3;4.6;11.7;19.9;83.0
GVE;200511;65;1;58;969.0;7062;36.7;-9.6;4.8;20.2;78.6
GVE;200512;35;0;75;969.5;3202;64.9;-11.4;0.4;8.8;78.8
GVE;200601;51;0;69;973.3;5469;23.1;-8.6;0.3;9.5;79.4
GVE;200602;70;0;77;965.8;3942;72.1;-7.2;1.4;12.6;76.8
GVE;200603;115;1;72;963.8;6335;138.1;-9.3;5.1;22.7;72.6
GVE;200604;189;0;57;966.6;11950;116.7;-1.6;10.2;21.9;67.4
GVE;200605;208;0;76;969.4;11510;99.3;1.8;14.5;26.6;68.1
GVE;200606;286;0;44;971.0;18970;49.9;3.2;19.5;31.1;58.1
GVE;200607;261;0;44;970.5;18580;48.0;13.8;23.7;35.3;61.6
GVE;200608;190;0;65;966.3;11225;137.0;6.3;16.8;27.4;69.6
GVE;200609;159;0;60;967.8;11578;60.9;7.4;18.0;29.7;76.9
GVE;200610;100;0;64;967.8;8830;105.2;4.9;13.6;23.6;80.5
GVE;200611;64;0;62;971.8;6834;59.8;-2.7;7.7;19.4;78.0
GVE;200612;38;0;71;976.6;4113;58.5;-5.4;3.4;14.8;80.4
GVE;200701;53;1;64;974.3;5435;76.3;-11.2;4.3;15.4;81.0
GVE;200702;74;0;66;965.4;6161;103.0;-3.7;5.6;14.9;77.2
GVE;200703;140;0;56;967.4;10567;79.2;-1.9;6.7;17.0;69.1
GVE;200704;229;0;39;969.0;17157;23.1;1.3;14.3;25.9;60.6
GVE;200705;212;0;65;964.8;11780;120.9;3.6;15.3;30.7;70.0
GVE;200706;246;0;63;965.7;13707;170.7;7.6;18.6;30.3;69.3
GVE;200707;231;0;52;968.2;14271;132.1;8.5;18.9;31.0;66.9
GVE;200708;200;0;54;967.2;13425;152.8;9.7;18.7;32.1;71.3
GVE;200709;183;0;47;970.9;14633;88.3;5.4;14.7;26.6;70.8
GVE;200710;103;0;62;972.3;8670;17.4;2.9;10.8;21.0;75.9
GVE;200711;61;0;58;970.9;6350;69.0;-4.2;4.2;14.1;76.0
GVE;200712;31;0;79;975.0;2449;88.3;-6.5;2.3;11.5;79.1
GVE;200801;57;0;61;972.5;6743;74.6;-5.5;3.8;13.1;79.2
GVE;200802;101;0;41;977.4;10375;29.8;-5.5;3.9;15.8;73.9
GVE;200803;132;0;68;962.2;8401;79.2;-4.8;6.0;18.8;64.0
GVE;200804;174;0;70;963.1;10013;144.2;-0.5;9.2;22.9;68.6
GVE;200805;215;0;71;964.7;12183;79.9;5.2;15.8;24.9;68.3
GVE;200806;231;0;55;968.1;13032;60.3;7.4;18.5;32.2;68.4
GVE;200807;255;0;47;968.2;17106;113.2;10.4;20.0;32.1;63.9
GVE;200808;213;0;54;967.6;15048;90.6;8.1;19.3;30.4;68.7
GVE;200809;143;0;62;968.5;9636;214.6;3.6;14.1;27.0;74.0
GVE;200810;90;0;71;970.1;6919;86.8;0.6;11.2;22.1;79.4
GVE;200811;58;0;69;966.7;5070;43.6;-4.7;6.3;15.2;78.0
GVE;200812;36;2;73;968.8;3056;118.1;-8.1;1.6;8.9;80.7
GVE;200901;36;1;84;965.5;2121;68.9;-7.9;-0.2;9.8;80.6
GVE;200902;92;0;67;965.8;6929;54.4;-6.0;1.8;12.8;74.3
GVE;200903;143;0;62;967.0;10260;49.6;-3.4;6.3;17.0;64.8
GVE;200904;206;0;58;964.5;13949;36.0;3.6;12.4;22.4;63.8
GVE;200905;245;0;56;970.1;15448;28.9;4.5;17.0;33.8;61.7
GVE;200906;275;0;55;967.6;15451;93.6;9.1;18.2;31.0;64.9
GVE;200907;259;0;53;968.9;15115;84.0;9.6;20.5;32.1;63.2
GVE;200908;251;0;40;970.0;17309;66.5;9.9;21.2;36.2;64.6
GVE;200909;167;0;57;971.0;10760;61.7;6.6;16.6;28.1;75.2
GVE;200910;110;0;56;969.8;8908;38.4;-2.1;10.6;26.8;74.8
GVE;200911;45;0;79;965.1;2348;149.7;-2.5;7.8;18.2;84.4
GVE;200912;33;0;81;960.8;2258;154.7;-12.6;2.3;11.0;81.3
GVE;201001;43;3;81;964.8;2814;47.1;-9.0;-0.4;8.7;82.3
GVE;201002;70;1;81;957.8;3037;96.5;-9.3;2.0;14.0;76.6
GVE;201003;137;0;69;968.2;8739;61.4;-6.2;5.6;21.0;66.0
GVE;201004;219;0;55;969.0;13234;21.8;-0.6;11.0;26.8;61.7
GVE;201005;197;0;73;965.3;7781;108.0;3.6;13.0;28.6;71.2
GVE;201006;245;0;62;966.2;12414;77.2;6.1;17.6;29.8;71.6
GVE;201007;282;0;46;969.6;18280;13.5;9.2;22.1;35.6;60.2
GVE;201008;211;0;57;968.7;12602;122.1;7.4;18.7;31.9;70.6
GVE;201009;177;0;56;968.1;12167;36.2;2.2;14.4;25.8;73.3
GVE;201010;97;0;70;965.9;7189;31.0;-1.5;10.1;23.5;77.1
GVE;201011;56;1;77;960.4;4294;101.8;-9.2;6.3;19.5;80.4
GVE;201012;40;6;74;963.9;4066;95.4;-10.8;0.3;14.4;82.5
GVE;201101;52;0;66;970.5;5088;44.5;-5.9;2.5;15.6;78.1
GVE;201102;88;0;62;969.9;6908;16.3;-6.8;3.1;14.9;77.8
GVE;201103;150;0;57;971.2;10710;20.5;-3.8;7.2;20.4;67.9
GVE;201104;249;0;42;969.1;17188;20.1;1.1;13.2;24.4;60.6
GVE;201105;271;0;51;970.3;17146;36.1;3.3;16.3;30.0;62.9
GVE;201106;241;0;64;969.3;11487;64.7;7.3;17.8;33.3;67.9
GVE;201107;251;0;56;966.2;14126;102.1;7.5;17.8;30.9;66.2
GVE;201108;243;0;47;968.4;15552;70.5;7.5;20.2;34.2;67.3
GVE;201109;182;0;50;970.8;13433;44.5;6.1;17.2;29.7;77.1
GVE;201110;115;0;57;973.1;9453;36.0;-0.1;11.0;23.6;81.3
GVE;201111;54;0;71;972.4;4633;18.9;-2.4;6.5;16.3;87.6
GVE;201112;37;0;74;971.9;3283;144.8;-5.0;4.2;15.8;83.4
GVE;201201;43;0;70;975.3;3667;82.4;-7.8;2.9;11.0;82.3
GVE;201202;104;0;48;975.4;8525;0.4;-11.4;-2.1;13.9;66.8
GVE;201203;187;0;34;976.4;15940;13.7;-3.5;8.6;22.0;61.5
GVE;201204;166;0;76;958.5;6742;112.2;-0.9;10.2;26.1;68.7
GVE;201205;262;0;58;967.7;15075;76.4;1.2;15.1;30.0;66.7
GVE;201206;261;0;59;967.6;13802;95.0;7.0;19.1;33.0;67.5
GVE;201207;260;0;51;968.9;16044;45.8;7.9;19.8;34.5;63.1
GVE;201208;235;0;48;969.8;16442;81.7;8.9;20.7;34.5;67.7
GVE;201209;149;0;66;968.7;9005;77.5;3.8;15.5;28.9;76.2
GVE;201210;89;0;70;965.6;5701;49.8;-2.6;11.2;23.1;81.4
GVE;201211;45;0;82;966.1;2993;180.7;-0.6;7.0;16.7;83.8
GVE;201212;32;2;75;968.2;2361;154.7;-8.3;3.0;12.9;81.9
GVE;201301;44;2;72;967.2;3991;51.8;-7.6;1.3;11.9;81.3
GVE;201302;80;4;74;965.7;4115;60.7;-10.0;0.4;9.8;74.8
GVE;201303;105;0;77;958.5;5524;77.9;-6.3;4.2;14.5;74.6
GVE;201304;175;0;69;966.3;8347;106.8;0.3;10.3;25.5;70.1
GVE;201305;190;0;79;964.7;7167;112.6;2.3;11.5;23.6;74.4
GVE;201306;265;0;58;970.0;13402;55.4;7.5;17.0;31.5;69.5
GVE;201307;288;0;40;970.8;18717;126.3;9.9;21.5;34.3;67.0
GVE;201308;253;0;38;970.1;17594;36.2;9.8;20.0;32.7;67.3
GVE;201309;175;0;59;969.3;11298;70.0;7.5;15.9;30.1;75.7
GVE;201310;88;0;74;969.7;5124;139.8;2.6;12.8;22.7;83.0
GVE;201311;53;0;74;967.9;3995;108.4;-5.2;5.9;18.8;76.4
GVE;201312;39;0;70;975.2;4083;101.4;-6.6;1.5;15.1;86.8
GVE;201401;47;0;74;963.3;3722;92.6;-3.8;4.1;12.9;83.2
GVE;201402;72;0;76;963.1;4578;121.2;-3.5;4.8;15.0;80.0
GVE;201403;168;0;51;968.4;12789;39.3;-1.2;7.8;22.5;68.2
GVE;201404;205;0;57;966.2;11762;60.1;0.9;11.8;23.6;66.5
GVE;201405;239;0;64;968.2;11713;73.4;2.7;13.5;25.3;67.5
GVE;201406;291;0;51;968.4;17647;54.6;7.3;19.1;33.4;62.4
GVE;201407;203;0;71;967.5;9633;175.5;8.9;18.4;30.7;77.4
GVE;201408;214;0;63;967.9;11317;52.8;8.3;18.0;29.2;71.2
GVE;201409;189;0;54;969.6;13020;40.1;6.8;16.7;28.4;75.1
GVE;201410;112;0;59;970.1;8830;141.7;2.5;13.7;24.6;81.0
GVE;201411;41;0;81;964.0;2806;107.6;1.6;8.2;18.0;86.3
GVE;201412;40;0;71;972.7;3797;45.7;-4.1;4.3;13.9;79.0
GVE;201501;42;1;71;971.4;3265;80.6;-5.9;2.6;15.9;80.0
GVE;201502;78;1;66;967.4;4920;52.2;-5.7;1.7;11.9;76.0
GVE;201503;141;0;61;971.6;9667;52.0;-2.7;7.3;17.7;67.4
GVE;201504;214;0;54;971.8;12522;63.5;-0.8;11.2;23.5;60.3
GVE;201505;243;0;61;968.9;14072;96.1;5.9;15.3;30.0;64.5
GVE;201506;289;0;56;970.7;15806;44.9;8.7;19.9;32.0;62.7
GVE;201507;300;0;36;969.0;19895;28.7;10.6;24.2;39.7;51.4
GVE;201508;223;0;51;968.7;13777;63.4;9.6;20.8;35.8;66.4
GVE;201509;169;0;55;969.2;9974;117.8;4.6;14.8;26.8;70.0
GVE;201510;92;0;77;969.3;5403;35.6;1.7;10.1;18.5;82.0
GVE;201511;66;0;62;974.8;6757;37.3;-4.2;7.1;20.0;83.1
GVE;201512;37;0;75;981.3;3669;13.4;-3.5;3.9;13.0;91.2
GVE;201601;45;0;79;968.4;3374;165.5;-4.3;4.2;13.0;82.9
GVE;201602;62;0;80;965.9;2599;81.7;-2.6;5.0;17.4;77.1
GVE;201603;143;0;60;965.3;9364;38.9;-4.2;5.7;20.1;70.2
GVE;201604;170;0;74;965.0;7829;93.5;-0.4;10.0;21.1;69.5
GVE;201605;230;0;66;966.0;11266;76.7;2.0;13.3;27.5;71.2
GVE;201606;246;0;63;967.8;11465;132.6;8.6;17.7;32.0;73.3
GVE;201607;282;0;43;970.8;18074;63.3;8.1;20.8;33.5;66.3
GVE;201608;250;0;39;972.1;17245;21.2;8.4;20.4;33.5;64.2
GVE;201609;189;0;50;971.1;13700;33.2;7.6;18.0;30.2;70.4
GVE;201610;97;0;66;971.6;7338;89.7;0.1;9.9;19.6;79.4
GVE;201611;54;0;75;968.0;4335;89.0;-3.6;6.2;16.5;81.9
GVE;201612;34;0;78;981.4;2652;0.2;-5.8;1.4;10.0;90.3
GVE;201701;41;1;81;974.0;2439;25.4;-7.5;-1.2;7.8;81.0
GVE;201702;87;0;69;969.8;6281;51.6;-3.9;4.8;19.3;78.2
GVE;201703;152;0;68;969.9;10231;56.7;-1.6;8.7;21.5;73.0
GVE;201704;238;0;41;970.7;15660;40.0;-0.8;10.5;25.0;61.5
GVE;201705;249;0;62;969.2;14522;80.9;3.0;15.0;30.8;71.9
GVE;201706;289;0;49;968.3;16809;77.3;7.1;20.9;34.3;66.4
GVE;201707;264;0;61;969.3;14749;40.4;12.2;21.4;34.0;63.9
GVE;201708;232;0;55;970.4;15233;62.1;9.5;21.2;36.5;66.6
GVE;201709;170;0;65;969.5;10650;43.8;3.9;14.1;27.5;75.1
GVE;201710;131;0;50;974.8;11998;18.0;0.9;11.8;23.5;76.5
GVE;201711;56;0;74;970.1;4493;63.8;-2.8;5.7;17.1;77.8
GVE;201712;34;0;79;970.5;2322;133.0;-4.9;2.5;10.9;84.0
GVE;201801;36;0;86;969.6;2053;173.5;-1.4;6.0;13.7;84.4
GVE;201802;68;0;81;965.2;3604;28.9;-8.9;1.2;10.1;73.2
GVE;201803;118;2;75;956.8;5572;105.4;-3.4;5.3;15.5;79.2
GVE;201804;220;0;56;965.5;12848;19.0;-1.0;13.3;27.5;64.5
GVE;201805;230;0;66;966.7;11240;97.5;6.3;15.5;26.2;75.8
GVE;201806;305;0;49;968.2;17744;93.3;11.1;19.7;30.8;67.7
GVE;201807;304;0;41;968.0;20088;49.0;11.3;22.3;33.4;63.0
GVE;201808;245;0;48;969.9;16626;62.5;8.3;21.7;34.8;65.2
GVE;201809;200;0;42;972.9;14932;22.3;5.3;17.9;31.4;66.8
GVE;201810;114;0;54;969.0;10361;27.9;1.8;12.3;23.1;75.3
GVE;201811;40;0;87;968.1;1631;72.6;-0.7;6.9;15.7;89.0
GVE;201812;34;0;81;974.6;2031;112.4;-3.6;4.9;14.4;86.0