stn;time;gre000m0;hto000m0;nto000m0;prestam0;rre150m0;tre200m0;tre200mn;tre200mx;sre000m0;ure200m0
BER;186401;-;-;65;956.6;24.6;-7.0;-16.8;8.0;-;93.0
BER;186402;-;-;58;945.7;28.9;-1.1;-15.8;12.4;-;87.9
BER;186403;-;-;59;941.3;62.3;4.6;-3.8;15.7;-;79.9
BER;186404;-;-;36;949.6;60.1;7.3;-5.2;23.1;-;69.6
BER;186405;-;-;50;947.6;74.7;12.8;0.3;23.8;-;73.0
BER;186406;-;-;70;950.3;159.3;14.3;4.7;27.3;-;79.2
BER;186407;-;-;45;950.7;47.3;17.8;7.0;30.3;-;74.4
BER;186408;-;-;34;951.8;59.8;15.7;3.0;30.8;-;71.6
BER;186409;-;-;49;952.1;54.4;12.6;2.9;28.0;-;84.1
BER;186410;-;-;59;944.4;29.7;6.2;-2.0;18.5;-;86.6
BER;186411;-;-;83;945.2;52.2;2.5;-3.2;12.0;-;89.6
BER;186412;-;-;80;-;5.6;-4.1;-10.0;2.1;-;95.0
BER;186501;-;-;77;-;81.6;-0.3;-10.0;11.6;-;89.1
BER;186502;-;-;75;-;54.3;-2.3;-15.5;8.5;-;86.1
BER;186503;-;-;75;-;57.0;-1.2;-11.1;7.0;-;84.3
BER;186504;-;-;31;-;16.9;12.3;-;26.4;-;67.9
BER;186505;-;-;50;-;75.9;15.1;1.7;28.2;-;73.4
BER;186506;-;-;32;-;20.2;16.3;5.5;29.0;-;62.2
BER;186507;-;-;41;-;85.8;19.1;7.6;33.7;-;68.5
BER;186508;-;-;72;-;167.1;15.8;6.0;29.5;-;81.5
BER;186509;-;-;11;-;0.7;15.8;5.0;28.2;-;75.0
BER;186510;-;-;64;-;91.6;9.2;1.0;20.5;-;83.3
BER;186511;-;-;72;-;73.7;3.5;-5.0;17.0;-;89.4
BER;186512;-;-;72;958.7;27.6;-2.5;-11.0;6.0;-;92.7
BER;186601;-;-;57;955.0;47.9;2.2;-4.1;9.9;-;86.2
BER;186602;-;-;71;947.4;118.2;3.8;-3.5;14.1;-;84.3
BER;186603;-;-;75;940.9;80.5;3.7;-5.5;14.5;-;85.0
BER;186604;-;-;55;949.3;102.8;9.5;-0.8;24.0;-;77.5
BER;186605;-;-;62;949.3;121.8;10.1;0.1;22.6;-;74.2
BER;186606;-;-;51;952.6;71.1;17.5;6.1;28.4;-;73.1
BER;186607;-;-;53;952.2;57.7;17.5;7.9;31.7;-;71.0
BER;186608;-;-;70;948.5;152.5;14.9;5.2;26.3;-;81.6
BER;186609;-;-;59;948.7;61.0;13.9;2.9;25.6;-;83.8
BER;186610;-;-;71;952.3;45.7;8.7;0.1;22.9;-;90.2
BER;186611;-;-;73;950.8;89.0;3.2;-7.0;15.3;-;86.0
BER;186612;-;-;71;955.1;87.4;1.4;-9.0;10.8;-;89.9
BER;186701;-;-;89;942.8;158.2;-1.8;-16.5;11.2;-;-
BER;186702;-;-;64;957.4;48.6;4.8;-4.4;14.5;-;86.1
BER;186703;-;-;83;942.5;131.4;3.9;-7.2;18.0;-;88.6
BER;186704;-;-;75;949.5;139.3;8.4;-2.7;19.4;-;75.4
BER;186705;-;-;55;949.1;85.8;13.1;-1.2;31.5;-;75.9
BER;186706;-;-;60;951.9;148.7;15.6;2.4;31.0;-;75.9
BER;186707;-;-;55;951.3;75.6;16.4;5.3;31.2;-;73.7
BER;186708;-;-;51;952.0;66.2;17.8;8.0;32.7;-;77.7
BER;186709;-;-;52;954.2;99.6;14.3;-0.9;28.7;-;81.2
BER;186710;-;-;80;950.7;145.0;6.5;-1.2;18.0;-;88.3
BER;186711;-;-;63;955.9;16.4;0.9;-10.0;16.3;-;85.5
BER;186712;-;-;87;947.6;86.0;-2.6;-11.8;10.9;-;89.5
BER;186801;-;-;81;948.8;36.0;-2.9;-14.9;9.8;-;80.4
BER;186802;-;-;53;957.6;11.0;2.1;-9.0;14.9;-;74.9
BER;186803;-;-;71;950.0;50.4;2.7;-6.7;13.9;-;77.6
BER;186804;-;-;73;948.8;90.9;7.5;-2.0;22.5;-;73.2
BER;186805;-;-;47;951.1;48.8;17.7;4.3;30.0;-;67.6
BER;186806;-;-;57;952.9;97.3;17.2;3.6;29.0;-;67.9
BER;186807;-;-;63;950.6;104.5;18.3;8.0;31.9;-;73.4
BER;186808;-;-;55;950.9;130.3;17.4;5.5;30.9;-;73.3
BER;186809;-;-;47;948.0;129.0;15.6;8.0;28.0;-;78.1
BER;186810;-;-;79;950.7;101.1;8.4;-2.3;17.7;-;87.3
BER;186811;-;-;81;948.9;39.8;0.3;-8.5;14.7;-;87.7
BER;186812;-;-;86;947.2;194.3;4.5;-2.9;15.0;-;84.8
BER;186901;-;-;68;955.6;31.7;-1.8;-16.3;8.5;-;84.6
BER;186902;-;-;68;955.3;46.2;4.3;-3.1;14.1;-;76.7
BER;186903;-;-;82;937.4;65.1;0.1;-10.9;8.8;-;80.3
BER;186904;-;-;54;949.8;19.4;10.1;-2.3;23.8;-;68.0
BER;186905;-;-;77;945.4;152.7;13.7;3.6;24.0;-;76.9
BER;186906;-;-;58;951.4;81.2;13.6;3.9;26.8;-;69.2
BER;186907;-;-;51;952.8;88.9;20.0;9.4;30.6;-;68.7
BER;186908;-;-;55;953.4;110.9;15.7;6.5;28.5;-;74.1
BER;186909;-;-;46;951.5;79.9;14.2;3.6;24.9;-;76.5
BER;186910;-;-;63;952.6;108.0;6.1;-11.9;21.2;-;79.4
BER;186911;-;-;81;950.2;110.6;3.6;-8.0;12.5;-;79.1
BER;186912;-;-;86;945.7;100.6;-2.2;-18.8;10.3;-;87.7
BER;187001;-;-;68;950.9;33.2;-2.2;-13.0;10.0;-;78.0
BER;187002;-;-;69;944.7;7.7;-2.2;-13.6;13.1;-;80.9
BER;187003;-;-;75;946.6;101.0;1.6;-10.5;14.8;-;77.2
BER;187004;-;-;45;953.8;51.0;8.3;-2.9;23.0;-;61.8
BER;187005;-;-;53;952.3;60.8;14.2;-1.2;28.5;-;65.7
BER;187006;-;-;52;953.1;50.9;17.3;7.1;28.9;-;54.4
BER;187007;-;-;50;950.7;105.7;19.6;8.8;33.5;-;63.1
BER;187008;-;-;72;947.9;107.1;15.2;4.6;27.4;-;75.0
BER;187009;-;-;55;954.6;132.0;12.2;2.1;23.1;-;-
BER;187010;-;-;73;948.4;296.7;8.2;-1.8;18.6;-;-
BER;187011;-;-;89;-;84.0;2.6;-3.2;11.1;-;-
BER;187012;-;-;85;-;75.0;-4.6;-16.3;10.5;-;-
BER;187101;-;-;81;943.9;47.0;-5.7;-14.1;3.7;-;87.1
BER;187102;-;-;61;955.0;46.0;0.8;-;-;-;79.0
BER;187103;-;-;56;952.0;47.0;3.6;-;-;-;75.7
BER;187104;-;-;79;947.4;110.0;9.1;-2.9;18.6;-;71.6
BER;187105;-;-;42;948.8;23.1;12.2;1.9;24.5;-;63.1
BER;187106;-;-;77;947.2;91.0;12.8;2.9;29.4;-;72.4
BER;187107;-;-;59;951.0;118.8;19.0;5.9;33.7;-;71.1
BER;187108;-;-;46;953.2;56.6;17.5;6.1;28.1;-;73.0
BER;187109;-;-;59;949.0;46.8;15.7;4.2;28.0;-;76.9
BER;187110;-;-;83;950.7;89.9;6.5;-1.1;16.5;-;85.2
BER;187111;-;-;90;945.2;28.5;-0.1;-9.0;6.3;-;85.1
BER;187112;-;-;77;953.3;8.4;-7.7;-19.8;3.9;-;86.1
BER;187201;-;-;80;945.4;47.5;-0.5;-12.1;6.3;-;90.7
BER;187202;-;-;60;950.0;54.7;0.5;-9.4;9.2;-;87.1
BER;187203;-;-;67;945.3;29.4;5.2;-3.5;21.1;-;79.0
BER;187204;-;-;65;946.0;67.1;9.0;-1.7;20.9;-;79.2
BER;187205;-;-;76;947.0;168.8;11.4;2.4;21.8;-;76.0
BER;187206;-;-;63;950.1;131.2;15.7;4.5;26.9;-;68.1
BER;187207;-;-;50;950.4;108.2;19.0;8.8;32.1;-;69.9
BER;187208;-;-;61;950.6;149.8;16.0;8.6;25.2;-;78.9
BER;187209;-;-;49;951.0;42.4;14.8;3.3;28.1;-;75.5
BER;187210;-;-;79;945.1;96.9;8.9;-1.2;19.0;-;85.7
BER;187211;-;-;72;947.2;70.4;5.7;-2.6;16.1;-;83.5
BER;187212;-;-;-;943.6;74.3;1.9;-3.6;11.6;-;86.1
BER;187301;-;-;72;949.1;30.8;0.4;-5.8;8.2;-;79.8
BER;187302;-;-;76;949.2;27.5;-0.3;-8.0;11.2;-;76.0
BER;187303;-;-;73;943.7;96.2;6.2;-2.0;17.0;-;76.1
BER;187304;-;-;74;944.9;102.5;6.9;-5.8;20.9;-;72.9
BER;187305;-;-;68;948.7;69.8;10.8;0.5;23.0;-;67.0
BER;187306;-;-;57;950.4;64.7;16.2;3.5;30.1;-;66.9
BER;187307;-;-;46;952.6;103.8;19.9;9.9;32.6;-;67.8
BER;187308;-;-;50;952.6;57.9;18.9;8.0;32.8;-;67.9
BER;187309;-;-;58;951.9;70.7;13.2;3.0;25.1;-;75.6
BER;187310;-;-;71;948.5;108.7;9.0;-2.0;22.8;-;80.5
BER;187311;-;-;75;947.8;58.8;3.6;-4.5;13.0;-;79.0
BER;187312;-;-;71;958.7;32.0;-1.9;-14.6;7.8;-;79.9
BER;187401;-;-;68;956.0;22.8;-1.2;-13.0;8.8;-;76.9
BER;187402;-;-;48;951.6;26.1;-0.4;-16.0;12.2;-;70.7
BER;187403;-;-;49;955.7;34.4;3.9;-11.0;17.2;-;64.3
BER;187404;-;-;57;946.2;94.1;10.0;-0.5;23.1;-;63.5
BER;187405;-;-;56;946.4;130.3;9.4;-1.8;28.1;-;64.4
BER;187406;-;-;56;952.3;127.0;16.7;-;29.8;-;62.9
BER;187407;-;-;48;951.8;122.2;20.4;10.2;31.8;-;63.8
BER;187408;-;-;48;952.2;63.5;15.7;6.0;26.0;-;65.8
BER;187409;-;-;44;953.2;39.9;15.2;5.0;28.3;-;69.4
BER;187410;-;-;53;952.2;47.5;8.8;-1.8;22.0;-;75.5
BER;187411;-;-;71;948.8;141.8;0.8;-10.4;10.8;-;84.4
BER;187412;-;-;77;941.9;140.6;-2.5;-16.1;6.6;-;76.1
BER;187501;-;-;74;954.6;127.1;1.3;-11.8;12.4;-;76.9
BER;187502;-;-;68;947.4;18.1;-2.9;-12.9;5.4;-;74.7
BER;187503;-;-;65;951.0;21.0;2.6;-7.1;17.0;-;70.0
BER;187504;-;-;34;949.3;48.8;8.4;-2.0;23.0;-;58.1
BER;187505;-;-;47;951.4;148.3;15.2;2.6;26.8;-;62.3
BER;187506;-;-;67;950.7;111.5;16.9;5.8;29.2;-;66.7
BER;187507;-;-;63;950.2;207.6;16.5;7.3;27.4;-;74.7
BER;187508;-;-;46;953.2;131.1;18.5;8.8;31.8;-;74.8
BER;187509;-;-;52;954.0;77.7;15.1;6.1;25.0;-;79.7
BER;187510;-;-;73;946.1;114.3;7.8;-2.3;20.8;-;84.6
BER;187511;-;-;87;945.3;194.4;3.3;-8.2;17.6;-;81.5
BER;187512;-;-;82;952.8;6.3;-3.3;-10.8;6.6;-;85.6
BER;187601;-;-;86;956.5;30.4;-2.7;-11.4;5.2;-;85.5
BER;187602;-;-;83;948.2;183.6;1.8;-11.4;15.5;-;79.1
BER;187603;-;-;79;941.1;303.2;4.1;-8.8;14.6;-;75.4
BER;187604;-;-;66;945.7;142.9;8.3;-3.0;17.4;-;74.4
BER;187605;-;-;67;947.9;89.0;10.0;1.8;23.4;-;69.6
BER;187606;-;-;62;947.9;216.4;16.1;7.9;25.9;-;72.6
BER;187607;-;-;44;953.0;55.4;19.1;12.8;27.7;-;67.7
BER;187608;-;-;53;950.7;104.3;18.4;10.6;28.4;-;72.3
BER;187609;-;-;64;949.1;176.2;12.9;5.0;24.0;-;78.0
BER;187610;-;-;60;949.5;6.4;11.1;0.2;21.2;-;82.3
BER;187611;-;-;71;948.2;81.2;3.2;-9.6;11.8;-;85.0
BER;187612;-;-;74;941.3;88.0;3.2;-2.0;10.8;-;86.2
BER;187701;-;-;60;951.4;94.4;2.2;-4.3;12.5;-;80.6
BER;187702;-;-;82;950.5;186.9;4.1;-3.9;12.1;-;78.2
BER;187703;-;-;75;942.4;123.7;3.4;-10.7;16.3;-;75.7
BER;187704;-;-;60;942.1;132.3;8.3;0.2;17.5;-;74.0
BER;187705;-;-;72;946.2;181.7;10.9;1.1;20.7;-;73.8
BER;187706;-;-;42;952.5;181.4;19.1;7.4;29.2;-;69.7
BER;187707;-;-;61;951.7;142.8;17.8;9.8;26.7;-;73.8
BER;187708;-;-;53;950.8;110.8;18.7;10.7;28.5;-;76.4
BER;187709;-;-;57;950.8;44.1;12.2;1.0;22.3;-;76.6
BER;187710;-;-;59;952.8;34.1;6.5;-3.0;16.3;-;81.0
BER;187711;-;-;79;947.4;147.8;5.7;-1.0;12.9;-;83.5
BER;187712;-;-;80;951.1;85.1;1.3;-6.0;8.6;-;84.7
BER;187801;-;-;64;953.2;76.5;-2.0;-15.0;8.7;-;83.0
BER;187802;-;-;65;958.1;19.5;1.2;-7.6;10.8;-;81.8
BER;187803;-;-;71;949.1;48.4;3.5;-6.0;15.4;-;75.9
BER;187804;-;-;73;944.8;116.6;8.4;-1.5;18.0;-;77.9
BER;187805;-;-;60;947.2;116.6;14.1;3.5;26.1;-;72.0
BER;187806;-;-;63;949.7;131.4;15.7;7.8;25.0;-;76.9
BER;187807;-;-;55;950.6;82.8;17.5;6.8;27.5;-;73.2
BER;187808;-;-;64;947.4;131.8;16.9;8.8;25.1;-;80.4
BER;187809;-;-;59;951.0;47.8;13.6;5.7;23.4;-;83.9
BER;187810;-;-;67;947.8;78.8;9.2;0.2;17.3;-;83.7
BER;187811;-;-;70;942.8;60.7;1.8;-4.2;9.0;-;85.1
BER;187812;-;-;78;942.0;109.2;-3.4;-16.6;8.7;-;88.0
BER;187901;-;-;78;947.7;53.0;-1.8;-10.2;10.1;-;85.3
BER;187902;-;-;85;937.3;109.2;1.7;-6.0;10.5;-;83.3
BER;187903;-;-;57;949.1;20.7;4.6;-6.5;15.9;-;75.9
BER;187904;-;-;79;939.5;71.6;6.1;-3.1;15.0;-;77.3
BER;187905;-;-;76;947.9;98.9;8.7;0.9;19.0;-;75.0
BER;187906;-;-;53;950.4;70.9;16.4;7.6;29.0;-;69.9
BER;187907;-;-;61;950.0;162.8;15.2;8.0;26.5;-;75.7
BER;187908;-;-;55;951.1;96.0;18.5;10.7;29.0;-;79.8
BER;187909;-;-;64;951.7;87.1;13.7;4.9;23.8;-;86.0
BER;187910;-;-;68;953.4;72.9;6.7;-1.2;16.6;-;89.2
BER;187911;-;-;78;952.2;72.0;-0.1;-9.4;9.1;-;86.6
BER;187912;-;-;58;958.5;29.9;-9.7;-19.6;4.8;-;84.5
BER;188001;-;-;73;959.8;20.5;-5.7;-17.4;5.1;-;87.2
BER;188002;-;-;55;950.1;29.2;0.4;-12.8;10.6;-;81.7
BER;188003;-;-;35;953.5;8.7;6.8;-2.2;18.6;-;70.8
BER;188004;-;-;74;944.8;81.5;8.8;1.5;19.9;-;79.9
BER;188005;-;-;59;947.7;22.5;11.3;2.0;26.5;-;72.7
BER;188006;-;-;67;948.4;130.9;14.4;5.9;25.9;-;75.4
BER;188007;-;-;49;950.9;103.0;18.9;11.5;29.4;-;72.4
BER;188008;-;-;62;948.3;132.9;16.3;8.3;25.0;-;81.0
BER;188009;-;-;53;951.9;74.9;14.1;4.2;25.0;-;83.6
BER;188010;-;-;79;946.9;161.6;9.0;-2.4;18.9;-;87.4
BER;188011;-;-;81;950.7;32.9;4.4;-3.1;11.9;-;84.4
BER;188012;-;-;81;952.1;55.1;4.4;-2.9;10.7;-;81.1
BER;188101;-;-;70;943.3;38.6;-3.7;-18.5;7.7;-;81.6
BER;188102;-;-;65;945.5;35.7;2.7;-7.9;11.5;-;78.1
BER;188103;-;-;62;948.1;57.7;5.7;-6.8;17.9;-;69.8
BER;188104;-;-;76;944.9;80.7;7.6;-0.2;17.4;-;79.6
BER;188105;-;-;52;951.0;36.1;11.5;1.2;23.0;-;69.4
BER;188106;-;-;58;949.5;75.5;15.4;3.7;26.2;-;72.4
BER;188107;-;-;41;952.8;54.7;20.7;9.0;30.6;-;62.9
BER;188108;-;-;59;949.7;166.0;17.6;8.9;31.0;-;73.2
BER;188109;-;-;68;949.6;185.8;11.9;4.4;20.2;-;84.6
BER;188110;-;-;79;946.8;53.1;5.2;-2.3;17.1;-;84.9
BER;188111;-;-;64;955.7;44.0;4.7;-2.7;15.1;-;88.0
BER;188112;-;-;66;952.4;27.9;-0.4;-11.1;7.8;-;87.4
BER;188201;-;-;79;963.3;7.1;-1.7;-7.8;7.1;-;90.6
BER;188202;-;-;60;959.1;19.7;0.7;-8.8;13.6;-;77.0
BER;188203;-;-;47;951.7;23.1;6.3;-1.2;17.3;-;72.9
BER;188204;-;-;54;945.2;59.6;8.2;-4.0;20.1;-;69.0
BER;188205;-;-;56;950.3;61.2;12.8;0.7;26.7;-;72.0
BER;188206;-;-;63;950.2;136.4;14.9;4.2;26.7;-;70.6
BER;188207;-;-;57;949.6;126.1;15.9;8.0;27.4;-;77.8
BER;188208;-;-;58;950.4;95.0;15.3;7.7;26.9;-;76.9
BER;188209;-;-;79;945.9;186.7;11.8;3.5;23.6;-;86.5
BER;188210;-;-;71;947.0;119.1;9.5;1.4;20.9;-;86.9
BER;188211;-;-;74;945.0;117.4;5.0;-4.1;14.2;-;82.0
BER;188212;-;-;82;943.1;87.1;0.9;-10.7;11.7;-;88.6
BER;188301;-;-;76;948.2;31.8;0.2;-9.4;13.2;-;86.8
BER;188302;-;-;59;954.7;33.3;3.1;-2.1;12.1;-;81.1
BER;188303;-;-;67;940.3;44.3;0.5;-11.2;13.4;-;75.2
BER;188304;-;-;58;944.4;32.6;7.7;-0.5;18.6;-;67.2
BER;188305;-;-;58;945.2;108.9;13.0;1.8;24.2;-;70.3
BER;188306;-;-;65;947.0;153.0;15.2;6.6;25.2;-;78.8
BER;188307;-;-;64;947.6;132.5;16.2;9.0;29.1;-;76.3
BER;188308;-;-;38;950.6;73.3;16.6;6.9;28.0;-;76.2
BER;188309;-;-;64;948.5;92.3;12.9;4.4;19.3;-;82.4
BER;188310;-;-;69;951.8;72.4;7.7;-0.7;16.9;-;85.2
BER;188311;-;-;78;950.7;71.8;4.7;-2.4;14.0;-;82.6
BER;188312;-;-;82;953.1;50.9;-0.2;-13.9;7.8;-;87.0
BER;188401;-;-;72;957.9;16.6;1.8;-4.1;10.9;-;85.5
BER;188402;-;-;68;951.5;60.3;2.6;-5.0;12.1;-;83.2
BER;188403;-;-;44;948.3;8.2;6.0;-2.2;16.5;-;72.0
BER;188404;-;-;68;940.6;28.2;7.5;-0.1;18.6;-;73.5
BER;188405;-;-;53;950.8;105.3;13.9;4.0;24.9;-;70.1
BER;188406;-;-;66;949.1;56.4;13.2;6.0;24.2;-;71.8
BER;188407;-;-;52;951.7;158.5;18.3;9.4;28.9;-;74.1
BER;188408;-;-;40;951.5;106.4;17.4;6.7;28.0;-;77.9
BER;188409;-;-;51;952.7;57.5;13.7;6.6;23.0;-;84.2
BER;188410;-;-;70;952.3;30.3;7.8;0.2;17.3;-;80.6
BER;188411;-;-;74;953.7;13.0;1.9;-6.0;12.1;-;85.8
BER;188412;-;-;79;947.8;66.0;0.7;-9.8;10.7;-;86.5
BER;188501;-;-;74;947.7;4.7;-4.1;-11.7;8.2;-;90.3
BER;188502;-;-;64;947.5;99.3;3.7;-3.6;14.7;-;86.3
BER;188503;-;-;68;947.3;50.8;4.0;-5.6;13.0;-;76.7
BER;188504;-;-;57;941.3;14.9;9.3;0.0;21.2;-;69.5
BER;188505;-;-;63;947.1;118.1;10.3;1.0;26.6;-;75.4
BER;188506;-;-;46;950.8;51.4;17.3;7.2;27.3;-;69.5
BER;188507;-;-;41;953.8;34.7;19.1;11.3;27.2;-;66.4
BER;188508;-;-;55;949.0;94.4;16.8;6.2;27.3;-;69.2
BER;188509;-;-;55;951.0;130.4;12.8;1.1;24.3;-;81.6
BER;188510;-;-;74;944.2;157.4;7.3;0.8;18.3;-;82.8
BER;188511;-;-;89;948.0;38.7;4.3;-1.8;15.0;-;88.6
BER;188512;-;-;82;955.3;51.7;-0.3;-16.2;14.2;-;88.5
BER;188601;-;-;80;941.7;56.1;-2.0;-14.1;5.3;-;86.2
BER;188602;-;-;76;949.5;34.2;-2.3;-10.6;7.8;-;82.2
BER;188603;-;-;51;948.6;40.3;3.0;-9.8;17.8;-;72.6
BER;188604;-;-;62;946.6;59.3;9.6;0.2;20.1;9468;72.6
BER;188605;-;-;48;949.8;68.1;12.6;-0.6;26.2;15000;67.0
BER;188606;-;-;73;948.3;108.3;14.4;6.2;25.1;8718;75.0
BER;188607;-;-;44;951.4;94.7;18.4;8.1;30.0;17664;69.6
BER;188608;-;-;55;951.9;127.0;17.2;9.1;28.8;13668;80.5
BER;188609;-;-;45;953.8;29.0;15.7;3.4;26.3;13602;81.5
BER;188610;-;-;72;949.3;109.8;9.6;1.2;21.6;6714;86.5
BER;188611;-;-;72;950.4;70.4;4.6;-2.7;11.9;5046;84.6
BER;188612;-;-;79;944.2;104.1;0.4;-11.7;10.3;1866;84.5
BER;188701;-;-;83;952.2;7.5;-4.3;-11.6;3.7;2940;86.4
BER;188702;-;-;48;958.0;5.4;-2.5;-12.1;8.0;8784;75.9
BER;188703;-;-;71;950.4;95.4;1.1;-15.1;11.8;6576;80.8
BER;188704;-;-;54;947.6;46.9;7.7;-4.0;20.0;11148;66.3
BER;188705;-;-;76;949.2;111.2;9.9;0.9;21.1;8622;75.9
BER;188706;-;-;35;954.3;64.3;17.4;7.3;27.1;19710;62.9
BER;188707;-;-;49;953.5;60.0;19.8;10.0;28.3;16068;72.0
BER;188708;-;-;43;951.7;108.0;16.8;5.8;28.5;16242;76.5
BER;188709;-;-;56;949.9;58.3;12.3;0.8;24.3;10596;80.8
BER;188710;-;-;69;950.8;55.6;4.9;-4.5;15.1;7344;84.1
BER;188711;-;-;78;943.0;41.5;2.2;-3.8;9.2;3252;90.0
BER;188712;-;-;74;946.9;77.9;-1.3;-16.5;9.6;2940;83.0
BER;188801;-;-;71;957.2;16.8;-3.3;-19.5;5.1;3984;88.3
BER;188802;-;-;85;943.4;64.3;-1.4;-15.1;5.6;2400;86.0
BER;188803;-;-;69;940.8;117.0;2.3;-10.2;12.5;5712;77.1
BER;188804;-;-;76;945.2;100.2;6.2;-2.8;17.2;5190;80.2
BER;188805;-;-;45;951.9;56.6;13.8;3.1;24.8;16482;66.2
BER;188806;-;-;60;949.7;138.5;16.3;7.2;29.3;12234;75.7
BER;188807;-;-;67;948.4;117.0;15.6;6.9;27.3;12264;76.3
BER;188808;-;-;54;953.4;146.8;15.6;7.0;27.1;12948;81.6
BER;188809;-;-;64;953.8;120.6;13.9;5.0;22.1;8688;87.3
BER;188810;-;-;47;952.4;174.1;5.5;-1.6;14.1;10176;85.1
BER;188811;-;-;80;950.0;44.8;3.8;-3.0;12.0;2976;88.1
BER;188812;-;-;65;953.1;13.1;-1.4;-7.9;6.6;4308;90.8
BER;188901;-;-;71;953.0;7.9;-2.9;-10.0;5.8;3522;84.0
BER;188902;-;-;73;944.6;68.6;-1.5;-13.9;9.0;3474;78.7
BER;188903;-;-;68;947.9;35.0;1.2;-10.8;11.2;4764;76.9
BER;188904;-;-;64;942.2;29.3;7.1;-0.2;17.0;9504;75.0
BER;188905;-;-;64;946.1;56.1;13.8;4.5;25.0;9522;78.6
BER;188906;-;-;72;949.5;176.4;17.0;10.9;26.0;9126;80.7
BER;188907;-;-;50;950.6;110.2;17.2;8.9;30.0;15588;74.3
BER;188908;-;-;52;952.0;94.6;16.0;6.5;26.8;13110;79.0
BER;188909;-;-;55;950.9;81.4;12.0;0.3;25.3;10884;81.1
BER;188910;-;-;79;945.2;170.4;7.9;1.1;14.3;4254;89.1
BER;188911;-;-;83;957.7;45.4;2.6;-5.3;11.9;3414;89.9
BER;188912;-;-;83;955.6;27.2;-3.5;-13.4;4.9;1680;85.1
BER;189001;-;-;68;954.5;44.2;0.3;-7.6;9.4;4392;85.1
BER;189002;-;-;69;952.1;10.1;-3.2;-12.2;4.2;4416;84.5
BER;189003;-;-;52;946.7;21.0;3.6;-14.0;18.2;11166;74.5
BER;189004;-;-;61;943.1;53.5;7.5;-1.2;17.2;10002;72.9
BER;189005;-;-;60;944.4;101.3;13.5;3.8;23.0;12090;75.5
BER;189006;-;-;57;952.7;103.8;15.3;5.3;28.8;12564;71.2
BER;189007;-;-;55;950.7;94.3;16.2;6.9;28.8;13584;75.1
BER;189008;-;-;60;950.0;228.1;16.4;5.2;28.0;12408;80.9
BER;189009;-;-;44;956.3;26.3;12.5;4.5;21.4;13392;81.7
BER;189010;-;-;53;953.7;90.2;6.7;-3.6;21.3;9234;82.4
BER;189011;-;-;78;947.4;51.8;3.1;-9.6;12.1;4644;85.9
BER;189012;-;-;92;946.5;9.2;-5.1;-10.9;1.5;654;90.6
BER;189101;-;-;64;952.0;23.8;-6.3;-19.8;4.7;5190;84.0
BER;189102;-;-;28;961.6;2.8;-2.3;-12.0;8.4;10422;79.6
BER;189103;-;-;68;945.2;45.0;3.0;-5.0;11.1;7020;77.1
BER;189104;-;-;67;946.4;62.8;6.0;-3.2;19.6;7578;74.7
BER;189105;-;-;73;944.7;64.5;12.3;-0.1;22.2;8424;75.8
BER;189106;-;-;60;950.4;113.2;15.9;5.1;29.2;11466;73.9
BER;189107;-;-;63;951.0;155.0;16.7;10.2;30.2;10974;77.1
BER;189108;-;-;57;950.6;86.0;15.8;8.4;27.1;13596;77.4
BER;189109;-;-;46;954.3;74.7;13.8;4.1;24.7;13422;83.5
BER;189110;-;-;53;947.7;88.5;9.2;-3.3;19.3;9228;83.5
BER;189111;-;-;71;947.4;88.2;2.7;-6.0;10.2;4542;84.3
BER;189112;-;-;68;955.3;80.6;0.7;-11.3;10.1;4920;83.6
BER;189201;-;-;83;946.7;42.1;-1.6;-12.6;9.4;2352;84.8
BER;189202;-;-;72;943.3;37.4;1.2;-11.7;8.9;4296;81.0
BER;189203;-;-;58;946.0;25.9;0.8;-11.6;15.8;6936;77.5
BER;189204;-;-;59;947.3;45.9;8.5;-0.3;19.4;10860;71.5
BER;189205;-;-;54;949.9;29.1;12.7;0.7;27.6;14502;67.6
BER;189206;-;-;61;951.2;80.8;16.5;8.9;27.6;11982;71.4
BER;189207;-;-;50;950.6;82.8;17.4;10.1;27.9;16043;72.8
BER;189208;-;-;43;951.5;56.3;18.1;9.9;29.7;17190;71.9
BER;189209;-;-;60;953.0;100.1;14.1;6.7;23.2;10800;84.2
BER;189210;-;-;80;944.8;122.2;7.9;-1.5;18.7;4644;84.0
BER;189211;-;-;83;953.1;34.3;5.8;-3.1;16.8;2862;89.4
BER;189212;-;-;77;948.9;16.3;-2.1;-9.9;7.2;1224;86.5
BER;189301;-;-;74;949.0;35.2;-6.1;-17.2;6.0;4230;85.2
BER;189302;-;-;71;947.8;67.8;1.5;-9.8;8.3;4068;80.6
BER;189303;-;-;42;954.2;25.0;5.7;-4.3;14.2;13932;70.3
BER;189304;-;-;27;951.4;0.0;11.8;-0.1;23.3;18750;54.2
BER;189305;-;-;57;950.1;27.6;13.2;0.0;23.1;14466;64.1
BER;189306;-;-;49;949.8;74.5;16.7;6.6;27.3;15900;62.7
BER;189307;-;-;68;949.6;114.6;17.8;10.3;27.1;12690;71.9
BER;189308;-;-;32;953.0;23.4;18.6;9.8;28.9;19116;65.9
BER;189309;-;-;62;949.3;105.8;14.1;4.4;23.9;9720;76.9
BER;189310;-;-;59;950.9;58.1;10.0;1.4;19.3;9732;83.8
BER;189311;-;-;84;947.0;74.1;2.8;-3.7;13.0;2418;85.2
BER;189312;-;-;81;953.5;20.0;-0.9;-8.7;7.6;2904;87.6
BER;189401;-;-;76;950.4;28.6;-2.7;-17.0;6.0;2946;85.2
BER;189402;-;-;59;955.2;11.9;1.3;-10.0;11.9;7188;74.2
BER;189403;-;-;47;949.1;35.3;4.8;-1.0;14.5;11826;70.6
BER;189404;-;-;57;946.3;51.8;10.3;3.2;19.1;10728;68.6
BER;189405;-;-;70;946.0;99.1;11.7;3.8;22.1;9300;77.3
BER;189406;-;-;55;951.9;51.2;15.6;6.1;25.5;14328;69.7
BER;189407;-;-;56;951.0;92.2;18.3;11.0;28.3;15288;70.4
BER;189408;-;-;58;952.0;71.1;16.9;9.4;27.6;13062;74.7
BER;189409;-;-;68;951.2;69.3;12.6;5.3;25.9;8484;79.7
BER;189410;-;-;69;948.5;100.9;9.0;0.4;17.0;6762;82.9
BER;189411;-;-;77;952.4;43.8;4.2;-3.3;12.3;3336;87.1
BER;189412;-;-;72;951.7;33.5;-0.8;-9.3;5.9;3258;82.8
BER;189501;-;-;75;938.1;66.4;-5.3;-18.9;4.4;2910;84.1
BER;189502;-;-;63;944.2;30.9;-7.1;-18.1;2.0;5364;78.7
BER;189503;-;-;68;943.5;63.7;1.7;-13.9;13.3;6642;76.5
BER;189504;-;-;52;946.7;57.1;9.6;1.3;20.0;12246;70.5
BER;189505;-;-;58;949.7;47.3;12.6;3.3;22.9;12390;70.4
BER;189506;-;-;62;951.1;66.1;16.4;7.5;26.3;13878;70.5
BER;189507;-;-;48;950.9;122.8;18.2;10.8;28.2;17658;71.6
BER;189508;-;-;42;952.6;110.5;17.3;10.5;27.1;16824;74.6
BER;189509;-;-;24;956.1;15.6;16.8;7.0;27.8;16518;71.6
BER;189510;-;-;62;947.3;95.1;8.0;-1.1;21.1;8148;80.5
BER;189511;-;-;85;951.9;98.7;6.5;-4.0;19.7;3138;89.1
BER;189512;-;-;88;945.8;91.5;1.6;-5.2;11.2;2142;87.0
BER;189601;-;-;72;958.2;9.9;-1.9;-12.5;6.5;3588;86.4
BER;189602;-;-;72;957.9;4.2;-1.2;-7.1;8.6;5454;86.5
BER;189603;-;-;71;947.5;88.3;6.8;-0.3;16.6;6792;76.7
BER;189604;-;-;74;952.0;92.1;6.4;-1.0;17.3;8058;74.3
BER;189605;-;-;60;949.7;34.0;11.0;3.5;22.4;12846;72.0
BER;189606;-;-;69;949.4;148.7;16.1;7.9;24.3;11130;75.8
BER;189607;-;-;59;951.4;115.6;18.2;10.8;27.3;14550;73.2
BER;189608;-;-;70;950.2;120.3;14.6;6.2;23.3;10242;79.3
BER;189609;-;-;66;949.0;178.5;13.3;6.1;22.9;9582;82.7
BER;189610;-;-;76;945.4;151.0;7.4;-1.4;17.1;5502;86.5
BER;189611;-;-;84;949.3;42.3;2.1;-5.1;8.8;3288;86.3
BER;189612;-;-;94;946.6;21.6;0.2;-6.7;5.4;666;89.2
BER;189701;-;-;85;943.6;19.2;-1.6;-10.2;3.9;1967;87.3
BER;189702;-;-;72;955.7;86.0;4.3;-5.9;12.9;4536;84.4
BER;189703;-;-;74;946.4;61.9;7.0;-1.0;20.9;7020;76.2
BER;189704;-;-;75;946.2;78.3;8.3;-0.9;20.2;8178;76.5
BER;189705;-;-;66;946.4;95.4;11.2;1.5;24.1;12120;74.3
BER;189706;-;-;54;951.7;59.5;18.1;6.9;29.0;16242;69.7
BER;189707;-;-;60;950.6;92.9;18.6;10.3;27.2;15360;72.2
BER;189708;-;-;65;950.4;142.1;17.4;10.2;25.9;12744;78.1
BER;189709;-;-;71;951.4;128.3;12.8;3.8;23.0;7854;85.0
BER;189710;-;-;72;954.2;1.8;7.3;-0.7;18.8;7302;83.8
BER;189711;-;-;73;957.1;12.0;3.1;-5.9;14.1;4716;82.8
BER;189712;-;-;82;952.7;36.1;-0.5;-8.1;10.0;3060;85.0
BER;189801;-;-;83;961.0;12.0;-0.4;-9.6;9.5;2898;91.7
BER;189802;-;-;75;949.2;56.1;0.4;-13.5;11.4;5004;82.3
BER;189803;-;-;78;941.8;20.8;3.0;-3.6;16.9;5910;79.3
BER;189804;-;-;71;947.1;109.9;8.2;-1.5;19.0;8424;76.1
BER;189805;-;-;78;945.9;85.9;11.4;-0.2;22.0;8322;73.2
BER;189806;-;-;68;950.0;123.6;14.5;3.1;27.3;11052;75.6
BER;189807;-;-;55;952.5;93.9;16.4;5.5;28.2;16176;71.3
BER;189808;-;-;40;953.3;26.1;18.7;6.3;30.9;18054;68.9
BER;189809;-;-;41;953.6;8.8;15.2;1.9;29.8;14244;73.5
BER;189810;-;-;79;947.4;100.1;10.1;3.1;19.3;6048;86.3
BER;189811;-;-;89;947.2;84.8;4.7;-2.2;13.9;2490;88.6
BER;189812;-;-;76;957.3;28.6;-0.6;-13.5;7.5;3732;85.0
BER;189901;-;-;87;949.0;75.6;1.7;-5.1;11.0;2268;82.5
BER;189902;-;-;43;949.6;27.3;2.1;-10.1;16.0;10350;72.7
BER;189903;-;-;57;950.7;8.4;4.1;-9.9;18.8;10260;65.2
BER;189904;-;-;76;947.1;121.6;7.4;-3.2;21.2;7680;74.0
BER;189905;-;-;65;949.6;66.4;11.6;0.1;24.2;13134;65.9
BER;189906;-;-;55;949.6;71.8;15.8;5.2;26.3;15726;63.0
BER;189907;-;-;56;953.2;48.9;17.7;7.1;30.5;16050;67.0
BER;189908;-;-;38;952.9;40.0;18.5;6.9;29.5;18438;63.1
BER;189909;-;-;69;949.3;102.2;13.4;2.7;29.0;9228;77.6
BER;189910;-;-;65;953.6;88.2;8.6;-1.1;20.3;8964;84.6
BER;189911;-;-;65;958.1;22.9;3.2;-5.6;19.7;7152;84.4
BER;189912;-;-;85;946.7;46.9;-3.1;-15.6;10.6;2922;83.5
BER;190001;-;-;87;948.0;108.4;0.5;-9.0;11.8;2682;85.7
BER;190002;-;-;83;940.1;79.7;2.3;-7.6;16.0;3540;82.1
BER;190003;-;-;68;945.7;47.4;0.2;-13.2;12.3;7176;75.7
BER;190004;-;-;65;949.0;42.2;7.2;-5.2;21.8;10272;68.7
BER;190005;-;-;70;946.9;83.0;11.2;0.8;22.8;11400;69.8
BER;190006;-;-;58;949.7;73.2;16.8;6.9;26.7;15756;63.4
BER;190007;-;-;52;952.1;90.5;19.2;6.6;32.0;16283;64.3
BER;190008;-;-;57;950.6;137.7;16.0;6.0;27.0;14460;67.2
BER;190009;-;-;60;954.7;36.4;15.2;6.1;25.2;11784;79.5
BER;190010;-;-;62;952.6;55.2;8.7;-1.5;22.6;9306;82.6
BER;190011;-;-;89;944.0;51.2;4.1;-2.6;12.9;2406;92.6
BER;190012;-;-;86;953.7;64.1;1.1;-6.3;16.7;2682;93.6
BER;190101;-;-;74;953.1;26.7;-2.5;-14.5;8.7;4506;87.2
BER;190102;-;-;65;948.1;19.6;-5.2;-19.6;10.4;6378;79.8
BER;190103;-;-;81;941.4;76.3;1.8;-11.6;14.8;5052;79.3
BER;190104;-;-;69;948.2;184.5;8.4;-2.6;19.2;9408;75.7
BER;190105;-;-;52;949.1;17.0;13.0;0.8;28.5;16536;64.9
BER;190106;-;-;63;951.4;172.6;16.2;3.2;30.2;14298;73.1
BER;190107;-;-;56;950.2;125.6;18.0;8.4;27.7;16163;71.3
BER;190108;-;-;52;952.3;82.9;16.2;6.4;27.2;13698;81.1
BER;190109;-;-;72;947.7;138.9;13.8;4.4;25.0;8466;88.6
BER;190110;-;-;81;947.9;58.1;8.0;-0.2;19.3;4818;88.9
BER;190111;-;-;81;953.6;47.9;0.4;-6.0;13.2;3918;85.8
BER;190112;-;-;80;943.1;66.1;-0.5;-8.9;10.2;2868;90.2
BER;190201;-;-;66;955.8;45.4;-0.2;-7.9;8.9;5136;87.2
BER;190202;-;-;85;943.1;92.4;-0.9;-10.1;8.6;3072;89.9
BER;190203;-;-;64;947.2;108.0;4.1;-4.2;17.6;8141;79.5
BER;190204;-;-;70;946.2;84.2;10.2;-1.6;20.6;9546;74.7
BER;190205;-;-;78;948.2;131.0;8.3;-1.2;25.1;6540;74.3
BER;190206;-;-;63;948.4;49.7;14.9;5.0;28.5;13200;68.4
BER;190207;-;-;49;952.0;91.7;18.3;6.5;31.6;17772;67.0
BER;190208;-;-;64;950.5;154.5;16.2;7.9;28.5;12624;80.7
BER;190209;-;-;63;951.9;102.7;13.1;3.4;25.7;9264;86.3
BER;190210;-;-;86;949.9;93.3;7.6;-0.2;17.5;4158;89.8
BER;190211;-;-;87;948.0;35.7;1.7;-8.0;12.4;3246;90.7
BER;190212;-;-;85;952.4;56.1;-1.3;-12.6;11.1;2328;89.5
BER;190301;-;-;74;954.0;37.3;-1.9;-11.6;12.0;4200;87.1
BER;190302;-;-;49;959.5;52.0;1.0;-11.4;14.5;6990;80.1
BER;190303;-;-;55;951.5;50.0;5.1;-4.0;20.6;9894;76.2
BER;190304;-;-;76;944.8;51.2;4.6;-3.7;16.8;5520;77.6
BER;190305;-;-;53;947.0;76.4;12.6;1.8;26.0;15533;71.1
BER;190306;-;-;67;947.7;93.8;14.2;5.6;29.4;9294;78.1
BER;190307;-;-;62;950.6;182.7;16.1;7.4;28.3;13128;77.1
BER;190308;-;-;47;951.7;117.6;16.6;7.0;28.6;15713;76.9
BER;190309;-;-;53;952.7;49.0;13.8;3.5;28.2;11346;81.3
BER;190310;-;-;68;947.9;122.0;9.1;-2.0;22.9;7680;84.8
BER;190311;-;-;87;950.9;96.3;3.4;-2.5;10.5;1902;89.8
BER;190312;-;-;91;943.3;49.9;-2.3;-8.5;4.0;1134;93.0
BER;190401;-;-;84;951.7;22.8;-2.9;-12.8;11.0;1944;91.2
BER;190402;-;-;82;941.0;143.6;1.2;-8.6;10.5;4410;83.0
BER;190403;-;-;76;945.6;41.3;3.6;-6.2;15.0;5634;83.2
BER;190404;-;-;73;949.1;78.9;9.7;-1.1;25.9;8046;78.1
BER;190405;-;-;61;951.2;131.1;13.6;1.9;27.7;13710;75.9
BER;190406;-;-;56;950.9;121.0;16.8;5.6;28.6;13752;76.0
BER;190407;-;-;39;952.5;38.6;20.4;10.0;33.0;19086;68.2
BER;190408;-;-;48;952.3;90.7;18.2;5.5;31.2;16266;71.9
BER;190409;-;-;68;951.0;90.8;11.9;0.1;22.7;8340;86.4
BER;190410;-;-;71;952.2;27.2;8.4;-0.2;18.9;6672;90.9
BER;190411;-;-;63;951.8;31.0;1.9;-10.3;13.9;5766;88.0
BER;190412;-;-;85;950.6;64.7;0.1;-10.1;11.7;2424;93.1
BER;190501;-;-;63;957.9;37.8;-3.8;-18.3;7.5;5814;87.5
BER;190502;-;-;62;954.6;15.7;-0.1;-9.5;8.1;7386;85.5
BER;190503;-;-;74;946.4;124.7;4.5;-3.5;20.7;6408;84.2
BER;190504;-;-;70;945.2;149.8;8.3;-4.1;20.6;8928;79.0
BER;190505;-;-;67;949.0;109.4;10.8;1.4;26.2;10842;81.6
BER;190506;-;-;62;948.3;113.9;16.4;6.4;29.7;13680;79.5
BER;190507;-;-;41;952.1;76.6;20.1;8.3;32.7;19686;73.7
BER;190508;-;-;59;950.3;255.6;16.8;7.1;29.7;12882;83.9
BER;190509;-;-;74;949.8;135.8;13.5;5.1;25.8;7572;88.9
BER;190510;-;-;77;949.4;90.0;3.9;-5.5;14.1;6846;82.3
BER;190511;-;-;80;942.8;109.0;2.5;-5.6;15.3;3396;90.1
BER;190512;-;-;86;957.0;42.8;-0.6;-7.3;10.5;2310;92.4
BER;190601;-;-;77;953.6;57.8;-0.5;-14.1;12.5;4350;84.2
BER;190602;-;-;77;944.0;63.2;-1.1;-12.5;11.9;4872;80.3
BER;190603;-;-;57;948.0;53.9;2.8;-7.6;19.3;9720;74.1
BER;190604;-;-;64;949.3;38.6;7.5;-6.3;20.2;10122;74.1
BER;190605;-;-;66;946.4;102.4;12.5;0.2;29.8;12504;76.2
BER;190606;-;-;56;951.5;86.1;15.3;3.4;29.8;16392;71.4
BER;190607;-;-;56;951.4;101.9;18.2;5.6;29.9;14928;77.0
BER;190608;-;-;41;953.2;31.3;18.3;6.6;31.1;17634;68.4
BER;190609;-;-;45;954.1;30.2;13.1;0.1;30.7;14772;76.0
BER;190610;-;-;60;949.3;55.1;10.2;1.6;21.5;9768;85.7
BER;190611;-;-;83;949.8;65.9;4.1;-2.2;12.7;3408;89.2
BER;190612;-;-;82;946.8;89.4;-3.1;-20.5;8.7;2760;90.0
BER;190701;-;-;81;957.7;67.9;-2.4;-20.2;10.1;2778;87.5
BER;190702;-;-;76;948.2;42.1;-3.2;-14.0;8.2;4722;84.2
BER;190703;-;-;50;954.5;47.2;2.6;-7.2;16.7;10572;74.0
BER;190704;-;-;72;941.5;78.7;6.5;-3.3;20.2;8496;81.1
BER;190705;-;-;64;948.0;91.4;12.9;-1.8;27.3;11370;77.0
BER;190706;-;-;67;950.2;170.2;15.3;4.5;27.5;13398;77.7
BER;190707;-;-;54;951.1;96.7;15.7;5.8;28.3;15186;77.9
BER;190708;-;-;43;953.1;74.0;17.7;5.3;29.4;17796;77.8
BER;190709;-;-;54;953.3;68.9;14.0;4.1;25.2;10662;89.4
BER;190710;-;-;69;945.0;75.3;9.2;2.1;19.3;6606;91.2
BER;190711;-;-;79;950.4;21.8;4.0;-3.1;14.1;3456;94.1
BER;190712;-;-;71;946.7;106.8;1.7;-7.2;11.8;4296;92.5
BER;190801;-;-;83;954.6;26.0;-4.1;-13.9;9.5;3228;94.8
BER;190802;-;-;67;952.4;86.0;-0.2;-15.1;8.8;5520;88.2
BER;190803;-;-;74;946.4;45.1;2.4;-8.1;14.1;6144;86.2
BER;190804;-;-;70;944.1;60.7;5.9;-3.0;19.8;9060;81.7
BER;190805;-;-;57;951.8;128.8;14.1;0.0;27.8;14922;76.1
BER;190806;-;-;48;950.6;89.2;17.7;5.5;29.4;16620;73.1
BER;190807;-;-;52;950.8;176.5;17.2;8.3;30.2;15906;80.2
BER;190808;-;-;50;950.7;92.8;15.4;5.4;27.6;16092;82.1
BER;190809;-;-;68;953.3;123.5;12.7;1.8;24.5;9234;86.3
BER;190810;-;-;58;954.4;12.3;7.8;-2.7;22.6;9756;89.9
BER;190811;-;-;85;952.0;52.1;1.5;-5.8;11.5;2946;96.0
BER;190812;-;-;82;948.8;49.2;-1.1;-16.6;7.6;2856;96.1
BER;190901;-;-;73;953.9;24.7;-3.9;-17.2;11.5;3426;93.8
BER;190902;-;-;58;949.3;16.8;-2.9;-13.9;8.8;7116;87.7
BER;190903;-;-;73;937.9;73.4;1.0;-13.9;15.7;6078;87.5
BER;190904;-;-;52;949.8;68.7;9.4;-3.6;23.5;13590;73.2
BER;190905;-;-;49;951.2;44.3;12.2;-1.6;28.0;16602;69.5
BER;190906;-;-;72;948.5;161.8;14.1;4.5;27.5;11892;71.3
BER;190907;-;-;68;950.7;121.7;15.4;6.1;28.1;13122;74.8
BER;190908;-;-;54;951.1;88.9;16.4;5.4;29.2;14088;75.1
BER;190909;-;-;63;949.8;60.2;12.6;3.5;23.9;9984;82.4
BER;190910;-;-;71;950.1;116.6;9.6;-0.7;23.6;7596;83.2
BER;190911;-;-;75;947.5;39.9;1.5;-7.5;13.9;4626;82.2
BER;190912;-;-;85;943.8;156.5;1.4;-8.4;15.4;2808;85.1
BER;191001;-;-;84;948.8;174.4;-0.3;-9.5;10.1;3150;84.0
BER;191002;-;-;71;945.6;55.9;0.6;-10.2;14.5;6204;75.8
BER;191003;-;-;60;951.0;27.3;3.8;-5.5;16.9;8670;75.4
BER;191004;-;-;74;945.4;86.6;7.1;-2.0;21.5;8111;74.8
BER;191005;-;-;72;944.5;100.5;10.9;-0.5;25.8;10320;73.8
BER;191006;-;-;63;947.7;172.1;15.7;7.0;26.5;12954;74.4
BER;191007;-;-;66;948.4;188.6;15.6;7.0;29.5;13914;73.0
BER;191008;-;-;60;950.9;89.1;16.3;7.2;28.8;14448;77.6
BER;191009;-;-;68;953.0;76.5;11.4;2.1;21.2;7974;84.9
BER;191010;-;-;72;951.1;32.0;9.1;0.9;22.6;6780;89.0
BER;191011;-;-;82;942.4;188.9;2.4;-7.3;12.8;3804;84.2
BER;191012;-;-;87;945.6;77.3;1.7;-7.5;8.8;2004;91.1
BER;191101;-;-;68;956.1;15.8;-5.1;-12.4;3.5;4308;87.9
BER;191102;-;-;67;956.4;50.1;0.0;-15.5;11.9;6504;77.2
BER;191103;-;-;68;944.9;68.4;3.7;-7.9;16.5;7062;77.6
BER;191104;-;-;59;948.0;39.7;7.0;-5.0;22.9;11628;70.2
BER;191105;-;-;73;946.7;124.3;12.6;1.6;23.8;11556;73.6
BER;191106;-;-;59;951.5;117.0;15.3;4.5;26.7;13914;69.7
BER;191107;-;-;33;954.1;1.2;20.8;8.9;33.8;22170;56.4
BER;191108;-;-;34;951.1;45.3;20.7;8.9;32.0;19410;58.0
BER;191109;-;-;51;952.7;71.1;15.6;3.4;30.4;11994;72.4
BER;191110;-;-;76;949.6;65.6;8.5;-1.4;18.0;6816;85.2
BER;191111;-;-;78;946.6;64.9;4.9;-3.1;17.3;4890;86.4
BER;191112;-;-;81;949.5;104.6;2.1;-4.1;12.2;2388;88.4
BER;191201;-;-;82;948.6;55.4;0.1;-10.4;9.6;2988;89.3
BER;191202;-;-;69;944.8;60.9;3.2;-15.9;16.0;7998;78.3
BER;191203;-;-;68;947.6;81.9;6.2;-3.4;21.5;8502;74.8
BER;191204;-;-;60;949.8;27.6;7.1;-3.6;20.2;10476;64.4
BER;191205;-;-;61;949.7;89.9;13.3;-0.6;30.2;12060;66.7
BER;191206;-;-;65;948.7;128.1;15.7;5.5;28.2;12942;68.6
BER;191207;-;-;55;949.4;135.1;16.6;6.9;28.0;12114;70.7
BER;191208;-;-;72;948.5;213.6;13.5;5.5;25.1;7566;78.6
BER;191209;-;-;68;952.7;28.7;8.6;0.0;19.1;5520;77.9
BER;191210;-;-;78;950.1;163.2;6.8;-0.8;20.2;4908;85.2
BER;191211;-;-;70;949.9;53.5;0.9;-5.9;11.5;4296;83.4
BER;191212;-;-;72;955.6;38.1;0.0;-8.3;11.3;4176;91.2
BER;191301;-;-;87;949.2;66.1;0.9;-5.9;8.4;2370;89.4
BER;191302;-;-;46;954.2;29.6;0.2;-8.9;10.5;8646;77.2
BER;191303;-;-;59;951.5;106.6;5.4;-5.0;19.5;8298;77.7
BER;191304;-;-;67;944.8;78.4;7.7;-7.9;23.5;8208;75.4
BER;191305;-;-;59;947.9;84.7;12.2;0.3;26.5;11724;71.5
BER;191306;-;-;65;953.7;57.1;15.2;5.9;28.4;10764;70.7
BER;191307;-;-;69;949.5;96.1;14.7;6.2;26.7;10560;74.0
BER;191308;-;-;52;950.7;74.7;16.1;6.5;27.5;13512;75.0
BER;191309;-;-;67;949.4;140.1;12.5;3.7;25.3;8010;84.2
BER;191310;-;-;69;949.9;40.2;9.2;0.4;19.5;7086;87.7
BER;191311;-;-;87;952.5;131.0;6.2;-1.0;16.6;1572;89.4
BER;191312;-;-;79;952.5;49.0;0.0;-7.6;9.3;3132;87.3
BER;191401;-;-;80;951.9;47.0;-5.2;-12.3;7.2;2454;88.7
BER;191402;-;-;61;948.9;33.5;0.9;-12.1;13.4;5706;86.6
BER;191403;-;-;79;944.4;156.8;4.7;-3.2;17.9;5370;79.8
BER;191404;-;-;54;952.3;66.4;10.2;-0.2;23.0;12108;68.5
BER;191405;-;-;78;950.6;139.4;10.5;0.2;26.8;6834;80.2
BER;191406;-;-;64;949.4;96.9;14.4;2.7;27.2;12288;75.9
BER;191407;-;-;67;948.7;179.2;15.8;6.9;29.0;11166;77.4
BER;191408;-;-;54;952.1;170.4;16.6;7.3;28.7;13344;80.0
BER;191409;-;-;55;953.1;58.2;13.0;1.0;26.5;9990;80.6
BER;191410;-;-;72;948.5;36.3;7.8;-2.4;19.1;7386;86.0
BER;191411;-;-;75;947.2;60.5;2.3;-9.3;14.2;4680;87.5
BER;191412;-;-;72;946.2;69.1;2.0;-5.2;13.7;3905;85.7
BER;191501;-;-;83;939.3;74.9;-0.4;-14.6;11.5;2526;85.5
BER;191502;-;-;78;943.7;54.5;-0.1;-11.2;10.1;3528;86.0
BER;191503;-;-;77;946.0;95.4;2.6;-6.8;16.9;5346;82.6
BER;191504;-;-;64;948.2;85.1;6.6;-1.9;21.6;9606;79.7
BER;191505;-;-;65;947.5;99.0;14.5;4.8;24.3;11364;76.1
BER;191506;-;-;62;949.7;150.3;17.3;7.9;27.2;13788;74.6
BER;191507;-;-;62;950.7;167.0;16.5;5.6;27.9;13890;75.3
BER;191508;-;-;53;951.3;110.4;15.8;4.8;26.5;15330;77.0
BER;191509;-;-;64;950.4;88.7;11.5;3.0;23.9;8322;85.9
BER;191510;-;-;82;948.7;17.3;6.2;-3.9;16.0;3582;89.6
BER;191511;-;-;72;946.6;106.4;0.9;-12.8;11.1;4266;88.4
BER;191512;-;-;78;945.7;106.5;3.9;-9.7;19.1;2400;88.8
BER;191601;-;-;65;959.1;33.2;2.1;-9.1;13.0;5718;86.5
BER;191602;-;-;80;945.2;102.1;1.2;-6.9;11.2;4212;84.8
BER;191603;-;-;78;938.0;84.9;3.9;-8.0;15.7;4704;83.7
BER;191604;-;-;67;945.5;95.8;8.0;-2.3;20.0;9660;78.9
BER;191605;-;-;64;948.5;71.6;13.2;3.0;25.5;11172;74.5
BER;191606;-;-;68;948.5;189.0;13.2;3.1;26.3;9930;75.4
BER;191607;-;-;68;950.5;175.1;16.2;6.5;25.8;11712;80.9
BER;191608;-;-;53;950.0;126.0;16.4;6.0;27.9;14364;78.7
BER;191609;-;-;68;949.2;58.6;11.3;2.1;22.0;8352;86.6
BER;191610;-;-;68;952.1;87.9;8.3;-2.5;22.3;7901;87.3
BER;191611;-;-;78;946.7;99.7;3.2;-5.6;16.5;3558;89.9
BER;191612;-;-;89;940.7;148.8;0.7;-9.9;10.5;1374;91.7
BER;191701;-;-;87;941.5;34.7;-2.8;-12.5;9.0;1962;89.3
BER;191702;-;-;65;949.4;14.5;-2.9;-16.3;9.8;5280;86.5
BER;191703;-;-;79;942.2;124.6;1.3;-7.0;14.5;5052;83.2
BER;191704;-;-;74;946.4;72.7;5.0;-2.3;21.0;8820;75.4
BER;191705;-;-;61;948.4;79.7;15.4;5.1;27.9;12060;75.8
BER;191706;-;-;50;952.4;111.7;17.7;6.6;27.5;16242;75.3
BER;191707;-;-;56;952.3;95.9;17.4;5.5;29.6;14310;77.4
BER;191708;-;-;59;948.7;119.6;16.0;7.9;26.1;13134;83.8
BER;191709;-;-;46;954.3;46.6;15.3;6.1;27.0;13224;86.3
BER;191710;-;-;78;947.6;152.0;6.8;-4.1;21.0;4866;89.2
BER;191711;-;-;73;954.1;74.4;2.9;-5.9;13.5;4668;88.6
BER;191712;-;-;72;950.9;20.5;-5.4;-19.6;6.8;3066;90.9
BER;191801;-;-;62;952.9;45.9;-1.3;-17.0;12.3;5088;87.1
BER;191802;-;-;56;958.1;26.3;0.3;-10.9;13.0;6876;83.7
BER;191803;-;-;56;948.4;55.3;3.5;-6.6;17.4;11268;78.3
BER;191804;-;-;82;942.4;83.1;7.6;-1.1;18.9;4434;83.0
BER;191805;-;-;50;949.3;43.7;14.0;4.1;25.5;15012;70.3
BER;191806;-;-;55;950.8;162.0;13.7;2.5;25.4;14214;70.6
BER;191807;-;-;50;951.0;29.0;17.4;5.9;30.7;16638;72.3
BER;191808;-;-;48;952.4;65.6;16.7;3.5;30.7;15090;76.7
BER;191809;-;-;69;949.0;237.6;13.5;4.0;25.5;8556;86.2
BER;191810;-;-;73;949.8;54.8;6.6;-1.8;18.0;6504;90.0
BER;191811;-;-;78;951.0;29.3;3.0;-5.5;15.4;4164;89.1
BER;191812;-;-;80;949.9;138.7;2.9;-5.7;12.6;3168;88.5
BER;191901;-;-;86;944.5;29.3;-0.3;-7.2;12.3;2424;87.1
BER;191902;-;-;74;942.8;111.4;-1.2;-19.4;11.9;4488;84.0
BER;191903;-;-;76;944.3;102.5;3.7;-5.4;16.8;6420;81.7
BER;191904;-;-;80;946.6;104.1;4.8;-4.0;17.4;5910;79.0
BER;191905;-;-;46;950.5;40.7;12.6;0.2;23.5;16392;65.7
BER;191906;-;-;49;953.5;81.5;16.3;5.3;29.3;16434;65.7
BER;191907;-;-;72;950.3;118.1;14.5;5.0;25.4;11118;77.5
BER;191908;-;-;36;952.7;29.4;18.9;4.9;31.2;18504;65.4
BER;191909;-;-;46;951.4;48.5;15.6;3.0;28.3;13278;77.7
BER;191910;-;-;78;951.1;56.1;5.2;-2.9;18.7;5196;88.1
BER;191911;-;-;86;942.8;127.6;1.6;-8.1;12.6;2850;88.5
BER;191912;-;-;87;948.4;147.3;1.3;-12.4;12.0;2496;91.7
BER;192001;-;-;65;950.8;87.4;2.3;-5.3;13.6;5040;88.8
BER;192002;-;-;41;958.0;9.4;2.4;-6.8;12.9;9474;81.8
BER;192003;-;-;56;949.4;45.0;5.7;-7.8;21.0;9870;79.1
BER;192004;-;-;70;945.6;83.8;8.4;-1.6;20.5;6066;79.2
BER;192005;-;-;58;952.7;93.7;14.9;0.1;28.0;11646;77.2
BER;192006;-;-;60;949.8;88.5;15.5;5.4;26.6;12174;72.2
BER;192007;-;-;47;951.4;93.3;17.4;5.5;29.9;15228;69.3
BER;192008;-;-;46;951.5;92.1;15.2;5.6;27.0;14058;71.4
BER;192009;-;-;63;951.5;121.8;13.4;6.1;22.7;7488;84.6
BER;192010;-;-;74;948.2;8.5;8.2;-3.8;18.4;4068;88.4
BER;192011;-;-;69;953.0;6.5;2.0;-5.7;15.5;3540;89.1
BER;192012;-;-;92;949.1;40.6;-0.3;-11.3;13.5;702;89.4
BER;192101;-;-;71;953.8;31.1;3.2;-4.5;13.5;4788;84.6
BER;192102;-;-;46;953.6;5.5;0.4;-7.1;11.5;8226;82.7
BER;192103;-;-;44;953.3;19.8;5.3;-5.6;18.5;12150;74.6
BER;192104;-;-;62;947.1;58.5;6.9;-3.6;20.8;8664;71.0
BER;192105;-;-;63;947.8;163.0;13.3;-0.6;23.8;10374;74.1
BER;192106;-;-;48;951.0;68.7;16.4;5.8;28.4;16002;63.8
BER;192107;-;-;34;951.9;42.0;19.8;8.4;34.7;19026;62.9
BER;192108;-;-;46;949.3;149.1;17.0;6.4;32.3;13896;70.2
BER;192109;-;-;48;953.5;101.6;14.8;2.3;24.7;12408;80.7
BER;192110;-;-;35;955.9;24.5;10.8;-1.4;22.5;12564;83.0
BER;192111;-;-;87;950.7;40.5;0.2;-6.2;13.4;1997;88.0
BER;192112;-;-;79;952.9;21.1;0.2;-9.7;11.7;2502;87.5
BER;192201;-;-;86;945.0;78.5;-1.0;-10.4;9.2;1680;87.3
BER;192202;-;-;65;950.0;84.9;0.1;-14.0;14.1;5148;84.0
BER;192203;-;-;75;944.4;90.3;4.3;-8.2;16.3;6144;80.2
BER;192204;-;-;78;942.3;182.6;5.9;-1.4;21.5;4920;79.2
BER;192205;-;-;41;953.4;46.5;15.2;1.1;29.3;16656;63.5
BER;192206;-;-;66;949.7;144.2;16.2;6.8;27.8;13098;72.3
BER;192207;-;-;57;951.1;141.5;16.1;4.6;29.4;14316;72.4
BER;192208;-;-;53;950.3;159.1;16.2;6.6;28.3;13332;77.7
BER;192209;-;-;70;949.0;86.1;11.2;2.8;23.5;8021;82.2
BER;192210;-;-;87;946.5;110.9;6.4;0.0;21.6;3504;87.8
BER;192211;-;-;73;954.1;81.6;1.6;-5.1;10.5;4104;87.5
BER;192212;-;-;76;949.4;103.7;-0.4;-10.5;8.0;3444;92.1
BER;192301;-;-;76;954.5;34.7;-1.0;-12.2;5.9;3294;88.3
BER;192302;-;-;82;942.5;90.9;2.5;-2.8;8.7;3066;88.6
BER;192303;-;-;75;948.7;37.0;4.6;-3.0;16.4;5730;82.4
BER;192304;-;-;62;941.5;61.4;8.1;-1.8;19.5;8352;76.0
BER;192305;-;-;55;949.5;144.4;12.0;0.0;27.0;13410;72.1
BER;192306;-;-;68;952.3;64.9;12.4;3.1;25.7;10878;73.0
BER;192307;-;-;48;952.5;57.3;20.1;8.6;31.6;17514;66.1
BER;192308;-;-;35;951.5;81.6;17.9;6.1;33.2;17352;66.0
BER;192309;-;-;43;953.3;76.5;13.2;3.8;24.6;12000;78.2
BER;192310;-;-;64;948.4;215.3;10.3;0.6;22.5;6462;84.9
BER;192311;-;-;82;944.0;152.2;3.0;-6.4;13.4;2994;88.2
BER;192312;-;-;92;947.7;124.6;0.2;-8.6;8.0;1740;87.7
BER;192401;-;-;71;950.6;42.2;-2.6;-10.9;5.6;4038;89.2
BER;192402;-;-;76;945.3;16.2;-2.3;-11.5;5.8;4092;84.6
BER;192403;-;-;52;944.9;52.5;3.3;-7.2;15.4;10308;77.2
BER;192404;-;-;71;945.8;94.9;8.1;-1.5;22.4;7871;73.3
BER;192405;-;-;68;950.2;164.2;13.6;1.8;27.0;11454;74.8
BER;192406;-;-;60;950.4;113.1;15.5;8.0;27.0;13554;74.7
BER;192407;-;-;58;949.9;99.0;17.5;7.0;30.6;13236;73.0
BER;192408;-;-;69;949.7;103.4;13.7;4.4;27.5;9822;78.3
BER;192409;-;-;60;949.9;84.1;13.3;4.5;26.4;9978;83.3
BER;192410;-;-;64;951.1;93.5;8.7;1.2;16.9;7704;86.6
BER;192411;-;-;83;952.5;2.5;3.5;-5.5;20.0;3186;85.5
BER;192412;-;-;69;954.2;20.0;-0.5;-7.9;9.0;2472;89.4
BER;192501;-;-;67;962.1;43.9;0.8;-7.2;12.2;5238;89.1
BER;192502;-;-;62;946.5;53.7;2.5;-3.2;11.2;6486;80.8
BER;192503;-;-;72;948.4;15.9;1.3;-10.4;13.1;6150;79.5
BER;192504;-;-;73;945.0;100.9;8.0;0.2;20.5;7356;79.5
BER;192505;-;-;62;946.6;164.5;12.2;0.0;24.4;12618;75.4
BER;192506;-;-;38;949.9;70.6;16.5;7.7;28.1;18924;65.0
BER;192507;-;-;58;949.4;108.6;16.8;8.0;29.8;14070;73.8
BER;192508;-;-;51;951.3;103.8;16.1;7.8;30.3;14346;77.3
BER;192509;-;-;60;951.1;125.0;11.1;2.0;23.6;10470;80.6
BER;192510;-;-;60;949.8;27.9;9.3;-2.5;18.7;7871;82.0
BER;192511;-;-;90;945.7;63.5;1.7;-9.2;18.3;1710;86.8
BER;192512;-;-;75;947.2;134.5;-0.2;-16.2;13.3;3330;82.9
BER;192601;-;-;65;949.7;77.2;-0.6;-13.8;8.0;4446;84.6
BER;192602;-;-;65;948.6;41.6;4.5;-1.3;12.1;5340;84.5
BER;192603;-;-;71;949.9;56.4;4.6;-2.9;16.5;6102;79.4
BER;192604;-;-;49;946.4;43.9;9.4;0.9;23.2;11742;70.7
BER;192605;-;-;70;944.7;179.3;10.6;-0.5;23.0;9600;75.0
BER;192606;-;-;62;948.0;131.1;13.2;5.0;25.2;11202;76.2
BER;192607;-;-;59;950.3;118.2;16.6;7.9;29.7;12900;75.6
BER;192608;-;-;40;953.3;52.5;17.0;6.0;28.1;17178;74.7
BER;192609;-;-;37;954.6;65.1;15.5;3.8;26.6;14472;77.8
BER;192610;-;-;66;947.2;149.3;8.9;-1.4;21.4;7584;84.9
BER;192611;-;-;69;944.4;90.8;4.9;-3.8;18.9;4440;88.2
BER;192612;-;-;79;953.5;19.1;-1.5;-11.3;6.1;1500;88.2
BER;192701;-;-;85;948.0;60.2;-0.2;-8.3;6.0;2952;88.6
BER;192702;-;-;58;952.1;59.7;-0.6;-11.3;12.1;6354;80.8
BER;192703;-;-;67;945.6;101.9;4.8;-2.7;15.6;7548;77.8
BER;192704;-;-;68;948.6;89.9;8.8;-0.8;23.0;9630;70.0
BER;192705;-;-;52;948.8;96.0;13.5;1.2;23.5;14850;68.7
BER;192706;-;-;56;949.3;143.2;15.7;6.4;27.1;13626;72.0
BER;192707;-;-;59;948.4;130.0;17.6;8.6;29.0;13998;74.3
BER;192708;-;-;63;950.4;224.5;16.1;6.8;28.3;12678;81.0
BER;192709;-;-;69;948.1;108.5;13.6;5.7;26.4;8724;82.7
BER;192710;-;-;51;952.0;28.8;8.2;0.9;19.1;9672;83.0
BER;192711;-;-;76;948.5;61.6;3.3;-7.4;16.3;4314;88.1
BER;192712;-;-;89;943.4;43.2;-0.8;-15.2;10.4;1368;87.9
BER;192801;-;-;77;951.9;63.4;1.3;-6.6;9.0;3816;86.6
BER;192802;-;-;46;955.6;59.7;2.4;-6.4;11.1;8388;79.8
BER;192803;-;-;68;943.7;65.7;4.7;-3.6;17.6;6030;79.5
BER;192804;-;-;62;943.1;73.1;7.9;-1.1;19.7;8976;71.9
BER;192805;-;-;60;944.7;111.6;10.5;0.0;24.9;11934;71.5
BER;192806;-;-;56;950.7;77.2;16.0;5.6;29.2;14982;69.5
BER;192807;-;-;26;953.5;93.2;20.8;11.2;33.2;21264;61.5
BER;192808;-;-;51;951.1;116.4;18.5;8.5;31.3;14244;69.9
BER;192809;-;-;58;951.7;109.9;13.2;1.6;25.5;8502;83.9
BER;192810;-;-;63;949.9;107.4;8.2;0.4;17.6;6588;85.4
BER;192811;-;-;76;946.3;101.3;5.2;-3.6;15.4;3882;86.8
BER;192812;-;-;85;950.4;48.9;-0.2;-9.2;8.4;1770;86.7
BER;192901;-;-;71;953.4;10.4;-5.1;-15.0;4.0;3186;83.1
BER;192902;-;-;56;948.2;19.2;-6.9;-23.0;9.3;6366;78.5
BER;192903;-;-;38;955.5;14.1;3.6;-10.2;16.1;11982;72.8
BER;192904;-;-;63;945.6;75.2;5.8;-6.3;20.2;8622;68.8
BER;192905;-;-;59;948.4;71.8;13.0;3.7;26.5;11844;69.2
BER;192906;-;-;55;950.8;76.5;16.7;7.6;26.7;13836;68.1
BER;192907;-;-;41;952.7;102.1;18.7;7.6;32.6;16800;65.9
BER;192908;-;-;50;951.6;93.5;16.9;7.6;28.1;12654;78.1
BER;192909;-;-;29;953.4;45.7;16.5;3.9;28.3;15983;77.9
BER;192910;-;-;68;947.9;114.2;9.2;-1.7;23.4;5640;84.9
BER;192911;-;-;71;947.4;52.3;3.8;-4.8;11.0;4140;87.1
BER;192912;-;-;71;950.1;129.5;3.1;-11.6;11.3;4626;82.3
BER;193001;-;-;69;948.8;37.2;1.8;-3.8;10.7;3690;88.3
BER;193002;-;-;64;946.7;25.5;0.3;-7.6;10.5;5202;79.7
BER;193003;-;-;61;945.9;68.4;5.2;-4.6;15.6;6660;77.3
BER;193004;-;-;66;940.3;147.0;8.7;-0.1;22.2;8130;76.3
BER;193005;-;-;75;948.1;132.9;11.1;2.8;23.7;7212;77.7
BER;193006;-;-;51;949.2;104.9;18.3;10.5;26.7;15090;73.4
BER;193007;-;-;62;948.0;227.0;16.3;7.0;29.2;11202;73.7
BER;193008;-;-;50;951.8;141.4;16.7;7.6;27.8;13800;77.7
BER;193009;-;-;66;950.3;77.3;14.3;6.5;27.2;8238;81.8
BER;193010;-;-;75;949.6;170.7;8.6;0.4;18.5;6318;84.9
BER;193011;-;-;65;949.9;115.1;6.2;-2.3;16.0;4980;80.8
BER;193012;-;-;80;947.7;44.1;1.2;-6.0;9.1;2466;84.0
BER;193101;-;2;74;947.5;94.1;0.1;-11.5;9.4;4098;81.2
BER;193102;-;7;68;946.1;60.2;-0.9;-13.7;10.0;4716;79.2
BER;193103;-;20;55;945.1;129.5;1.1;-11.6;13.5;9102;74.6
BER;193104;-;0;59;946.0;53.9;7.5;-4.8;20.0;9354;65.3
BER;193105;-;0;60;947.0;105.7;14.8;2.5;29.0;11196;66.7
BER;193106;-;0;47;952.7;124.0;18.1;7.2;32.0;14808;66.9
BER;193107;-;0;61;949.5;178.1;16.6;6.4;27.7;12306;70.8
BER;193108;-;0;62;948.2;203.8;15.0;6.1;28.0;9708;79.8
BER;193109;-;0;59;951.7;69.6;9.4;-0.8;21.1;8808;82.4
BER;193110;-;0;47;952.6;77.3;7.6;-1.0;22.5;10986;78.0
BER;193111;-;0;73;948.5;17.6;5.2;-2.2;13.4;4458;83.7
BER;193112;-;0;68;956.3;23.8;-0.7;-10.0;11.4;5010;78.8
BER;193201;-;1;77;959.7;32.9;-0.1;-13.1;9.6;3930;85.0
BER;193202;-;0;36;953.5;1.3;-3.2;-17.4;5.9;9486;73.7
BER;193203;-;2;61;946.2;83.3;1.9;-9.6;11.6;6708;74.7
BER;193204;-;0;62;944.1;60.0;6.8;-2.0;19.6;9342;70.6
BER;193205;-;0;67;946.8;180.9;11.6;2.7;27.0;10482;72.1
BER;193206;-;0;62;949.4;116.7;14.7;4.5;25.3;12498;72.1
BER;193207;-;0;69;948.1;149.3;16.4;8.4;28.0;9588;79.6
BER;193208;-;0;46;953.6;129.1;19.1;10.0;31.2;15732;77.0
BER;193209;-;0;61;950.2;60.2;16.0;8.5;26.9;9462;81.7
BER;193210;-;0;73;945.8;98.0;8.8;0.7;18.3;5454;81.2
BER;193211;-;0;80;952.6;31.8;4.6;-1.8;11.7;3306;85.2
BER;193212;-;1;80;954.3;13.7;0.2;-5.8;7.3;1818;88.2
BER;193301;-;0;75;952.2;13.1;-2.7;-11.4;6.0;2712;81.2
BER;193302;-;4;64;948.4;53.2;0.6;-12.2;14.6;5388;76.3
BER;193303;-;0;52;950.4;66.5;4.7;-2.7;15.9;9438;74.7
BER;193304;-;0;57;950.7;30.6;9.0;-1.3;21.0;10842;67.1
BER;193305;-;0;68;948.5;130.2;11.2;1.7;23.4;9978;73.4
BER;193306;-;0;66;945.6;163.3;13.2;4.0;24.0;10398;71.1
BER;193307;-;0;41;953.7;94.5;18.6;6.5;30.8;17874;69.4
BER;193308;-;0;39;952.7;32.4;18.7;8.2;32.8;16962;70.4
BER;193309;-;0;53;950.9;120.2;14.3;4.7;24.4;10338;76.6
BER;193310;-;0;73;948.6;89.3;9.0;-1.3;23.7;5790;84.0
BER;193311;-;0;86;943.5;39.3;2.9;-3.3;9.8;1830;85.2
BER;193312;-;2;83;947.1;6.0;-4.2;-13.3;2.0;2088;86.4
BER;193401;-;4;86;955.8;48.7;-1.1;-11.5;7.0;2208;85.7
BER;193402;-;1;36;957.0;5.3;-0.2;-12.0;11.2;10098;74.1
BER;193403;-;0;69;941.2;67.3;3.7;-4.0;15.4;5604;76.6
BER;193404;-;0;59;943.2;35.2;10.7;-0.1;25.5;11412;67.2
BER;193405;-;0;46;950.5;19.8;14.5;5.4;25.5;14844;67.9
BER;193406;-;0;53;949.8;188.7;16.2;7.5;29.9;13950;69.6
BER;193407;-;0;41;950.5;88.2;18.6;8.6;29.9;17568;70.5
BER;193408;-;0;63;948.8;144.3;16.1;7.7;27.3;11754;77.0
BER;193409;-;0;43;953.1;57.7;15.1;5.8;27.3;12576;79.4
BER;193410;-;0;56;952.5;92.0;8.4;0.2;23.4;8484;82.4
BER;193411;-;0;70;948.9;44.3;2.6;-3.6;10.5;4836;84.8
BER;193412;-;0;86;945.1;59.2;4.1;-3.4;12.8;2148;86.9
BER;193501;-;4;73;951.7;32.0;-2.1;-10.8;5.8;3156;76.9
BER;193502;-;1;78;945.0;140.3;1.7;-11.0;12.0;4014;78.6
BER;193503;-;2;51;952.4;63.9;3.2;-10.6;18.6;10626;73.1
BER;193504;-;0;74;945.4;125.9;7.7;-0.5;22.2;5982;72.7
BER;193505;-;0;61;946.9;75.8;10.9;-0.5;22.0;11664;70.5
BER;193506;-;0;49;951.5;137.5;17.6;7.6;30.4;16170;66.7
BER;193507;-;0;39;952.5;81.6;18.9;9.0;29.5;18402;61.5
BER;193508;-;0;49;949.8;99.6;16.3;7.0;30.0;13104;73.0
BER;193509;-;0;48;951.5;129.0;14.3;4.0;25.7;12924;72.9
BER;193510;-;0;83;947.7;153.9;8.7;-0.4;19.3;2886;82.7
BER;193511;-;0;77;946.0;59.7;4.9;-4.0;13.3;4272;83.6
BER;193512;-;6;85;939.6;118.0;-0.8;-13.0;8.6;1614;86.5
BER;193601;-;0;81;942.0;93.9;3.5;-3.3;12.3;2568;80.9
BER;193602;-;0;72;940.4;101.3;1.6;-10.0;12.1;5304;76.7
BER;193603;-;0;60;944.5;36.4;6.0;-3.1;18.0;9924;74.9
BER;193604;-;0;74;943.4;125.7;7.5;-1.2;20.2;6594;77.0
BER;193605;-;0;57;944.8;121.7;12.9;4.3;22.8;12450;74.1
BER;193606;-;0;73;949.8;143.0;15.2;4.0;26.6;8814;76.3
BER;193607;-;0;70;950.0;214.4;16.2;9.3;27.8;10932;76.4
BER;193608;-;0;51;953.2;61.5;16.7;9.5;25.1;14010;78.7
BER;193609;-;0;68;951.6;170.5;13.7;2.0;27.4;7901;82.4
BER;193610;-;0;68;951.0;60.3;5.4;-0.3;15.2;6456;82.4
BER;193611;-;0;88;948.7;57.9;3.6;-4.0;11.0;1818;86.8
BER;193612;-;0;82;955.7;34.0;1.1;-6.5;9.8;2886;86.7
BER;193701;-;0;63;948.8;62.2;1.3;-6.0;9.2;4836;80.5
BER;193702;-;0;82;942.9;115.5;3.5;-2.0;13.0;3084;78.6
BER;193703;-;1;69;938.7;177.9;3.1;-4.2;11.1;6012;75.3
BER;193704;-;0;69;944.7;110.9;8.2;-1.2;17.5;8670;72.6
BER;193705;-;0;57;949.9;73.7;14.2;4.0;26.5;12720;70.9
BER;193706;-;0;61;950.4;156.4;16.5;7.8;30.3;12054;72.7
BER;193707;-;0;48;950.4;86.7;18.1;7.6;27.0;15006;71.3
BER;193708;-;0;59;949.9;84.9;17.3;9.2;30.0;12636;72.8
BER;193709;-;0;67;948.8;127.2;12.8;6.0;25.9;7584;80.9
BER;193710;-;0;65;948.4;21.1;8.6;0.1;19.3;7200;82.0
BER;193711;-;0;68;948.0;44.0;2.7;-5.4;11.3;4788;83.1
BER;193712;-;5;78;944.5;71.1;-1.0;-12.0;4.8;2994;80.7
BER;193801;-;0;82;949.6;77.3;0.4;-14.4;9.1;2022;80.9
BER;193802;-;0;61;955.3;11.2;0.0;-6.5;8.5;5550;78.9
BER;193803;-;0;23;958.2;24.7;6.7;-3.0;20.3;15168;68.9
BER;193804;-;0;42;951.4;20.0;5.7;-2.9;21.5;14754;65.3
BER;193805;-;0;68;947.1;97.1;11.1;0.0;23.6;10386;69.0
BER;193806;-;0;48;952.5;168.8;17.0;5.5;31.0;15443;67.0
BER;193807;-;0;56;951.2;225.4;16.9;9.0;28.7;14460;70.2
BER;193808;-;0;57;948.5;162.5;16.7;6.8;30.4;12372;74.4
BER;193809;-;0;61;950.8;83.4;14.2;7.4;23.0;9834;77.3
BER;193810;-;0;58;950.4;54.9;8.6;-1.6;23.3;7410;81.4
BER;193811;-;0;67;951.5;51.4;5.4;-1.9;15.0;7038;81.9
BER;193812;-;8;84;945.3;41.3;-2.0;-16.0;9.0;2220;82.7
BER;193901;-;9;76;943.6;50.9;0.5;-11.0;8.2;3174;81.3
BER;193902;-;0;65;954.0;16.6;0.6;-10.3;11.4;6228;80.6
BER;193903;-;5;70;946.7;67.2;1.6;-6.4;13.7;6666;79.5
BER;193904;-;0;69;947.0;79.3;9.6;1.7;23.2;8952;74.2
BER;193905;-;0;82;945.6;181.2;9.3;2.0;17.1;5082;81.9
BER;193906;-;0;61;948.7;139.7;15.6;6.2;27.0;11250;77.5
BER;193907;-;0;59;950.6;126.6;16.2;7.5;27.0;14328;77.3
BER;193908;-;0;58;950.1;56.7;16.9;9.2;25.6;11634;80.1
BER;193909;-;0;67;949.5;95.0;12.6;2.0;25.4;7638;85.0
BER;193910;-;0;90;944.9;174.1;7.5;-2.8;20.4;2976;88.4
BER;193911;-;0;81;950.7;79.8;6.1;-5.2;16.0;3528;85.1
BER;193912;-;0;86;947.7;41.8;-0.8;-14.8;13.0;2058;87.9
BER;194001;-;1;79;946.7;28.0;-5.2;-19.5;4.1;2544;85.1
BER;194002;-;1;83;946.2;32.3;0.8;-14.5;14.5;3474;86.3
BER;194003;-;0;60;948.0;72.0;4.4;-5.8;17.0;8526;73.3
BER;194004;-;0;71;946.5;90.0;8.5;-1.5;22.9;9372;71.8
BER;194005;-;0;61;946.4;67.5;12.2;3.5;23.8;13188;72.6
BER;194006;-;0;60;948.6;116.3;15.0;7.4;26.0;12330;72.5
BER;194007;-;0;68;949.8;213.4;15.8;8.0;27.3;12498;76.5
BER;194008;-;0;52;953.1;72.2;15.6;4.4;26.6;14892;74.6
BER;194009;-;0;64;950.6;202.4;13.8;4.0;24.7;10320;82.6
BER;194010;-;0;88;945.8;50.5;8.1;-2.4;18.8;4092;90.3
BER;194011;-;0;83;948.2;154.7;4.7;-3.6;18.1;4230;83.2
BER;194012;-;6;89;952.0;46.5;-4.3;-15.8;6.5;1572;85.2
BER;194101;-;1;86;940.1;35.5;-3.1;-12.3;8.2;1452;88.7
BER;194102;-;1;74;939.5;25.9;0.6;-8.7;10.2;4200;82.6
BER;194103;-;0;61;946.2;82.7;4.8;-3.8;15.0;9366;75.6
BER;194104;-;0;64;944.6;68.6;6.5;-3.5;19.0;8892;75.2
BER;194105;-;0;65;946.0;127.3;8.8;-1.8;18.5;9540;76.0
BER;194106;-;0;58;951.2;96.6;16.3;4.8;28.6;14310;74.3
BER;194107;-;0;54;950.6;65.2;18.6;10.0;30.3;15593;73.7
BER;194108;-;0;68;949.7;165.4;15.6;7.8;26.7;11334;76.2
BER;194109;-;0;54;955.0;15.6;12.6;3.4;24.5;11022;81.2
BER;194110;-;0;75;952.5;48.2;7.5;-2.0;21.0;5112;86.6
BER;194111;-;0;88;949.0;36.3;3.0;-2.7;11.5;2142;91.3
BER;194112;-;0;71;956.7;25.5;-0.5;-16.0;9.0;4344;83.0
BER;194201;-;13;83;946.2;63.1;-5.4;-16.0;4.3;2886;88.2
BER;194202;-;40;82;945.0;8.5;-3.9;-14.0;7.4;2910;85.0
BER;194203;-;8;70;946.8;39.1;4.5;-6.2;17.4;6942;85.4
BER;194204;-;0;60;946.7;63.3;8.4;-0.9;16.9;10968;74.1
BER;194205;-;0;61;949.3;86.2;12.4;-1.4;26.2;11928;73.7
BER;194206;-;0;49;951.0;128.5;16.2;6.0;29.4;16896;72.3
BER;194207;-;0;61;951.4;110.0;17.1;7.5;28.1;13956;75.7
BER;194208;-;0;49;951.7;59.3;17.3;7.0;28.6;14490;78.1
BER;194209;-;0;49;950.8;120.6;15.3;2.0;28.2;12582;81.4
BER;194210;-;0;60;951.8;59.0;10.7;2.7;23.1;8994;86.7
BER;194211;-;0;80;953.1;29.4;1.7;-8.6;13.8;3636;85.5
BER;194212;-;0;77;951.9;23.5;0.1;-8.3;9.6;2922;89.7
BER;194301;-;10;74;947.1;53.5;-0.7;-9.4;8.0;4692;87.0
BER;194302;-;1;51;956.8;37.7;1.7;-7.7;12.4;7650;82.4
BER;194303;-;0;53;950.5;41.8;6.0;-3.8;15.4;9624;80.8
BER;194304;-;0;55;954.4;42.8;9.6;-1.1;23.2;12612;74.4
BER;194305;-;0;63;951.4;95.1;13.5;1.3;26.2;13362;74.5
BER;194306;-;0;63;953.7;122.2;14.8;5.2;26.4;13764;76.6
BER;194307;-;0;50;950.5;124.8;17.8;7.4;29.6;16158;75.9
BER;194308;-;0;47;951.9;54.9;19.0;10.6;33.7;15918;72.7
BER;194309;-;0;73;950.8;142.8;14.2;3.0;25.6;7890;87.0
BER;194310;-;0;64;950.2;3.0;10.3;2.0;20.0;8166;89.1
BER;194311;-;0;76;948.4;55.6;2.4;-4.5;15.3;3594;88.0
BER;194312;-;0;88;952.9;16.7;0.3;-6.0;8.6;1752;91.0
BER;194401;-;0;75;958.9;38.0;0.3;-9.6;9.4;4878;86.0
BER;194402;-;10;85;945.8;45.5;-2.4;-11.9;10.3;2772;84.0
BER;194403;-;2;75;948.7;8.9;1.5;-7.6;15.0;6924;72.9
BER;194404;-;0;67;950.6;53.8;10.2;-1.6;23.8;10764;71.4
BER;194405;-;0;55;951.6;40.4;12.3;0.6;28.0;14082;67.4
BER;194406;-;0;64;948.0;101.4;14.6;6.5;25.7;12840;73.3
BER;194407;-;0;60;949.5;143.1;17.3;8.6;28.1;13350;74.5
BER;194408;-;0;45;950.7;90.1;20.2;11.3;31.2;16302;75.0
BER;194409;-;0;64;952.9;151.7;12.7;2.2;23.6;7512;84.7
BER;194410;-;0;84;944.8;89.1;7.3;-1.3;15.4;4914;87.2
BER;194411;-;0;81;947.0;155.3;3.3;-3.5;12.5;3582;88.4
BER;194412;-;0;78;949.3;98.4;-1.0;-10.5;10.0;2844;85.8
BER;194501;-;13;81;944.2;34.2;-6.3;-16.9;4.3;2238;87.0
BER;194502;-;4;66;958.0;40.9;3.1;-3.5;13.4;5694;85.9
BER;194503;-;0;56;958.5;41.3;5.8;-3.7;18.2;9486;78.4
BER;194504;-;0;51;951.3;41.4;10.3;-0.3;24.3;14178;71.0
BER;194505;-;0;53;948.4;109.8;14.5;-2.2;28.9;15360;72.9
BER;194506;-;0;52;953.4;82.8;18.1;5.7;30.6;18348;67.3
BER;194507;-;0;48;951.2;49.4;19.2;8.6;33.8;18144;70.4
BER;194508;-;0;56;947.6;146.7;16.8;9.5;28.9;12462;76.5
BER;194509;-;0;54;953.0;82.6;14.4;2.8;26.1;12078;83.1
BER;194510;-;0;59;953.8;38.9;8.1;0.8;19.8;8778;87.5
BER;194511;-;0;84;949.5;21.6;1.9;-6.0;11.9;2628;91.7
BER;194512;-;0;85;946.1;63.4;0.0;-11.2;12.1;2106;91.3
BER;194601;-;1;78;954.2;40.8;-2.7;-13.1;10.5;3732;88.0
BER;194602;-;1;83;951.4;49.4;3.4;-3.3;11.7;3582;79.4
BER;194603;-;0;59;946.3;25.5;5.2;-3.5;18.8;8111;79.2
BER;194604;-;0;52;949.5;39.0;10.8;-0.6;20.7;11700;73.3
BER;194605;-;0;71;945.0;113.0;13.0;3.3;23.6;10812;79.5
BER;194606;-;0;70;951.2;208.0;14.8;5.8;29.6;10458;77.2
BER;194607;-;0;49;952.8;123.7;18.4;9.1;30.3;15792;75.1
BER;194608;-;0;58;949.9;141.4;16.5;5.6;32.7;14304;77.1
BER;194609;-;0;50;952.5;123.9;14.2;5.4;23.8;11880;82.5
BER;194610;-;0;70;949.7;41.6;7.3;-1.4;21.4;5928;87.4
BER;194611;-;0;74;946.8;37.5;3.2;-4.2;12.0;4452;87.7
BER;194612;-;0;91;947.6;27.4;-1.7;-9.6;8.2;1122;90.4
BER;194701;-;2;73;948.9;50.2;-3.3;-14.0;10.1;4332;83.7
BER;194702;-;1;79;937.6;29.4;-1.7;-9.0;8.0;2946;88.9
BER;194703;-;2;82;941.9;131.7;4.6;-9.9;17.4;4254;84.0
BER;194704;-;0;50;954.2;24.1;11.1;0.2;25.2;13086;69.3
BER;194705;-;0;64;948.7;45.8;14.6;4.0;27.6;10308;72.7
BER;194706;-;0;50;951.2;68.2;18.2;7.0;33.7;16956;65.9
BER;194707;-;0;45;951.0;91.8;20.2;9.5;35.4;16728;63.6
BER;194708;-;0;37;950.6;17.3;20.8;8.8;34.2;18324;60.7
BER;194709;-;0;38;952.9;31.7;16.8;5.4;30.2;14154;66.2
BER;194710;-;0;64;953.2;25.4;9.2;-1.1;22.2;8424;80.6
BER;194711;-;0;73;949.7;103.9;6.2;-4.0;17.1;5124;82.0
BER;194712;-;4;86;947.7;53.3;1.4;-6.5;13.6;2394;79.8
BER;194801;-;2;85;941.7;129.2;3.0;-5.3;15.0;2916;78.6
BER;194802;-;0;70;953.4;32.3;1.5;-13.8;15.0;4962;71.7
BER;194803;-;0;33;959.8;6.5;8.0;-2.0;18.8;14850;68.3
BER;194804;-;0;59;946.8;66.6;9.2;0.4;23.0;11226;70.4
BER;194805;-;0;56;946.8;66.5;13.9;3.0;24.3;13680;67.7
BER;194806;-;0;65;949.9;125.8;15.4;5.0;28.0;12312;69.3
BER;194807;-;0;72;951.3;193.2;15.3;6.6;28.0;9540;75.3
BER;194808;-;0;63;950.0;136.2;16.7;8.0;27.6;11058;77.9
BER;194809;-;0;49;952.4;65.4;13.6;3.2;24.0;11580;77.4
BER;194810;-;0;70;952.1;37.9;9.3;0.5;22.7;7350;81.8
BER;194811;-;0;73;957.4;55.2;3.7;-6.4;13.9;4386;88.2
BER;194812;-;0;76;955.5;29.3;-0.2;-9.1;9.9;3918;88.8
BER;194901;-;3;59;956.6;34.3;-0.3;-7.6;11.7;6222;86.9
BER;194902;-;0;33;960.4;10.6;1.1;-11.6;12.3;10734;77.5
BER;194903;-;2;52;950.7;56.8;2.7;-14.1;18.4;10464;74.0
BER;194904;-;0;56;952.3;82.2;11.5;-0.1;26.3;12204;74.2
BER;194905;-;0;80;947.0;102.5;11.1;0.1;26.0;7092;81.2
BER;194906;-;0;47;951.6;39.6;16.2;6.9;26.3;18378;68.0
BER;194907;-;0;34;952.5;17.4;20.1;9.1;34.9;20004;61.8
BER;194908;-;0;45;953.6;74.5;18.6;6.9;32.7;15090;68.7
BER;194909;-;0;49;952.7;61.1;17.4;9.2;30.4;11820;80.6
BER;194910;-;0;56;953.6;17.0;11.0;-0.6;21.2;10062;83.2
BER;194911;-;0;79;944.1;70.1;3.3;-2.9;11.8;3174;88.2
BER;194912;-;0;80;949.7;66.7;2.4;-7.5;11.6;2598;89.3
BER;195001;-;3;79;952.3;43.8;-0.6;-9.4;8.9;3438;84.7
BER;195002;-;2;75;948.1;55.0;3.0;-5.4;14.6;5094;79.8
BER;195003;-;0;47;952.2;14.4;5.4;-6.2;15.7;11526;76.4
BER;195004;-;0;72;943.9;117.3;7.0;-2.0;22.1;7218;77.5
BER;195005;-;0;60;949.4;120.9;14.4;4.3;26.9;14106;75.3
BER;195006;-;0;40;952.2;87.2;18.6;9.6;32.7;17646;70.7
BER;195007;-;0;45;950.7;73.7;20.3;10.7;32.3;17064;67.1
BER;195008;-;0;59;949.6;137.1;17.6;9.8;29.0;13464;79.0
BER;195009;-;0;71;950.4;122.8;13.5;4.7;25.8;8658;81.7
BER;195010;-;0;59;952.8;37.8;8.6;-3.8;17.9;7710;86.5
BER;195011;-;0;85;945.9;270.5;4.9;-2.9;12.3;2298;85.7
BER;195012;-;5;87;941.1;41.3;-1.6;-9.1;9.3;1824;89.1
BER;195101;-;6;79;945.6;66.4;0.6;-7.8;7.8;2556;88.9
BER;195102;-;2;83;941.8;108.5;1.9;-4.0;10.7;4308;84.5
BER;195103;-;1;77;942.6;104.7;3.5;-6.6;18.3;5694;77.6
BER;195104;-;0;63;948.9;116.9;8.3;-0.6;22.4;10236;71.9
BER;195105;-;0;75;944.7;75.2;11.8;1.7;26.5;8910;75.0
BER;195106;-;0;65;950.2;95.8;15.6;8.7;28.5;11820;75.3
BER;195107;-;0;45;952.4;151.0;18.1;9.9;30.1;16458;72.5
BER;195108;-;0;61;949.4;162.0;16.6;9.5;27.4;11448;80.4
BER;195109;-;0;61;951.5;57.2;14.5;5.2;25.9;9252;84.4
BER;195110;-;0;70;950.6;66.0;8.1;0.6;17.0;6330;88.0
BER;195111;-;0;75;944.4;113.3;5.4;-1.9;14.7;3702;83.7
BER;195112;-;0;57;953.4;60.9;0.0;-5.6;7.8;5718;84.9
BER;195201;-;9;79;946.8;92.0;-1.5;-12.6;7.6;3426;77.2
BER;195202;-;28;69;949.9;74.0;-1.1;-11.7;8.0;4902;74.9
BER;195203;-;2;74;945.4;99.9;5.5;-4.5;15.6;6312;74.2
BER;195204;-;0;55;949.6;66.9;10.2;-3.7;22.3;11406;65.5
BER;195205;-;0;51;950.0;69.5;13.8;3.9;22.8;16373;65.2
BER;195206;-;0;53;952.4;87.5;17.7;9.0;30.5;15786;72.1
BER;195207;-;0;38;951.8;32.3;20.9;9.9;33.9;18588;64.0
BER;195208;-;0;53;949.5;148.1;18.3;9.3;31.8;14442;72.0
BER;195209;-;0;69;948.6;120.2;10.9;2.8;21.5;7176;81.8
BER;195210;-;0;79;948.5;177.0;8.4;-0.7;16.9;5160;83.8
BER;195211;-;1;91;945.7;157.6;3.0;-5.5;13.4;2400;87.9
BER;195212;-;1;90;945.8;109.1;0.5;-4.8;10.1;1254;86.7
BER;195301;-;5;77;950.9;25.9;-3.4;-10.5;7.1;2958;88.1
BER;195302;-;8;64;949.2;30.5;-0.9;-12.8;9.0;5280;79.9
BER;195303;-;0;32;958.8;4.5;5.2;-4.3;19.4;14472;65.4
BER;195304;-;0;55;946.9;76.7;9.6;0.7;21.1;10764;72.7
BER;195305;-;0;55;949.6;83.6;14.3;-1.0;29.7;14016;65.1
BER;195306;-;0;77;946.3;138.0;14.7;3.3;24.7;8580;76.0
BER;195307;-;0;59;951.0;117.6;17.8;9.0;29.0;13704;70.6
BER;195308;-;0;44;953.3;71.2;17.5;8.6;29.5;15276;69.7
BER;195309;-;0;56;951.1;93.1;14.6;5.6;28.6;10464;77.3
BER;195310;-;0;66;951.3;34.2;10.1;0.8;18.7;6384;84.2
BER;195311;-;0;79;957.6;33.2;2.3;-2.0;10.7;3618;88.5
BER;195312;-;0;84;954.7;20.2;1.8;-5.9;10.8;1992;90.5
BER;195401;-;6;87;948.7;76.7;-2.4;-11.6;9.3;1848;80.8
BER;195402;-;2;74;943.1;83.3;-1.2;-14.4;10.5;3942;83.0
BER;195403;-;0;55;943.3;29.4;5.9;-3.5;16.7;9972;74.4
BER;195404;-;0;73;950.2;67.0;6.7;-1.1;19.4;7104;76.0
BER;195405;-;0;64;947.5;55.2;12.0;2.4;25.4;12084;68.3
BER;195406;-;0;67;949.4;120.3;16.2;7.3;29.2;12570;70.1
BER;195407;-;0;69;949.8;92.1;15.9;6.6;28.0;12378;73.6
BER;195408;-;0;64;948.3;203.0;15.7;7.6;29.7;10890;80.7
BER;195409;-;0;68;952.2;178.0;14.5;1.4;26.4;9450;80.8
BER;195410;-;0;57;952.9;72.6;9.1;1.7;21.8;8550;87.1
BER;195411;-;0;72;949.3;57.1;5.0;-4.4;14.9;5076;86.9
BER;195412;-;0;81;950.3;96.9;2.3;-2.9;8.6;2562;87.1
BER;195501;-;4;94;943.6;154.5;0.2;-11.0;11.5;1158;91.1
BER;195502;-;6;83;938.7;107.0;0.6;-11.6;10.4;2406;83.8
BER;195503;-;0;64;945.7;30.0;2.0;-7.8;20.5;8214;75.2
BER;195504;-;0;44;953.2;18.8;8.8;-2.4;24.9;14136;65.6
BER;195505;-;0;63;950.8;129.8;11.8;0.6;25.6;13530;69.2
BER;195506;-;0;67;950.2;163.2;15.6;4.0;27.0;11796;74.8
BER;195507;-;0;67;950.3;158.0;17.1;7.4;29.3;11694;76.2
BER;195508;-;0;59;951.5;115.3;16.2;6.1;25.8;13074;75.5
BER;195509;-;0;62;951.9;75.7;13.1;4.1;23.0;9366;80.4
BER;195510;-;0;66;949.2;24.0;7.3;-3.3;17.1;7338;80.2
BER;195511;-;0;75;951.9;10.7;2.3;-9.2;14.3;3995;86.5
BER;195512;-;0;87;947.9;102.7;3.2;-4.5;11.1;3570;88.7
BER;195601;-;0;85;947.4;96.3;1.2;-8.0;8.1;2538;88.1
BER;195602;-;2;65;946.8;4.7;-8.7;-21.6;7.4;5988;76.4
BER;195603;-;0;61;948.5;31.7;4.1;-7.9;18.1;9120;73.0
BER;195604;-;0;64;944.6;99.0;6.5;-4.4;19.1;9726;73.8
BER;195605;-;0;54;953.4;114.5;13.2;3.0;29.3;14322;70.0
BER;195606;-;0;70;952.0;75.7;13.7;4.8;25.2;10914;72.2
BER;195607;-;0;60;950.9;177.7;16.7;9.5;28.6;14640;75.0
BER;195608;-;0;71;948.5;206.7;14.9;7.0;28.4;10068;80.0
BER;195609;-;0;52;951.9;67.6;14.8;8.4;23.8;11904;81.9
BER;195610;-;0;73;954.4;119.4;7.1;-0.4;21.8;6150;88.7
BER;195611;-;0;83;951.1;32.8;1.6;-3.7;10.1;2460;85.8
BER;195612;-;0;65;955.2;17.6;0.0;-10.6;10.6;5472;87.9
BER;195701;-;9;68;955.3;30.0;-2.6;-14.2;11.0;5814;85.2
BER;195702;-;1;76;946.6;153.0;3.5;-3.5;13.9;5034;81.9
BER;195703;-;0;55;949.9;24.9;8.1;-3.8;20.2;10920;73.8
BER;195704;-;0;69;949.1;32.9;8.5;-2.3;20.6;9030;72.8
BER;195705;-;0;70;947.9;84.1;9.7;-1.5;23.3;10242;72.5
BER;195706;-;0;68;950.6;148.6;16.1;6.8;29.7;12252;77.5
BER;195707;-;0;60;950.9;117.4;17.6;9.1;33.5;13032;74.1
BER;195708;-;0;56;950.6;86.8;16.2;7.5;28.4;14100;75.4
BER;195709;-;0;62;951.1;139.5;13.1;4.2;25.6;9696;79.8
BER;195710;-;0;52;952.6;33.1;8.3;-0.9;21.0;11298;83.5
BER;195711;-;0;88;950.3;31.1;3.7;-2.8;14.1;1860;88.2
BER;195712;-;0;72;948.6;43.4;-0.4;-7.8;10.7;3720;84.3
BER;195801;-;5;82;948.4;77.4;-0.7;-11.4;10.3;3258;86.5
BER;195802;-;2;80;948.0;105.8;3.0;-8.2;17.4;4938;79.1
BER;195803;-;1;63;943.3;56.6;1.2;-8.4;16.5;8184;75.2
BER;195804;-;0;72;947.5;66.4;5.8;-3.0;20.3;8442;74.3
BER;195805;-;0;66;950.8;105.1;14.7;4.1;27.9;12594;70.6
BER;195806;-;0;60;948.7;151.1;15.1;6.8;26.1;13770;73.2
BER;195807;-;0;56;950.4;97.8;17.8;9.7;29.4;15803;75.4
BER;195808;-;0;60;949.8;158.2;17.8;8.6;32.0;14442;76.5
BER;195809;-;0;57;952.4;73.2;15.8;5.0;27.0;11718;81.5
BER;195810;-;0;78;954.7;101.1;8.2;-0.1;18.3;4716;88.8
BER;195811;-;0;95;951.7;41.4;3.5;-0.9;9.6;1056;91.6
BER;195812;-;0;81;942.0;68.6;1.8;-7.6;9.4;2082;86.2
BER;195901;-;4;69;947.9;107.0;-0.4;-9.5;9.9;4500;84.6
BER;195902;-;0;43;961.5;2.2;1.7;-4.6;15.0;9570;78.6
BER;195903;-;0;74;948.5;103.8;7.3;-0.1;17.2;7062;78.5
BER;195904;-;0;57;945.2;113.2;9.3;-1.9;23.4;12078;68.9
BER;195905;-;0;58;947.6;55.1;13.8;2.8;24.6;15546;67.1
BER;195906;-;0;66;952.3;126.7;16.8;5.6;27.6;12720;70.4
BER;195907;-;0;43;951.4;42.3;20.3;10.3;31.0;18438;66.4
BER;195908;-;0;51;951.3;67.5;17.3;8.4;27.2;14730;75.0
BER;195909;-;0;49;951.9;37.4;15.5;7.1;25.7;12474;79.8
BER;195910;-;0;63;951.8;84.3;8.7;0.5;20.0;7440;90.4
BER;195911;-;0;82;947.5;39.7;2.3;-3.1;11.2;2910;92.1
BER;195912;-;0;78;942.5;135.1;2.0;-5.2;11.2;3816;89.2
BER;196001;-;2;73;948.6;46.7;-0.8;-15.9;8.7;4902;86.0
BER;196002;-;2;69;944.9;82.7;2.2;-10.2;16.2;6204;81.6
BER;196003;-;0;70;943.5;48.3;6.1;-2.0;17.4;7632;76.2
BER;196004;-;0;65;949.6;41.1;8.4;0.3;19.9;11010;70.7
BER;196005;-;0;57;949.8;85.8;14.3;-0.1;26.6;16212;68.4
BER;196006;-;0;58;951.7;58.1;17.3;6.5;28.7;14868;72.1
BER;196007;-;0;67;949.8;122.8;16.0;7.7;26.7;11898;72.6
BER;196008;-;0;63;948.7;185.9;16.7;8.5;28.2;12822;76.0
BER;196009;-;0;72;948.8;141.6;12.1;4.4;24.3;7710;86.6
BER;196010;-;0;77;942.2;95.2;8.2;-0.4;19.1;6036;88.7
BER;196011;-;0;73;946.0;111.6;5.8;-1.0;14.0;4482;87.9
BER;196012;-;3;88;942.6;50.6;0.2;-8.6;12.5;2484;89.0
BER;196101;-;8;89;948.1;83.3;-0.2;-6.3;9.7;1686;90.2
BER;196102;-;0;62;956.4;64.5;5.1;-0.9;16.6;7344;79.2
BER;196103;-;0;40;957.2;32.2;6.7;-2.7;20.1;13530;71.1
BER;196104;-;0;72;944.7;113.2;11.3;3.0;22.8;8682;77.6
BER;196105;-;0;74;948.1;64.2;11.8;1.0;25.2;10800;74.0
BER;196106;-;0;61;950.4;132.1;16.9;7.0;29.3;13122;75.7
BER;196107;-;0;53;950.9;126.4;17.0;8.7;30.2;15174;74.2
BER;196108;-;0;52;953.5;111.5;17.2;7.5;29.7;15042;77.0
BER;196109;-;0;51;952.5;43.9;17.7;7.3;28.9;12528;79.6
BER;196110;-;0;68;948.9;86.5;10.1;0.3;20.5;7902;88.6
BER;196111;-;0;86;945.6;32.7;3.7;-2.1;11.1;2466;88.3
BER;196112;-;1;78;947.6;111.6;1.3;-10.2;15.3;3072;88.1
BER;196201;-;8;79;951.7;124.8;1.1;-9.0;10.9;4434;82.6
BER;196202;-;1;77;952.5;52.7;0.3;-10.0;9.2;4722;80.9
BER;196203;-;0;66;941.9;73.7;1.6;-6.7;15.2;8064;76.2
BER;196204;-;0;69;947.6;65.8;8.6;-0.5;24.0;11472;67.8
BER;196205;-;0;73;949.1;126.7;11.2;-1.3;27.6;9948;71.3
BER;196206;-;0;49;953.6;42.4;15.9;0.9;30.5;18390;64.3
BER;196207;-;0;63;950.9;48.4;17.6;3.6;31.9;14400;68.7
BER;196208;-;0;41;952.3;64.1;19.4;10.6;32.1;18786;69.5
BER;196209;-;0;51;951.0;52.5;14.2;1.9;31.2;11724;77.9
BER;196210;-;0;61;952.9;16.3;9.5;-0.6;22.9;9276;86.2
BER;196211;-;0;77;945.4;17.4;2.0;-8.0;16.3;3690;88.1
BER;196212;-;1;88;947.7;95.7;-3.1;-14.2;9.3;1662;90.5
BER;196301;-;24;70;947.7;79.3;-6.4;-21.8;5.3;3924;89.2
BER;196302;-;28;65;940.7;65.8;-4.2;-17.8;6.2;5220;85.0
BER;196303;-;7;67;948.6;111.1;2.9;-11.9;12.1;8388;77.3
BER;196304;-;0;77;945.5;39.7;9.6;-0.8;21.5;8022;72.9
BER;196305;-;0;66;949.4;60.2;12.2;1.0;24.4;11988;73.2
BER;196306;-;0;72;948.3;145.0;15.8;8.6;30.6;10590;76.5
BER;196307;-;0;56;952.1;93.3;19.1;10.7;29.5;16830;72.0
BER;196308;-;0;69;948.2;133.5;16.3;5.6;29.0;10470;77.7
BER;196309;-;0;72;951.6;59.1;14.9;5.7;25.2;8640;81.4
BER;196310;-;0;66;953.7;38.7;9.2;-0.6;19.7;8298;83.9
BER;196311;-;0;78;944.7;134.3;6.9;-0.4;15.2;5076;83.2
BER;196312;-;0;77;949.1;0.4;-2.9;-11.9;8.0;3690;88.3
BER;196401;-;1;93;960.4;11.9;-3.2;-8.2;3.7;1530;92.1
BER;196402;-;0;72;949.3;19.9;2.4;-6.8;15.5;6210;82.2
BER;196403;-;0;86;943.8;103.3;3.1;-7.7;13.0;2850;86.8
BER;196404;-;0;73;948.0;81.0;9.8;1.0;21.8;9618;72.0
BER;196405;-;0;65;951.3;119.2;14.7;5.3;26.9;12960;68.6
BER;196406;-;0;57;950.2;90.5;17.5;8.7;29.2;14382;68.0
BER;196407;-;0;40;952.4;36.2;20.2;9.4;32.7;19314;62.3
BER;196408;-;0;55;950.4;130.2;17.2;8.2;30.4;13140;71.0
BER;196409;-;0;55;954.1;66.3;14.8;3.4;27.0;11172;77.9
BER;196410;-;0;86;949.0;117.0;7.8;0.3;19.3;4200;83.2
BER;196411;-;0;90;952.4;48.1;5.0;-0.7;14.3;1656;87.1
BER;196412;-;4;87;947.5;32.3;-1.0;-13.5;5.4;1512;90.4
BER;196501;-;4;85;945.7;64.0;0.6;-7.8;14.1;2610;83.0
BER;196502;-;2;55;952.1;15.2;-2.4;-11.0;7.1;7698;75.4
BER;196503;-;3;67;948.9;118.2;4.1;-12.2;19.0;7998;74.5
BER;196504;-;0;76;945.6;125.2;7.1;-0.1;19.3;6630;75.7
BER;196505;-;0;72;948.7;113.0;12.4;3.4;26.3;10656;71.6
BER;196506;-;0;66;950.0;93.4;16.9;6.1;32.4;12030;72.1
BER;196507;-;0;70;949.3;240.8;16.4;6.3;29.3;10860;73.0
BER;196508;-;0;65;950.2;110.1;16.5;8.6;29.6;11646;72.6
BER;196509;-;0;69;947.3;176.5;12.1;4.8;24.0;8328;82.6
BER;196510;-;0;73;953.4;27.9;9.0;1.1;18.3;6234;90.6
BER;196511;-;1;91;943.0;144.0;3.9;-9.3;18.0;2148;87.2
BER;196512;-;1;84;943.6;143.5;3.0;-4.2;12.1;2472;84.3
BER;196601;-;3;73;946.0;61.6;-2.0;-16.4;11.6;3834;84.6
BER;196602;-;0;83;942.3;120.9;5.5;-1.8;13.3;4200;82.8
BER;196603;-;0;68;952.2;55.3;4.0;-3.6;13.9;8928;71.7
BER;196604;-;0;76;944.9;107.7;10.1;-0.1;19.2;8334;74.0
BER;196605;-;0;59;950.6;106.8;13.7;3.7;26.1;13752;68.7
BER;196606;-;0;55;950.2;64.6;17.8;6.8;29.7;15078;65.8
BER;196607;-;0;65;948.8;82.0;16.7;7.9;30.0;12822;69.2
BER;196608;-;0;70;949.5;187.3;16.1;6.0;32.2;10716;75.5
BER;196609;-;0;54;951.9;49.1;15.5;7.1;28.5;11214;79.6
BER;196610;-;0;76;943.7;60.7;11.7;-0.6;23.6;5928;86.7
BER;196611;-;1;86;947.0;72.4;2.1;-7.0;13.3;2898;85.0
BER;196612;-;2;87;947.0;98.6;1.6;-8.8;11.4;2070;84.4
BER;196701;-;3;82;952.6;65.3;-0.4;-13.7;10.9;3378;87.1
BER;196702;-;0;60;951.1;42.1;2.7;-9.3;14.9;6384;75.4
BER;196703;-;0;71;952.7;98.6;6.0;-1.4;16.8;7314;75.0
BER;196704;-;0;66;947.0;28.1;7.6;-1.6;20.5;10560;68.8
BER;196705;-;0;71;947.4;139.9;12.5;-1.2;26.0;11568;70.4
BER;196706;-;0;55;952.7;65.3;15.5;5.7;29.5;14052;69.7
BER;196707;-;0;50;952.5;49.0;20.3;9.5;31.4;17412;67.4
BER;196708;-;0;59;950.7;65.7;17.9;8.4;30.0;13038;73.4
BER;196709;-;0;70;949.4;74.3;13.9;6.0;27.6;8370;80.6
BER;196710;-;0;52;950.8;52.7;11.9;0.7;24.0;11718;78.2
BER;196711;-;0;89;950.1;94.1;4.2;-4.3;12.0;3030;88.5
BER;196712;-;2;75;949.8;77.3;-1.3;-13.6;10.0;3714;83.3
BER;196801;-;6;80;950.2;96.8;-0.8;-16.3;9.3;3630;84.7
BER;196802;-;1;76;944.3;61.3;1.7;-5.5;10.9;4686;84.3
BER;196803;-;0;65;949.8;36.0;5.3;-5.5;20.3;8778;69.1
BER;196804;-;0;62;947.8;97.0;9.8;-2.0;26.5;11664;70.7
BER;196805;-;0;74;948.0;85.0;12.0;0.6;23.5;10656;72.6
BER;196806;-;0;61;950.5;50.7;16.2;6.4;31.0;14388;67.2
BER;196807;-;0;54;952.2;136.6;17.7;8.0;31.5;14766;70.6
BER;196808;-;0;67;948.5;253.8;15.6;8.3;25.6;9840;79.9
BER;196809;-;0;70;949.3;185.0;13.4;5.5;21.6;9294;82.3
BER;196810;-;0;71;953.4;25.5;11.3;3.6;23.1;7242;85.9
BER;196811;-;0;91;946.2;54.5;3.7;-3.0;16.8;1494;89.4
BER;196812;-;0;89;944.1;68.5;-0.6;-9.8;8.4;2310;90.1
BER;196901;-;4;86;947.9;37.1;0.2;-11.1;7.7;3486;88.2
BER;196902;-;5;76;941.4;50.4;-1.0;-11.0;8.2;4188;80.9
BER;196903;-;0;80;943.3;44.4;4.3;-2.8;13.5;4608;79.1
BER;196904;-;0;72;948.2;91.9;8.2;-1.0;22.0;8112;70.6
BER;196905;-;0;59;947.3;70.7;14.1;3.3;28.6;13044;68.3
BER;196906;-;0;72;948.3;155.4;14.0;4.9;24.7;10602;75.3
BER;196907;-;0;46;954.7;101.6;19.1;8.1;30.5;16638;70.9
BER;196908;-;0;62;950.2;108.3;16.9;6.4;28.8;12402;74.9
BER;196909;-;0;63;950.8;60.9;14.9;7.4;24.1;9708;82.2
BER;196910;-;0;55;955.5;5.5;10.3;2.0;18.6;10104;83.9
BER;196911;-;0;70;945.5;90.4;4.8;-6.9;16.1;5802;80.8
BER;196912;-;2;87;945.3;52.4;-3.5;-11.6;5.8;2088;84.9
BER;197001;-;4;82;942.9;48.0;-1.0;-12.6;8.1;2454;89.9
BER;197002;-;5;90;944.2;140.0;1.3;-11.2;11.5;2496;81.3
BER;197003;-;5;79;944.8;77.7;2.1;-8.6;12.9;7476;75.1
BER;197004;-;0;80;948.3;130.7;6.2;-3.3;23.1;7668;74.3
BER;197005;-;0;67;949.1;63.2;12.0;2.5;23.4;10260;71.2
BER;197006;-;0;64;950.8;95.9;17.6;7.8;28.9;13254;70.3
BER;197007;-;0;58;951.1;78.4;18.2;6.1;30.0;13908;67.9
BER;197008;-;0;65;950.0;183.5;18.0;8.1;31.9;11106;76.3
BER;197009;-;0;51;953.0;56.5;15.1;5.0;25.6;12474;78.9
BER;197010;-;0;69;953.7;53.0;8.7;-0.3;19.3;7572;83.5
BER;197011;-;0;81;949.8;109.5;5.4;-2.4;20.2;4230;83.3
BER;197012;-;0;86;952.5;22.7;-0.4;-10.6;10.7;2304;84.8
BER;197101;-;5;68;946.0;42.9;-2.6;-16.5;8.3;5430;87.1
BER;197102;-;0;66;951.6;28.0;0.5;-7.0;8.5;6378;78.8
BER;197103;-;0;66;945.2;41.0;0.8;-12.8;14.2;6198;76.6
BER;197104;-;0;56;944.0;65.1;11.3;0.5;24.6;12678;64.5
BER;197105;-;0;74;945.1;110.1;14.2;6.0;27.9;9732;75.0
BER;197106;-;0;73;947.7;144.9;14.5;7.0;25.8;10818;75.9
BER;197107;-;0;41;951.9;84.9;19.5;8.2;31.5;19716;70.3
BER;197108;-;0;59;950.0;167.1;18.7;11.0;30.3;13512;79.2
BER;197109;-;0;46;954.6;57.6;13.6;2.5;24.7;13752;79.1
BER;197110;-;0;58;958.2;35.8;10.1;1.0;22.3;9990;84.5
BER;197111;-;1;75;947.3;98.4;2.7;-8.8;14.4;4788;86.4
BER;197112;-;0;76;958.1;22.9;0.4;-7.4;9.6;3696;90.3
BER;197201;-;2;90;945.8;20.6;-0.2;-6.8;7.5;2622;88.4
BER;197202;-;1;74;943.8;18.0;3.2;-8.5;10.6;4404;82.2
BER;197203;-;0;59;946.6;36.7;6.6;-1.3;18.2;9084;71.1
BER;197204;-;0;83;944.3;103.1;7.6;-0.8;22.0;6192;75.9
BER;197205;-;0;84;947.2;94.4;11.8;2.0;22.9;8142;72.1
BER;197206;-;0;68;949.1;171.2;14.7;4.4;26.6;11508;73.7
BER;197207;-;0;69;951.2;85.8;17.4;7.6;29.2;11496;75.6
BER;197208;-;0;63;951.4;46.0;16.6;7.1;29.7;12216;73.9
BER;197209;-;0;58;951.0;27.2;11.4;2.2;23.4;10326;77.2
BER;197210;-;0;63;951.6;40.1;7.7;0.4;18.9;7710;81.4
BER;197211;-;0;75;952.1;219.4;4.7;-5.8;15.3;6030;86.3
BER;197212;-;0;79;956.1;38.5;-1.1;-8.3;9.1;4002;91.0
BER;197301;-;0;88;954.0;28.0;-0.8;-7.1;6.4;1386;87.0
BER;197302;-;3;74;948.2;53.1;-0.3;-8.7;7.5;4848;83.1
BER;197303;-;0;61;954.2;6.8;3.6;-8.7;17.3;8058;71.6
BER;197304;-;0;79;947.5;69.2;5.7;-2.5;20.6;8226;71.0
BER;197305;-;0;71;950.1;99.1;13.8;3.6;24.8;12312;70.8
BER;197306;-;0;61;951.6;226.9;16.5;6.5;27.1;12840;74.3
BER;197307;-;0;61;948.6;150.0;17.6;9.0;30.0;12762;74.7
BER;197308;-;0;54;952.9;67.4;19.4;12.0;29.4;12960;75.1
BER;197309;-;0;58;951.2;63.7;15.4;5.1;28.5;11106;79.7
BER;197310;-;0;73;952.2;89.6;8.1;-2.0;20.1;6300;85.9
BER;197311;-;0;68;955.1;52.8;3.7;-5.9;13.5;5154;87.0
BER;197312;-;1;84;949.1;43.7;0.0;-14.2;10.6;2340;89.0
BER;197401;-;0;88;953.7;35.7;2.6;-3.3;14.1;2580;89.9
BER;197402;-;0;90;943.7;56.0;3.2;-1.8;13.5;2310;83.9
BER;197403;-;0;81;946.6;40.6;7.1;-2.9;20.8;5664;76.6
BER;197404;-;0;59;944.4;38.9;8.8;-1.0;19.8;11610;66.2
BER;197405;-;0;73;947.1;120.0;12.0;2.4;24.0;10362;71.7
BER;197406;-;0;64;948.7;124.2;14.8;5.3;26.5;12792;73.6
BER;197407;-;0;58;952.1;72.8;17.5;8.9;30.0;15618;69.7
BER;197408;-;0;59;951.0;62.6;18.8;8.3;33.0;13302;73.8
BER;197409;-;0;71;948.8;79.3;13.8;2.4;25.2;8802;81.4
BER;197410;-;0;91;946.2;132.8;4.8;-0.2;11.2;2394;88.2
BER;197411;-;0;89;949.2;106.9;4.1;-1.7;12.6;1914;90.2
BER;197412;-;0;79;957.1;59.6;3.9;-4.5;14.6;3852;82.9
BER;197501;-;0;86;953.4;70.1;2.9;-2.5;10.0;2670;87.3
BER;197502;-;0;61;954.6;20.1;2.3;-3.5;12.6;8082;80.1
BER;197503;-;0;84;941.2;60.7;3.6;-6.4;13.5;3804;82.8
BER;197504;-;0;73;948.1;67.9;8.4;-2.9;22.0;8970;71.9
BER;197505;-;0;80;947.2;78.9;12.6;2.8;28.0;9054;76.7
BER;197506;-;0;74;950.1;105.5;14.7;4.6;28.0;10986;77.9
BER;197507;-;0;54;951.0;113.8;18.2;8.4;31.0;16044;73.6
BER;197508;-;0;65;951.3;134.6;18.1;9.5;30.9;11286;76.5
BER;197509;-;0;75;951.1;117.8;15.8;8.1;26.1;7536;82.6
BER;197510;-;0;73;953.8;58.4;7.6;0.6;20.2;6894;85.6
BER;197511;-;0;85;949.5;99.7;4.7;-6.4;14.8;3420;84.4
BER;197512;-;1;80;955.1;8.8;-0.7;-9.0;6.0;2868;89.0
BER;197601;-;1;74;952.9;22.3;1.3;-12.9;9.1;4080;83.0
BER;197602;-;3;76;951.4;30.4;1.5;-9.5;14.5;5058;87.8
BER;197603;-;1;51;949.9;18.7;3.9;-9.1;18.3;9612;73.7
BER;197604;-;0;53;946.6;36.8;8.3;-0.9;20.6;12582;69.5
BER;197605;-;0;58;949.5;67.4;14.1;0.6;26.8;14274;67.4
BER;197606;-;0;41;952.6;27.9;18.9;6.4;30.4;19596;62.0
BER;197607;-;0;64;950.2;179.4;19.3;9.3;31.6;13692;71.9
BER;197608;-;0;54;951.6;24.8;16.6;8.2;26.9;14202;72.9
BER;197609;-;0;73;949.3;105.0;12.9;5.0;22.5;7464;82.3
BER;197610;-;0;76;942.8;46.4;10.6;1.5;21.4;6726;85.0
BER;197611;-;0;90;950.2;52.3;4.5;-1.5;11.0;3048;84.8
BER;197612;-;5;88;943.5;113.9;-1.4;-11.6;8.3;2760;89.3
BER;197701;-;23;90;946.1;92.1;0.2;-9.8;8.0;1680;90.2
BER;197702;-;1;83;944.4;129.3;4.8;-5.8;14.1;3936;82.3
BER;197703;-;0;79;951.8;64.0;7.4;-2.4;18.9;6576;78.8
BER;197704;-;0;83;948.4;199.1;6.9;-1.9;22.5;5964;78.8
BER;197705;-;0;76;947.0;111.9;11.7;1.8;24.8;9264;75.6
BER;197706;-;0;74;948.1;136.6;15.3;6.1;26.5;10428;75.4
BER;197707;-;0;64;948.4;188.6;17.6;9.3;28.4;13152;73.5
BER;197708;-;0;68;947.7;99.1;16.5;9.4;26.4;11100;77.7
BER;197709;-;0;59;954.8;11.1;13.2;2.8;26.3;10020;78.8
BER;197710;-;0;79;952.5;98.8;10.5;2.9;22.0;5328;86.3
BER;197711;-;0;81;947.6;91.7;5.0;-3.6;19.2;3708;81.1
BER;197712;-;0;85;953.0;62.4;1.2;-6.4;12.9;2676;88.8
BER;197801;-;3;81;946.9;58.7;-0.4;-8.2;6.6;2628;88.4
BER;197802;-;5;81;941.9;109.2;0.1;-10.9;13.0;2634;86.6
BER;197803;-;0;75;948.7;114.7;4.6;-2.9;16.9;5562;80.8
BER;197804;-;0;73;943.6;63.0;6.4;-3.2;17.6;7254;77.6
BER;197805;-;0;75;948.3;115.2;10.6;0.9;22.3;6750;79.0
BER;197806;-;0;59;950.0;126.9;14.2;4.7;25.9;10128;74.6
BER;197807;-;0;55;952.0;119.0;16.1;6.9;29.1;11070;76.4
BER;197808;-;0;56;953.1;147.7;15.1;6.2;26.8;11886;81.2
BER;197809;-;0;44;954.3;48.8;13.0;2.4;24.6;12186;81.1
BER;197810;-;0;58;956.3;43.4;7.7;-0.1;19.7;8712;88.6
BER;197811;-;1;71;960.4;19.2;2.0;-5.5;12.2;4128;90.4
BER;197812;-;1;80;943.0;92.4;1.2;-9.7;11.0;2604;87.0
BER;197901;-;6;74;946.8;144.1;-2.9;-15.8;4.6;3438;87.3
BER;197902;-;1;75;943.7;83.6;1.9;-8.7;11.1;3978;84.9
BER;197903;-;0;76;945.0;121.4;4.6;-2.7;14.5;4188;83.4
BER;197904;-;0;63;947.0;101.8;5.8;-2.4;18.5;8130;78.2
BER;197905;-;0;55;951.8;78.1;11.4;-2.1;27.7;11604;74.8
BER;197906;-;0;61;952.7;162.0;15.6;4.9;25.6;10086;78.1
BER;197907;-;0;50;954.4;48.6;17.1;4.9;31.7;12906;67.9
BER;197908;-;0;60;950.7;128.1;15.5;4.8;28.9;10740;75.7
BER;197909;-;0;48;954.5;67.5;13.4;1.6;25.0;10962;82.8
BER;197910;-;0;74;948.2;85.2;9.9;1.2;21.4;5484;90.4
BER;197911;-;0;65;951.5;122.7;3.0;-4.7;14.9;4074;85.3
BER;197912;-;3;74;949.8;98.5;2.8;-5.5;12.9;3534;80.4
BER;198001;-;6;79;949.3;117.5;-1.8;-11.1;10.0;2844;82.3
BER;198002;-;0;64;954.4;53.4;3.2;-3.3;12.3;5742;79.9
BER;198003;-;0;73;944.7;83.3;4.6;-3.9;12.7;5292;75.4
BER;198004;-;0;64;951.1;41.0;5.8;-2.9;18.0;6996;70.9
BER;198005;-;0;65;946.4;99.0;10.5;1.9;22.1;8328;69.3
BER;198006;-;0;74;949.7;145.0;13.9;4.8;27.9;7098;70.7
BER;198007;-;0;68;950.1;140.8;15.0;4.1;28.8;8208;71.5
BER;198008;-;0;49;952.7;116.5;17.5;5.4;30.3;12858;71.2
BER;198009;-;0;41;955.5;73.9;14.2;4.8;25.3;12966;78.2
BER;198010;-;0;66;948.4;168.8;7.9;-0.3;20.5;6564;83.0
BER;198011;-;0;74;950.3;60.7;2.2;-7.1;16.2;3606;84.1
BER;198012;-;4;69;954.4;48.0;-1.6;-15.1;10.4;4596;84.5
BER;198101;50;8;76;955.6;72.8;-2.4;-13.4;7.9;3858;85.1
BER;198102;88;1;56;952.5;25.7;-1.5;-10.7;8.8;6612;79.6
BER;198103;107;0;73;946.8;150.4;6.6;-4.4;20.6;5460;79.9
BER;198104;176;0;63;949.8;44.6;9.4;-2.2;21.5;9170;68.6
BER;198105;181;0;71;947.5;170.1;11.9;1.9;27.0;7593;73.3
BER;198106;218;0;58;952.6;48.6;15.5;5.3;29.3;9303;69.7
BER;198107;196;0;61;953.1;131.6;16.1;5.6;29.0;9383;73.6
BER;198108;217;0;36;953.8;63.4;17.5;5.8;31.1;14188;69.1
BER;198109;117;0;73;951.7;127.3;13.9;2.6;24.1;5058;81.2
BER;198110;81;0;73;949.1;148.3;8.9;-1.4;21.4;5059;81.1
BER;198111;67;0;45;959.0;49.6;3.6;-6.0;18.2;7659;81.4
BER;198112;33;7;81;938.4;140.7;0.4;-14.8;10.2;2053;86.4
BER;198201;39;1;84;953.0;109.6;1.0;-8.2;10.7;3031;87.7
BER;198202;70;3;66;953.3;19.9;0.7;-10.5;11.5;4584;85.0
BER;198203;112;0;65;951.6;72.0;3.8;-3.5;15.2;6423;76.2
BER;198204;205;0;44;950.9;20.4;7.3;-1.2;18.6;12383;65.5
BER;198205;224;0;50;954.0;101.6;12.4;0.6;24.8;11856;70.5
BER;198206;212;0;63;951.3;171.9;16.2;7.8;26.5;8864;75.3
BER;198207;223;0;48;952.4;117.4;18.8;8.6;30.1;12018;73.4
BER;198208;171;0;61;951.9;200.9;16.3;6.2;29.1;8626;78.6
BER;198209;149;0;46;953.7;59.4;15.2;5.4;26.5;10789;80.9
BER;198210;82;0;73;948.8;142.3;8.6;0.5;18.0;4647;85.2
BER;198211;50;0;68;951.7;57.1;4.8;-2.5;14.8;4137;84.7
BER;198212;32;0;76;950.5;104.9;2.5;-5.6;12.8;2654;84.8
BER;198301;49;0;59;962.6;55.4;1.7;-7.6;13.5;5207;84.4
BER;198302;72;1;69;950.8;40.6;-1.6;-10.5;12.6;3609;80.5
BER;198303;119;0;55;952.1;61.7;5.1;-4.8;17.6;7761;78.3
BER;198304;148;0;71;945.5;85.2;8.2;-0.9;20.9;5497;76.5
BER;198305;157;0;74;946.5;161.1;10.0;2.6;24.1;5519;80.3
BER;198306;221;0;51;953.9;51.9;16.7;5.2;29.0;8953;70.4
BER;198307;272;0;26;952.8;35.4;21.5;8.6;34.9;17658;64.7
BER;198308;195;0;54;952.4;68.9;17.7;7.5;27.9;9605;73.3
BER;198309;154;0;51;953.2;179.7;14.1;4.4;25.4;10300;78.6
BER;198310;99;0;53;957.1;53.1;8.9;-1.2;22.2;8670;84.1
BER;198311;47;0;76;952.4;83.9;2.8;-4.4;14.3;3465;87.5
BER;198312;40;0;60;952.5;54.4;0.3;-7.3;13.2;4450;87.0
BER;198401;42;6;74;949.6;85.6;0.2;-12.1;11.8;2995;80.7
BER;198402;71;2;71;952.4;49.1;-0.3;-8.7;9.1;4012;75.7
BER;198403;143;2;41;947.9;40.8;2.1;-8.3;12.3;10183;69.5
BER;198404;185;0;50;950.8;46.3;7.1;-2.8;22.6;11259;66.8
BER;198405;153;0;79;943.0;110.0;9.5;-0.2;20.1;5252;73.4
BER;198406;242;0;53;952.1;84.5;15.1;5.1;26.5;12884;67.0
BER;198407;258;0;43;954.3;53.2;17.8;5.9;30.9;16154;63.6
BER;198408;186;0;50;952.8;89.6;16.9;9.4;30.4;11415;71.1
BER;198409;129;0;69;948.5;252.3;12.8;5.1;28.4;7781;76.4
BER;198410;91;0;65;953.9;52.9;9.5;0.0;19.1;6804;83.2
BER;198411;51;0;68;946.6;59.6;5.6;-2.8;17.5;4682;85.7
BER;198412;31;0;84;956.4;60.9;0.9;-7.4;7.1;1823;89.3
BER;198501;47;5;79;945.7;99.8;-5.6;-20.7;7.4;3260;85.3
BER;198502;75;14;76;953.1;62.8;-1.1;-16.2;10.4;4345;84.4
BER;198503;110;1;78;948.0;49.4;2.8;-7.5;16.4;5551;77.6
BER;198504;176;0;68;948.1;116.8;8.2;-1.3;21.9;9619;70.0
BER;198505;181;0;74;946.4;140.9;12.1;0.5;26.2;7904;75.5
BER;198506;227;0;63;951.0;137.4;14.3;3.2;28.0;11038;70.7
BER;198507;249;0;48;953.4;56.6;19.1;9.1;32.0;15535;69.3
BER;198508;219;0;43;952.9;87.1;17.1;4.9;31.0;15396;70.2
BER;198509;179;0;31;956.7;35.8;15.1;4.2;26.7;14937;74.2
BER;198510;103;0;53;957.9;12.8;9.3;-1.1;25.5;9573;80.5
BER;198511;40;1;81;948.4;109.5;1.3;-7.7;20.8;2261;84.4
BER;198512;43;0;63;953.2;78.8;1.7;-5.2;11.1;4939;86.0
BER;198601;45;2;78;946.5;103.9;0.4;-11.6;12.0;3404;83.8
BER;198602;66;9;88;943.5;52.3;-4.5;-16.7;5.4;1817;82.5
BER;198603;128;8;64;950.2;65.6;3.5;-7.3;14.9;8637;77.7
BER;198604;108;0;86;944.4;154.7;5.9;-7.3;18.0;3662;81.1
BER;198605;195;0;69;953.1;162.6;14.4;3.6;26.9;9498;75.4
BER;198606;229;0;53;951.8;90.1;15.9;1.5;30.9;13191;71.8
BER;198607;235;0;48;953.4;118.5;17.7;6.1;30.9;14801;68.8
BER;198608;197;0;59;951.7;156.2;16.9;5.9;31.9;12296;76.3
BER;198609;153;0;58;955.0;35.9;13.6;4.1;26.0;10672;80.5
BER;198610;97;0;61;955.2;90.1;10.4;-0.9;23.9;8306;83.8
BER;198611;61;0;59;957.3;41.8;4.2;-4.7;15.0;6521;89.0
BER;198612;38;3;74;955.7;59.7;0.8;-14.3;10.7;3757;88.4
BER;198701;38;8;84;950.8;48.0;-4.1;-21.1;11.8;2519;86.5
BER;198702;52;2;88;948.3;85.7;0.8;-8.1;10.9;2001;88.9
BER;198703;116;2;75;950.7;80.2;1.3;-8.2;14.3;6059;77.0
BER;198704;177;0;50;952.0;69.7;8.9;-2.3;22.1;11056;73.0
BER;198705;179;0;69;950.1;163.8;9.4;0.2;22.7;9413;77.8
BER;198706;190;0;73;951.7;259.1;13.9;5.9;31.6;8636;79.8
BER;198707;203;0;66;951.8;150.6;18.0;5.2;30.2;9607;77.0
BER;198708;193;0;54;952.1;70.1;17.5;8.3;31.8;12099;74.4
BER;198709;160;0;48;954.1;133.1;16.4;1.3;31.6;11764;77.2
BER;198710;72;0;83;950.4;41.7;10.2;2.3;22.5;4047;88.7
BER;198711;43;0;76;951.0;86.3;4.5;-2.4;14.0;3145;88.9
BER;198712;29;1;83;954.8;46.8;1.6;-5.8;13.7;2002;91.0
BER;198801;39;0;80;948.1;67.7;2.8;-4.8;12.3;2806;83.0
BER;198802;79;1;70;949.7;60.5;1.3;-5.8;10.4;5542;76.7
BER;198803;93;2;85;948.8;144.5;3.3;-10.3;17.1;3941;76.3
BER;198804;164;0;68;948.6;48.3;9.0;-1.7;21.7;8641;75.2
BER;198805;194;0;69;947.9;133.0;13.6;2.0;25.7;8754;76.2
BER;198806;228;0;60;949.8;141.2;15.2;6.3;24.5;11613;73.5
BER;198807;242;0;53;952.3;95.7;17.8;9.4;31.4;14700;70.7
BER;198808;197;0;50;951.5;122.1;17.9;7.8;30.1;13336;74.0
BER;198809;142;0;59;954.6;72.9;13.8;3.4;24.9;9478;77.4
BER;198810;72;0;73;953.1;145.2;10.5;-0.7;21.6;4985;85.1
BER;198811;49;2;74;956.0;34.9;2.4;-10.6;13.6;4100;83.2
BER;198812;32;1;81;958.5;69.7;2.1;-6.2;12.6;3034;84.2
BER;198901;54;0;69;965.1;11.3;-0.1;-6.1;9.6;5911;85.4
BER;198902;76;0;65;954.9;29.3;2.5;-7.2;16.3;6406;79.8
BER;198903;134;0;53;952.0;58.2;7.5;-2.2;22.0;10848;68.9
BER;198904;118;0;84;943.7;144.4;7.0;-0.6;18.1;4778;78.7
BER;198905;245;0;41;953.6;56.9;14.0;0.1;26.5;15930;65.2
BER;198906;252;0;49;952.1;48.1;15.4;4.7;28.4;14657;63.8
BER;198907;222;0;53;954.5;103.0;18.3;7.8;30.3;12374;72.6
BER;198908;205;0;48;951.8;104.8;17.3;4.1;31.4;14159;75.5
BER;198909;134;0;59;954.0;20.3;13.6;3.6;26.2;8766;80.2
BER;198910;105;0;44;956.0;89.2;9.6;0.5;21.1;10579;80.2
BER;198911;55;0;64;951.4;34.7;2.4;-6.5;17.3;5663;84.1
BER;198912;33;0;78;950.4;61.3;1.2;-7.2;15.3;2591;82.6
BER;199001;51;0;63;958.0;34.3;-0.5;-8.7;12.5;5759;83.7
BER;199002;78;0;56;952.7;109.0;5.6;-2.9;17.7;6948;75.8
BER;199003;127;0;50;961.4;36.9;6.7;-4.3;23.0;9797;71.9
BER;199004;138;0;73;948.5;110.0;6.9;-0.8;19.6;6331;74.1
BER;199005;242;0;50;953.1;114.8;14.3;3.2;24.4;14710;70.8
BER;199006;198;0;68;950.8;276.3;14.9;6.0;28.7;9812;77.5
BER;199007;254;0;40;954.2;70.4;18.3;5.8;32.2;16529;67.1
BER;199008;214;0;44;955.0;71.8;18.5;6.8;32.4;15883;68.3
BER;199009;155;0;58;953.3;121.7;13.4;3.6;23.3;10970;75.5
BER;199010;89;0;69;949.2;131.9;10.8;1.4;21.9;7083;84.4
BER;199011;44;1;83;949.4;150.6;4.0;-4.3;14.4;3029;85.1
BER;199012;39;8;76;951.7;43.1;-0.6;-9.7;11.3;3649;82.3
BER;199101;33;0;86;957.9;52.0;0.4;-7.8;13.2;2378;85.5
BER;199102;91;4;60;950.6;30.8;-1.6;-14.3;15.0;6565;82.8
BER;199103;102;0;73;948.0;71.6;6.7;-2.6;16.4;5586;81.8
BER;199104;181;0;58;950.0;33.9;7.2;-2.5;19.2;10689;68.3
BER;199105;205;0;61;952.6;85.5;9.6;0.8;25.8;11799;70.9
BER;199106;209;0;69;951.1;172.3;14.7;5.6;27.5;9930;72.9
BER;199107;250;0;44;952.4;72.1;19.3;8.1;30.6;15858;72.7
BER;199108;227;0;33;954.6;10.5;19.3;7.5;31.4;17222;68.3
BER;199109;154;0;50;952.4;94.3;16.0;5.9;27.4;11399;76.3
BER;199110;91;0;66;951.9;57.2;8.0;-3.3;19.6;7259;83.9
BER;199111;44;0;76;950.3;134.7;3.6;-2.3;16.2;3531;83.9
BER;199112;36;0;69;962.0;53.0;-1.0;-10.4;10.6;3619;83.2
BER;199201;50;2;61;961.9;17.7;-2.2;-14.1;7.2;4948;83.2
BER;199202;83;1;55;959.6;62.9;1.0;-10.5;13.3;6384;80.3
BER;199203;109;0;68;951.4;72.7;5.7;-1.1;16.2;6425;73.3
BER;199204;171;0;60;948.2;98.3;8.3;-0.6;24.7;9770;68.8
BER;199205;222;0;49;952.8;64.3;14.2;1.4;27.7;13307;69.7
BER;199206;193;0;68;948.8;76.1;15.2;6.1;26.6;8278;76.4
BER;199207;217;0;56;953.5;118.8;18.4;10.6;31.9;12329;76.0
BER;199208;209;0;46;952.2;90.8;20.4;10.1;32.9;14095;67.4
BER;199209;143;0;56;955.0;69.6;14.1;3.7;24.2;9952;80.1
BER;199210;55;0;89;944.6;163.1;7.8;-2.8;17.6;2440;83.8
BER;199211;35;0;84;953.9;141.9;6.1;-3.2;16.6;2103;87.7
BER;199212;29;0;81;953.3;66.1;0.6;-5.2;13.5;2597;88.0
BER;199301;47;0;66;960.7;19.1;2.4;-10.5;15.4;4441;81.4
BER;199302;78;1;74;960.2;7.5;-0.8;-12.2;9.8;5407;82.4
BER;199303;140;1;48;954.7;24.2;4.0;-8.0;19.8;10670;70.1
BER;199304;167;0;68;946.8;75.6;9.7;-1.6;22.9;8796;72.3
BER;199305;205;0;66;949.1;119.2;13.9;4.2;27.7;10254;75.0
BER;199306;226;0;58;952.3;140.9;16.5;7.3;29.2;12108;74.7
BER;199307;223;0;59;953.8;157.5;17.1;6.9;32.1;12557;72.3
BER;199308;206;0;45;954.0;119.5;17.8;5.5;31.5;14356;73.3
BER;199309;124;0;68;948.6;131.6;12.9;3.7;24.7;7154;81.6
BER;199310;56;0;89;949.0;95.4;7.7;1.5;17.6;2396;87.7
BER;199311;39;1;88;952.9;26.6;1.9;-8.3;15.7;2113;85.3
BER;199312;34;0;81;949.0;123.7;3.6;-8.1;15.8;2181;79.6
BER;199401;44;0;75;951.1;84.5;2.4;-9.4;12.8;3914;81.3
BER;199402;68;0;74;948.3;30.2;2.3;-6.0;12.9;3414;79.6
BER;199403;123;0;66;955.4;59.3;8.9;-0.8;20.7;7764;70.0
BER;199404;131;0;74;947.0;117.5;6.7;-2.1;24.1;6836;77.5
BER;199405;175;0;71;948.6;178.4;13.2;4.3;22.7;8067;77.4
BER;199406;235;0;56;954.6;81.2;16.5;3.6;29.2;13140;71.9
BER;199407;237;0;46;953.1;37.9;21.0;11.2;32.2;14727;69.4
BER;199408;202;0;53;951.8;107.5;19.5;10.3;33.4;12910;71.9
BER;199409;107;0;76;950.7;154.2;13.5;2.6;25.3;4846;83.1
BER;199410;95;0;56;951.8;94.8;9.4;-1.5;21.1;8057;82.7
BER;199411;40;0;89;955.4;39.7;7.2;-0.6;14.6;1839;88.9
BER;199412;29;0;85;956.4;102.1;3.0;-3.4;14.3;2157;85.5
BER;199501;48;2;70;952.3;149.3;-0.4;-14.4;13.0;4832;81.1
BER;199502;69;0;75;951.2;117.9;4.4;-3.7;13.9;4498;81.1
BER;199503;137;0;60;949.9;92.3;3.5;-7.4;17.5;9480;69.4
BER;199504;165;0;63;950.2;56.0;8.7;-0.3;21.4;9688;72.1
BER;199505;206;0;61;950.1;188.7;12.5;-0.7;25.3;11793;72.0
BER;199506;223;0;60;951.2;78.9;14.8;5.4;28.9;10914;72.0
BER;199507;246;0;48;951.5;62.5;20.5;11.2;33.4;15015;69.6
BER;199508;188;0;61;951.9;146.8;17.6;4.8;31.1;11004;75.1
BER;199509;134;0;69;949.2;136.5;11.8;0.7;21.8;7497;79.5
BER;199510;103;0;56;957.0;10.8;12.0;2.8;22.4;8986;86.0
BER;199511;56;0;65;952.2;57.4;3.7;-5.7;16.7;5390;82.9
BER;199512;28;3;85;948.3;124.9;-0.1;-12.1;13.1;1688;87.3
BER;199601;30;1;91;947.0;20.4;0.1;-5.5;9.9;1060;90.8
BER;199602;69;1;80;946.3;45.0;-0.5;-8.4;11.5;3992;78.2
BER;199603;139;0;55;948.2;34.4;3.2;-7.6;19.1;9913;68.9
BER;199604;174;0;59;949.5;50.6;9.0;-1.8;23.0;10033;69.9
BER;199605;193;0;66;947.8;127.1;12.3;3.3;28.0;10063;74.9
BER;199606;237;0;48;954.5;104.5;16.9;5.2;29.5;13678;68.6
BER;199607;229;0;49;953.1;135.5;17.1;7.1;27.9;14573;70.5
BER;199608;182;0;59;951.5;184.6;16.7;7.2;30.6;10787;77.8
BER;199609;131;0;64;949.7;47.6;10.9;2.8;21.9;8729;78.0
BER;199610;74;0;73;953.1;102.2;9.3;-0.4;19.4;5489;83.3
BER;199611;46;2;75;947.4;146.7;4.3;-7.8;17.3;3523;82.8
BER;199612;29;1;84;946.2;53.1;-0.1;-11.2;9.8;2105;88.0
BER;199701;34;4;85;953.9;55.4;-1.3;-9.7;7.3;2144;88.0
BER;199702;78;0;59;957.7;64.6;4.0;-4.1;15.1;6417;75.0
BER;199703;138;0;48;957.9;24.8;7.2;-1.8;19.9;10781;71.1
BER;199704;210;0;40;952.5;67.7;7.8;-2.9;20.3;15263;58.9
BER;199705;234;0;48;950.1;55.6;13.5;3.3;26.3;13630;66.9
BER;199706;195;0;71;946.8;134.8;15.9;6.5;28.2;7896;73.7
BER;199707;213;0;60;953.2;146.5;16.8;8.6;27.6;12474;75.5
BER;199708;208;0;44;952.6;95.3;19.4;9.1;29.6;14304;74.3
BER;199709;163;0;45;955.8;73.5;15.0;4.2;27.6;12545;80.4
BER;199710;94;0;56;951.9;69.7;9.0;-5.2;23.8;7723;80.0
BER;199711;50;0;68;944.7;44.0;4.4;-3.6;14.1;4493;84.9
BER;199712;31;1;79;948.4;109.5;2.3;-5.6;12.9;2196;82.9
BER;199801;44;2;70;952.7;62.6;1.6;-6.3;12.8;4325;79.0
BER;199802;97;1;41;959.5;29.7;3.0;-8.5;16.6;9201;75.4
BER;199803;123;0;62;956.3;42.1;5.5;-6.0;20.4;7809;67.3
BER;199804;152;0;72;941.6;109.8;8.2;-1.1;21.4;6908;73.0
BER;199805;242;0;44;949.8;33.7;14.5;1.9;28.9;15796;62.8
BER;199806;232;0;58;952.6;67.7;17.1;3.4;30.1;12092;68.2
BER;199807;227;0;54;950.7;94.1;19.1;9.3;32.8;12851;65.7
BER;199808;202;0;45;953.3;66.3;18.8;5.3;34.2;14354;66.4
BER;199809;124;0;70;948.5;105.9;13.8;5.1;26.4;6564;77.6
BER;199810;76;0;75;951.1;124.1;10.1;1.5;19.7;4815;78.3
BER;199811;51;1;66;952.4;126.7;2.1;-9.2;12.8;4118;80.3
BER;199812;42;3;68;956.0;21.6;-0.3;-10.7;10.9;3969;83.2
BER;199901;55;1;55;951.8;43.6;1.1;-7.6;13.3;5717;78.3
BER;199902;65;9;79;951.5;116.9;-0.3;-14.6;9.0;3286;80.9
BER;199903;121;0;59;947.3;54.2;5.9;-2.5;18.5;8345;72.9
BER;199904;150;0;71;949.2;159.0;8.7;0.3;21.1;7400;74.5
BER;199905;184;0;67;950.4;185.6;15.5;7.9;27.7;9714;74.4
BER;199906;226;0;58;953.3;144.4;15.6;5.5;28.3;11806;70.8
BER;199907;234;0;48;951.7;67.0;19.2;8.7;30.7;14202;69.6
BER;199908;185;0;61;950.1;160.2;18.4;10.4;29.7;10746;75.6
BER;199909;152;0;54;949.2;161.8;16.6;8.9;27.4;11016;77.0
BER;199910;77;0;69;952.3;56.0;9.7;1.1;19.1;5171;83.0
BER;199911;44;2;81;954.9;69.8;2.3;-10.9;16.9;2699;83.0
BER;199912;38;2;73;949.7;99.2;1.7;-11.4;12.6;3125;79.3
BER;200001;49;1;69;958.7;11.4;-0.2;-13.4;11.3;4243;81.0
BER;200002;74;0;62;957.6;106.3;3.9;-3.9;15.9;5456;77.0
BER;200003;123;0;60;954.4;44.0;6.2;-2.8;18.1;8426;68.7
BER;200004;164;0;62;943.2;52.0;9.5;-0.9;24.6;9464;69.7
BER;200005;211;0;56;951.1;95.3;15.0;4.9;26.9;11919;69.2
BER;200006;254;0;47;954.9;126.1;17.9;7.5;29.5;14946;68.4
BER;200007;207;0;64;949.9;182.2;16.3;5.9;29.8;10977;73.5
BER;200008;206;0;46;953.6;82.3;19.0;10.5;30.8;14917;72.3
BER;200009;168;0;45;950.9;64.7;15.1;6.3;26.8;13323;76.4
BER;200010;79;0;77;950.7;67.3;10.4;1.0;18.5;5087;82.4
BER;200011;51;0;71;944.8;114.5;5.4;-2.6;13.1;4272;82.8
BER;200012;35;0;76;947.9;37.6;3.6;-5.9;12.9;2904;82.7
BER;200101;40;0;79;947.9;125.5;1.5;-5.9;9.2;3230;83.3
BER;200102;78;0;67;952.2;38.9;3.1;-7.4;13.3;5174;72.3
BER;200103;86;1;87;942.5;247.9;7.4;-4.0;17.9;3403;78.9
BER;200104;138;0;79;948.6;125.8;7.0;-0.6;18.3;5569;74.1
BER;200105;215;0;56;950.3;76.7;15.3;4.0;29.7;12298;70.1
BER;200106;241;0;50;952.8;141.1;15.7;3.5;30.2;14249;69.8
BER;200107;240;0;45;951.3;127.0;18.9;10.1;30.0;15377;69.8
BER;200108;213;0;42;952.9;96.2;19.4;8.6;30.7;14875;72.0
BER;200109;123;0;74;950.5;146.9;12.0;3.5;22.4;6688;78.9
BER;200110;111;0;48;954.6;73.8;13.1;4.5;24.2;10611;82.0
BER;200111;42;0;81;955.6;56.7;3.1;-2.7;11.4;2762;81.5
BER;200112;41;0;72;955.6;21.3;0.0;-13.3;11.5;3779;76.5
BER;200201;55;0;60;959.8;27.0;-0.3;-10.4;13.8;4837;81.1
BER;200202;67;0;74;951.8;84.6;5.3;-5.2;13.9;3958;73.8
BER;200203;146;0;50;952.2;66.5;6.8;-3.3;18.0;11199;68.6
BER;200204;186;0;53;948.3;45.4;8.9;-0.6;20.7;11506;64.4
BER;200205;184;0;67;949.4;167.5;12.6;1.4;27.0;9692;73.1
BER;200206;251;0;47;951.7;85.5;18.7;5.4;32.6;15151;69.3
BER;200207;223;0;52;950.9;164.1;17.9;7.5;29.7;12549;72.8
BER;200208;186;0;58;950.7;168.0;16.9;8.8;27.8;10988;79.8
BER;200209;131;0;64;952.3;126.0;12.5;1.6;23.2;7599;83.9
BER;200210;94;0;68;949.8;125.7;9.6;-0.2;21.4;7437;82.6
BER;200211;38;0;82;945.7;183.2;5.7;-1.2;14.9;1760;90.7
BER;200212;21;0;92;949.9;72.7;3.4;-2.7;11.7;379;90.1
BER;200301;37;0;86;950.2;42.9;-0.3;-12.7;14.7;2131;82.6
BER;200302;80;1;62;953.0;18.8;-1.6;-15.0;12.8;5628;75.4
BER;200303;161;0;34;956.2;45.6;6.8;-2.9;19.6;14036;65.3
BER;200304;185;0;50;949.5;64.5;9.0;-5.3;22.4;12516;65.8
BER;200305;205;0;72;952.9;77.3;14.2;1.2;26.9;11144;73.2
BER;200306;288;0;44;951.7;54.6;21.7;10.9;32.7;18297;64.5
BER;200307;249;0;51;952.3;91.3;19.7;9.7;34.3;16232;66.5
BER;200308;231;0;39;953.1;77.0;21.9;9.1;37.0;17625;62.3
BER;200309;169;0;42;955.3;48.9;14.2;4.4;26.5;12977;75.1
BER;200310;76;0;79;947.9;125.6;6.7;-3.8;21.4;5172;83.9
BER;200311;56;0;62;951.4;63.0;4.7;-2.4;13.8;5328;87.4
BER;200312;42;0;58;952.8;28.3;0.7;-9.7;11.3;4900;82.5
BER;200401;38;3;84;946.6;141.9;0.9;-10.0;12.4;1946;81.9
BER;200402;84;1;63;953.4;42.9;1.4;-9.6;12.8;6866;75.6
BER;200403;125;0;62;954.0;51.3;4.0;-6.4;21.0;7607;73.3
BER;200404;172;0;67;947.1;42.7;9.0;0.3;22.1;8936;68.0
BER;200405;224;0;60;949.1;95.6;12.0;2.6;27.0;12953;67.3
BER;200406;221;0;65;953.3;110.5;16.4;7.5;29.6;11172;70.5
BER;200407;233;0;61;952.5;136.6;17.8;7.4;29.7;13649;72.2
BER;200408;189;0;63;950.2;126.3;17.9;8.7;30.3;10826;76.9
BER;200409;157;0;52;955.5;46.6;14.7;4.4;27.1;11247;78.3
BER;200410;78;0;74;947.9;152.5;11.0;2.8;24.0;5389;86.3
BER;200411;47;0;71;954.5;15.0;3.8;-5.3;12.7;3672;82.7
BER;200412;34;1;86;953.4;49.6;0.3;-7.5;9.4;2959;86.3
BER;200501;57;4;64;957.5;42.6;-0.8;-13.9;11.5;6050;81.2
BER;200502;87;9;67;950.8;31.8;-2.0;-12.9;10.5;5570;77.3
BER;200503;147;4;54;950.7;35.6;4.8;-15.6;21.3;10501;72.5
BER;200504;153;0;71;948.7;133.2;8.8;-0.2;25.5;8000;73.0
BER;200505;216;0;63;951.9;83.3;13.5;2.2;28.8;12489;71.0
BER;200506;274;0;53;953.3;43.5;18.3;4.1;33.5;16701;64.7
BER;200507;229;0;62;951.6;59.4;18.6;8.3;33.5;13228;68.8
BER;200508;184;0;60;952.4;141.0;16.5;6.7;28.8;11531;74.3
BER;200509;145;0;61;953.1;129.6;15.3;3.7;27.7;9826;79.3
BER;200510;98;0;56;953.9;79.2;10.5;4.7;19.9;9461;85.2
BER;200511;62;1;61;951.6;21.8;3.5;-9.8;18.2;6684;80.8
BER;200512;34;1;77;951.5;58.4;-1.1;-14.5;6.8;2953;83.6
BER;200601;48;2;69;955.6;18.4;-2.6;-12.5;6.7;4689;86.9
BER;200602;60;1;83;947.9;35.8;0.0;-8.5;10.5;3485;82.0
BER;200603;112;3;78;945.7;157.8;3.3;-9.2;20.8;6273;78.4
BER;200604;155;0;73;949.3;208.8;8.4;-1.9;21.4;8839;76.8
BER;200605;179;0;78;951.9;181.1;13.1;1.3;23.9;8415;74.2
BER;200606;271;0;46;954.5;40.7;17.8;2.6;30.2;16502;67.0
BER;200607;262;0;45;954.0;46.2;22.1;12.5;33.7;18253;66.7
BER;200608;165;0;75;950.5;181.8;14.8;7.3;24.1;8224;80.1
BER;200609;149;0;66;952.5;139.9;16.4;6.8;27.3;10162;84.1
BER;200610;103;0;68;952.1;79.5;12.0;3.3;21.0;9033;86.7
BER;200611;64;0;57;955.8;46.5;5.8;-5.0;15.8;7448;85.9
BER;200612;42;0;68;960.3;79.1;1.4;-6.8;13.9;5191;87.0
BER;200701;48;1;71;957.3;48.9;3.7;-11.4;13.7;4367;82.4
BER;200702;77;0;65;948.8;112.2;4.0;-5.2;12.7;6625;83.1
BER;200703;139;1;59;951.1;110.2;4.9;-3.0;16.4;9691;79.4
BER;200704;242;0;36;953.6;22.0;12.6;-2.0;25.8;18233;65.4
BER;200705;215;0;70;948.8;173.9;13.9;1.5;26.6;11538;74.9
BER;200706;234;0;76;950.2;183.2;16.9;7.5;28.4;12078;76.8
BER;200707;238;0;62;952.5;209.3;17.3;6.1;30.6;14016;75.4
BER;200708;193;0;65;951.8;207.6;16.9;8.0;29.6;11986;79.4
BER;200709;175;0;58;955.5;71.5;12.7;2.7;24.1;12618;79.1
BER;200710;99;0;65;957.0;30.5;8.6;-2.5;22.7;8478;84.6
BER;200711;51;1;67;954.8;27.5;2.3;-9.2;11.0;4371;84.6
BER;200712;32;0;83;958.3;93.8;0.0;-8.0;10.0;2441;86.7
BER;200801;52;0;59;955.9;61.7;1.9;-6.2;11.5;5802;84.4
BER;200802;100;0;37;960.8;35.7;2.6;-7.8;15.7;10109;80.6
BER;200803;124;1;73;945.4;61.7;4.2;-8.0;17.2;6382;72.4
BER;200804;153;0;78;946.9;123.8;7.5;-2.8;20.7;7084;76.8
BER;200805;231;0;61;949.3;47.5;14.3;4.0;29.5;12973;72.5
BER;200806;236;0;70;952.6;63.5;17.1;6.6;31.3;12338;75.4
BER;200807;256;0;60;952.8;119.1;18.1;7.6;29.6;15787;71.9
BER;200808;211;0;61;952.2;92.2;17.5;6.3;27.9;13804;76.2
BER;200809;145;0;67;953.2;107.3;12.1;0.8;24.2;9521;82.3
BER;200810;93;0;73;954.1;117.8;9.6;-1.0;21.0;6725;85.5
BER;200811;56;1;71;950.6;36.6;3.8;-8.6;14.0;4597;87.4
BER;200812;34;10;73;952.5;78.1;-0.4;-9.9;7.0;2743;87.1
BER;200901;46;9;81;949.1;40.1;-2.9;-12.8;6.8;3818;87.8
BER;200902;85;8;75;949.3;50.9;-0.4;-11.1;11.4;5282;83.0
BER;200903;122;1;70;950.7;94.8;4.1;-5.7;14.2;7128;74.8
BER;200904;201;0;58;948.7;19.1;10.7;1.2;22.4;12460;69.8
BER;200905;238;0;59;954.6;73.3;15.2;1.4;31.4;14063;71.0
BER;200906;266;0;64;952.1;89.8;16.5;6.5;29.4;14840;71.4
BER;200907;241;0;62;953.1;157.9;18.6;9.5;29.7;13665;72.7
BER;200908;237;0;42;954.4;67.7;19.6;6.3;33.2;16941;72.4
BER;200909;158;0;56;955.3;55.4;15.2;5.2;29.1;10781;79.4
BER;200910;106;0;66;953.6;45.3;9.2;-3.3;24.9;8545;80.9
BER;200911;50;0;76;948.2;130.1;6.7;-2.5;14.5;3474;84.8
BER;200912;33;1;82;944.1;134.8;0.7;-12.9;8.5;2372;85.2
BER;201001;44;5;81;948.0;31.0;-2.0;-11.3;6.6;2749;85.0
BER;201002;81;8;79;941.1;53.7;0.1;-14.9;12.9;3674;78.9
BER;201003;133;0;69;951.8;47.3;4.1;-9.2;18.5;8469;70.7
BER;201004;217;0;53;952.9;13.4;9.7;-2.3;25.0;13237;66.2
BER;201005;179;0;82;949.3;138.4;11.8;2.6;26.6;7178;76.2
BER;201006;234;0;64;950.7;82.6;16.6;4.3;29.9;12230;74.9
BER;201007;259;0;52;954.1;54.1;20.3;8.1;32.9;15997;68.8
BER;201008;193;0;67;952.6;224.4;17.4;8.0;29.9;10544;75.4
BER;201009;173;0;56;952.1;32.7;13.3;3.1;23.7;12258;76.8
BER;201010;88;0;70;949.9;51.2;8.6;-2.1;21.6;6076;82.8
BER;201011;53;2;78;943.7;82.5;4.8;-13.9;17.5;3989;83.9
BER;201012;41;11;82;947.0;103.8;-1.5;-16.3;9.4;3114;84.5
BER;201101;48;1;72;953.9;34.3;0.8;-10.4;12.0;4316;82.7
BER;201102;83;0;62;953.2;30.0;2.3;-8.5;13.5;7180;79.8
BER;201103;142;0;52;954.9;19.5;6.0;-4.4;18.7;11541;73.0
BER;201104;236;0;38;953.2;17.0;11.9;-1.1;24.0;17268;62.8
BER;201105;263;0;53;954.4;72.6;15.1;0.9;28.3;17359;64.9
BER;201106;226;0;70;953.4;111.0;16.8;6.4;31.5;10846;72.8
BER;201107;243;0;66;950.3;128.4;16.7;6.5;30.0;13479;70.4
BER;201108;242;0;47;952.6;67.0;19.4;6.8;32.9;16549;70.0
BER;201109;177;0;48;954.8;90.2;16.4;5.8;28.0;13693;77.3
BER;201110;113;0;50;956.8;63.0;8.9;-3.2;23.2;10122;86.7
BER;201111;61;0;61;956.1;3.9;4.1;-4.4;16.3;6206;91.9
BER;201112;33;2;84;954.0;152.5;3.1;-8.5;11.6;2321;86.3
BER;201201;41;0;-;957.8;92.5;2.0;-8.6;10.1;3802;84.3
BER;201202;100;5;-;959.1;9.6;-4.3;-18.5;13.7;7749;76.6
BER;201203;178;0;-;960.3;22.1;6.9;-4.3;20.1;15696;69.4
BER;201204;156;0;-;942.2;103.1;8.2;-3.4;28.2;7037;75.9
BER;201205;250;0;-;951.7;81.5;13.7;-1.3;27.8;14439;71.3
BER;201206;249;0;-;951.6;136.6;17.4;5.9;30.1;12600;75.0
BER;201207;249;0;-;953.1;74.4;17.9;8.6;32.4;14284;72.0
BER;201208;233;0;-;954.1;110.3;19.2;8.3;33.5;15932;73.6
BER;201209;142;0;-;952.9;115.5;13.7;3.7;25.9;9085;83.1
BER;201210;94;1;-;949.5;91.5;9.5;-3.8;22.4;7379;87.0
BER;201211;50;0;-;949.7;141.3;5.0;-2.2;15.9;3367;89.4
BER;201212;40;8;-;950.8;149.3;1.1;-15.7;12.0;3497;85.9
BER;201301;47;2;-;950.2;47.7;0.0;-10.4;10.9;3864;86.1
BER;201302;82;6;-;948.8;57.7;-1.6;-12.4;9.0;3696;81.2
BER;201303;106;1;-;942.2;68.8;2.2;-9.2;12.8;5119;80.7
BER;201304;158;0;-;950.0;116.1;8.6;-1.3;23.1;7746;76.2
BER;201305;183;0;-;948.2;126.5;10.6;1.5;21.9;7100;78.0
BER;201306;260;0;-;954.1;93.0;16.0;4.0;32.1;13386;72.0
BER;201307;282;0;-;955.2;107.3;20.3;8.3;34.1;18256;69.8
BER;201308;240;0;-;954.5;57.1;18.5;8.5;31.5;16719;72.6
BER;201309;161;0;-;953.1;84.1;14.7;5.8;28.2;10205;79.6
BER;201310;89;0;-;953.4;163.0;11.2;1.0;22.0;5736;86.3
BER;201311;48;1;-;951.5;124.0;4.0;-7.4;17.9;3431;84.3
BER;201312;54;0;-;958.3;67.7;-0.3;-8.5;10.8;7286;88.9
BER;201401;45;0;-;946.6;61.9;2.0;-5.2;11.1;3341;87.8
BER;201402;79;0;-;946.3;86.5;3.0;-5.2;11.4;4996;84.5
BER;201403;160;0;-;952.1;42.5;6.2;-3.4;19.7;12787;74.4
BER;201404;188;0;-;950.1;88.3;10.2;-1.6;20.7;10997;72.1
BER;201405;223;0;-;952.1;125.0;12.0;0.0;25.9;11281;74.0
BER;201406;293;0;-;952.8;66.5;17.5;5.3;31.3;17517;67.4
BER;201407;205;0;-;951.5;252.4;17.4;7.1;30.1;10018;80.1
BER;201408;198;0;-;951.9;81.3;16.4;7.1;26.5;9943;77.5
BER;201409;176;0;-;953.9;17.4;14.9;4.1;25.9;12598;80.4
BER;201410;106;0;-;954.0;80.3;12.1;0.0;21.6;8811;85.8
BER;201411;49;0;-;947.8;96.6;6.0;-0.5;15.7;3755;92.9
BER;201412;35;2;-;955.8;35.1;2.4;-13.4;13.0;3319;85.7
BER;201501;47;4;-;954.0;77.3;1.1;-11.9;15.9;3884;85.1
BER;201502;79;5;-;951.0;24.6;-0.5;-10.9;10.0;5267;81.5
BER;201503;139;0;-;955.0;68.6;5.9;-3.7;17.1;10596;72.7
BER;201504;212;0;-;955.6;80.4;9.4;-3.3;22.2;13686;66.6
BER;201505;228;0;-;952.9;136.4;13.7;3.7;28.9;12365;71.3
BER;201506;279;0;-;955.0;75.2;17.9;6.7;30.3;15700;70.1
BER;201507;284;0;-;953.4;40.5;22.0;9.1;36.8;18547;59.8
BER;201508;217;0;-;953.0;77.7;19.6;8.0;34.9;14466;73.0
BER;201509;160;0;-;953.4;61.2;12.7;2.2;23.9;10650;77.3
BER;201510;92;0;-;953.2;42.2;8.5;-0.9;18.3;6223;86.7
BER;201511;68;0;-;957.7;65.5;6.6;-5.5;20.4;6943;83.9
BER;201512;49;0;-;964.4;18.2;2.4;-5.2;10.9;6291;92.3
BER;201601;49;2;-;951.2;138.6;2.3;-14.2;11.1;3632;85.2
BER;201602;56;0;-;948.8;72.4;3.5;-3.6;16.4;2668;83.0
BER;201603;131;0;-;948.9;31.1;4.3;-4.7;19.1;8176;75.7
BER;201604;168;0;-;948.7;121.0;8.5;-1.6;20.4;8260;77.8
BER;201605;217;0;-;949.8;159.4;12.4;0.4;25.4;11660;73.9
BER;201606;220;0;-;951.8;147.7;16.4;7.5;32.0;9612;79.2
BER;201607;260;0;-;955.1;108.8;19.4;6.6;32.2;16175;72.2
BER;201608;235;0;-;956.5;51.6;18.8;6.9;31.5;16180;73.0
BER;201609;175;0;-;955.4;45.0;16.1;4.6;27.3;13389;79.6
BER;201610;95;0;-;955.6;86.6;7.9;-2.2;18.0;6957;86.2
BER;201611;49;0;-;951.4;93.0;4.2;-5.8;13.8;3112;88.0
BER;201612;49;0;-;964.5;0.8;-0.8;-6.3;10.6;5765;92.7
BER;201701;48;6;-;957.1;43.4;-3.5;-15.5;7.1;2922;85.7
BER;201702;88;1;-;953.1;62.9;3.4;-4.9;18.5;6571;83.0
BER;201703;151;0;-;953.2;48.0;7.7;-2.2;20.0;10934;76.7
BER;201704;215;0;-;954.6;73.9;8.6;-4.1;22.9;13947;68.1
BER;201705;249;0;-;953.1;77.7;14.1;0.0;29.4;14180;71.4
BER;201706;289;0;-;952.5;91.4;19.5;4.9;32.0;16750;69.2
BER;201707;254;0;-;953.3;61.0;19.3;9.6;31.6;13508;71.3
BER;201708;221;0;-;954.7;99.5;19.1;7.5;33.0;14274;75.6
BER;201709;153;0;-;953.1;55.4;12.5;1.5;24.8;9226;80.4
BER;201710;120;0;-;958.4;35.5;10.3;-1.8;22.5;11522;80.4
BER;201711;51;0;-;953.3;67.0;4.0;-4.1;15.4;3697;85.1
BER;201712;35;1;-;953.2;138.4;0.7;-8.6;11.7;2847;87.4
BER;201801;40;0;-;952.0;142.7;4.2;-3.0;12.7;2805;86.0
BER;201802;63;0;-;948.8;37.1;-1.2;-14.6;7.4;3088;79.4
BER;201803;112;1;-;940.3;94.3;3.2;-10.7;12.8;4862;82.1
BER;201804;227;0;-;949.3;20.6;12.1;-1.6;25.5;14735;66.4
BER;201805;224;0;-;950.8;132.3;14.6;5.7;25.2;11471;78.1
BER;201806;291;0;-;952.8;70.3;18.0;6.3;29.4;16740;72.8
BER;201807;282;0;-;952.6;88.6;20.4;8.8;33.3;18335;68.1
BER;201808;232;0;-;954.2;94.3;20.2;7.5;33.1;16008;69.5
BER;201809;188;0;-;957.2;39.1;16.0;1.9;29.2;14262;73.2
BER;201810;114;0;-;953.1;40.3;10.2;-0.9;22.3;10531;82.5
BER;201811;48;0;-;951.8;23.9;5.0;-3.0;15.3;3020;91.8
BER;201812;34;0;-;957.3;123.6;3.2;-5.5;12.9;2269;89.0